             PESQUISA FILTRO-A1,,,,,,,,,,,,,,,,,
,,,,,,,,,,,,,,,,,
Mês,RECIBO,Dt. Lançamento,Dt. Vec.,TIPO DOC.,Nº DOC.,ENTRADAS / SAÍDAS,FORNECEDORES,CÓD. DIZIMISTA,NOME DIZIMISTA,FUNÇÃO,OBS.,Valor,Conta,Pago?,TIPO LANÇ.,HISTÓRICO,SITUAÇÃO
11,,,,,,,,,,,,,,,,,
*,*,*,*,*,*,*,*,*,*,*,*,*,*,*,*,*,*
1,,2-jan.-23,2-jan.-23,,,SALDO MÊS ANTERIOR,TEMPLO CENTRAL,,,,SALDO DO ANO ANTERIOR," R$ 15.249,08 ",CAIXA IGREJA,SIM,RECEITA,SALDO DO ANO ANTERIORSALDO MÊS ANTERIOR- TEMPLO CENTRAL - RECIBO -,VENCIDO
1,02105,2-jan.-23,2-jan.-23,,,ENTRADA DÍZIMO OBREIRO,MONTE DAS OLIVEIRAS,00188,GLEISSON GOMES,DC.,DEP. BANCARIO," R$ 420,00 ",CAIXA IGREJA,SIM,RECEITA,DEP. BANCARIOENTRADA DÍZIMO OBREIRO-GLEISSON GOMES MONTE DAS OLIVEIRAS - RECIBO -2105,VENCIDO
1,02106,2-jan.-23,2-jan.-23,,,ENTRADA DÍZIMO OBREIRO,LUZ E VIDA,00362,WELLINGTON SENA,DC.,DEP. BANCARIO," R$ 197,00 ",CAIXA IGREJA,SIM,RECEITA,DEP. BANCARIOENTRADA DÍZIMO OBREIRO-WELLINGTON SENA LUZ E VIDA - RECIBO -2106,VENCIDO
1,,2-jan.-23,2-jan.-23,,,SALDO MÊS ANTERIOR,TEMPLO CENTRAL,,,,SALDO DO ANO ANTERIOR," R$ 15.249,08 ",CAIXA IGREJA,SIM,RECEITA,SALDO DO ANO ANTERIORSALDO MÊS ANTERIOR- TEMPLO CENTRAL - RECIBO -,VENCIDO
1,02105,2-jan.-23,2-jan.-23,,,ENTRADA DÍZIMO OBREIRO,MONTE DAS OLIVEIRAS,00188,GLEISSON GOMES,DC.,DEP. BANCARIO," R$ 420,00 ",CAIXA IGREJA,SIM,RECEITA,DEP. BANCARIOENTRADA DÍZIMO OBREIRO-GLEISSON GOMES MONTE DAS OLIVEIRAS - RECIBO -2105,VENCIDO
1,02109,2-jan.-23,2-jan.-23,,,ENTRADA DÍZIMO OBREIRO,MONTE MORIÁ,00046,GILSON CARLOS P. SENADO,DC.,DEP. BANCARIO," R$ 596,00 ",CAIXA IGREJA,SIM,RECEITA,DEP. BANCARIOENTRADA DÍZIMO OBREIRO-GILSON CARLOS P. SENADO MONTE MORIÁ - RECIBO -2109,VENCIDO
1,02110,2-jan.-23,2-jan.-23,,,ENTRADA DÍZIMO OBREIRO,LIBERDADE,00059,JOAO SANTOS BARBOSA,DC.,DEP. BANCARIO," R$ 190,00 ",CAIXA IGREJA,SIM,RECEITA,DEP. BANCARIOENTRADA DÍZIMO OBREIRO-JOAO SANTOS BARBOSA LIBERDADE - RECIBO -2110,VENCIDO
1,02108,2-jan.-23,2-jan.-23,,,ENTRADA DÍZIMO OBREIRO,TEMPLO CENTRAL,00327,JOSE RODRIGO SILVA DOS SANTOS,DC. ,DEP. BANCARIO," R$ 435,00 ",CAIXA IGREJA,SIM,RECEITA,DEP. BANCARIOENTRADA DÍZIMO OBREIRO-JOSE RODRIGO SILVA DOS SANTOS TEMPLO CENTRAL - RECIBO -2108,VENCIDO
1,02109,2-jan.-23,2-jan.-23,,,ENTRADA DÍZIMO OBREIRO,MONTE MORIÁ,00046,GILSON CARLOS P. SENADO,DC.,DEP. BANCARIO," R$ 596,00 ",CAIXA IGREJA,SIM,RECEITA,DEP. BANCARIOENTRADA DÍZIMO OBREIRO-GILSON CARLOS P. SENADO MONTE MORIÁ - RECIBO -2109,VENCIDO
1,02488,2-jan.-23,2-jan.-23,,,ENTRADA DÍZIMO OBREIRO,TEMPLO CENTRAL,00273,MARCUS VINICIUS LIMA MONTEIRO,PB.,DEP. BANCARIO," R$ 940,00 ",CAIXA IGREJA,SIM,RECEITA,DEP. BANCARIOENTRADA DÍZIMO OBREIRO-MARCUS VINICIUS LIMA MONTEIRO TEMPLO CENTRAL - RECIBO -2488,VENCIDO
1,04977,8-jan.-23,8-jan.-23,,,ENTRADA DÍZIMO OBREIRO,TEMPLO CENTRAL,00225,OSVALDO SOUZA,PR. ,," R$ 124,00 ",CAIXA IGREJA,SIM,RECEITA,ENTRADA DÍZIMO OBREIRO-OSVALDO SOUZA TEMPLO CENTRAL - RECIBO -4977,VENCIDO
1,04978,8-jan.-23,8-jan.-23,,,ENTRADA DÍZIMO OBREIRO,TEMPLO CENTRAL,00295,FRANCISCO MATOS,AUX.,," R$ 122,00 ",CAIXA IGREJA,SIM,RECEITA,ENTRADA DÍZIMO OBREIRO-FRANCISCO MATOS TEMPLO CENTRAL - RECIBO -4978,VENCIDO
1,02488,2-jan.-23,2-jan.-23,,,ENTRADA DÍZIMO OBREIRO,TEMPLO CENTRAL,00273,MARCUS VINICIUS LIMA MONTEIRO,PB.,DEP. BANCARIO," R$ 940,00 ",CAIXA IGREJA,SIM,RECEITA,DEP. BANCARIOENTRADA DÍZIMO OBREIRO-MARCUS VINICIUS LIMA MONTEIRO TEMPLO CENTRAL - RECIBO -2488,VENCIDO
1,02492,3-jan.-23,3-jan.-23,,,ENTRADA DÍZIMO OBREIRO,TEMPLO CENTRAL,00386,EDIMILSON P. GOMES,PR. ,," R$ 310,00 ",CAIXA IGREJA,SIM,RECEITA,ENTRADA DÍZIMO OBREIRO-EDIMILSON P. GOMES TEMPLO CENTRAL - RECIBO -2492,VENCIDO
1,02496,5-jan.-23,5-jan.-23,,,ENTRADA DÍZIMO OBREIRO,TEMPLO CENTRAL,00058,JEFFERSON RIBEIRO,PB.,," R$ 20,00 ",CAIXA IGREJA,SIM,RECEITA,ENTRADA DÍZIMO OBREIRO-JEFFERSON RIBEIRO TEMPLO CENTRAL - RECIBO -2496,VENCIDO
1,02497,9-jan.-23,9-jan.-23,,,ENTRADA DÍZIMO OBREIRO,SHALOM,00016,BELARMINO MENDES,PB.,," R$ 120,00 ",CAIXA IGREJA,SIM,RECEITA,ENTRADA DÍZIMO OBREIRO-BELARMINO MENDES SHALOM - RECIBO -2497,VENCIDO
1,02498,9-jan.-23,9-jan.-23,,,ENTRADA DÍZIMO OBREIRO,NOVA VIDA,00198,EDILSON SANTOS CORREIA,PB.,," R$ 19,00 ",CAIXA IGREJA,SIM,RECEITA,,VENCIDO
1,02499,10-jan.-23,10-jan.-23,,,ENTRADA DÍZIMO OBREIRO,TEMPLO CENTRAL,00077,LUIZ CARDOSO DA SILVA,DC.,," R$ 120,00 ",CAIXA IGREJA,SIM,RECEITA,ENTRADA DÍZIMO OBREIRO-LUIZ CARDOSO DA SILVA TEMPLO CENTRAL - RECIBO -2499,VENCE HOJE
1,02489,3-jan.-23,3-jan.-23,,,ENTRADA DÍZIMO OBREIRO,TEMPLO CENTRAL,00384,ELITO FERREIRA,PR. ,," R$ 220,00 ",CAIXA IGREJA,SIM,RECEITA,ENTRADA DÍZIMO OBREIRO-ELITO FERREIRA TEMPLO CENTRAL - RECIBO -2489,VENCIDO
1,04975,7-jan.-23,7-jan.-23,,,ENTRADA DÍZIMO OBREIRO,TEMPLO CENTRAL,00312,DAVI DUTRA,PB.,," R$ 150,00 ",CAIXA IGREJA,SIM,RECEITA,ENTRADA OFERTA AVULSA-DAVI DUTRA TEMPLO CENTRAL - RECIBO -4975,VENCIDO
1,02499,10-jan.-23,10-jan.-23,,,ENTRADA DÍZIMO OBREIRO,TEMPLO CENTRAL,00077,LUIZ CARDOSO DA SILVA,DC.,," R$ 120,00 ",CAIXA IGREJA,SIM,RECEITA,ENTRADA DÍZIMO OBREIRO-LUIZ CARDOSO DA SILVA TEMPLO CENTRAL - RECIBO -2499,VENCE HOJE
1,02489,3-jan.-23,3-jan.-23,,,ENTRADA DÍZIMO OBREIRO,TEMPLO CENTRAL,00384,ELITO FERREIRA,PR. ,," R$ 220,00 ",CAIXA IGREJA,SIM,RECEITA,ENTRADA DÍZIMO OBREIRO-ELITO FERREIRA TEMPLO CENTRAL - RECIBO -2489,VENCIDO
1,04975,7-jan.-23,7-jan.-23,,,ENTRADA DÍZIMO OBREIRO,TEMPLO CENTRAL,00312,DAVI DUTRA,PB.,," R$ 150,00 ",CAIXA IGREJA,SIM,RECEITA,ENTRADA OFERTA AVULSA-DAVI DUTRA TEMPLO CENTRAL - RECIBO -4975,VENCIDO
1,02111,2-jan.-23,2-jan.-23,,,ENTRADA DÍZIMO OBREIRO,TEMPLO CENTRAL,00234,WILKLERSON DUTRA,DC.,DEP. BANCARIO," R$ 58,39 ",CAIXA IGREJA,SIM,RECEITA,DEP. BANCARIOENTRADA DÍZIMO OBREIRO-WILKLERSON DUTRA TEMPLO CENTRAL - RECIBO -2111,VENCIDO
1,02112,2-jan.-23,2-jan.-23,,,ENTRADA DÍZIMO OBREIRO,TEMPLO CENTRAL,00234,WILKLERSON DUTRA,DC.,DEP.BANCARIO," R$ 35,00 ",CAIXA IGREJA,SIM,RECEITA,DEP.BANCARIOENTRADA DÍZIMO OBREIRO-WILKLERSON DUTRA TEMPLO CENTRAL - RECIBO -2112,VENCIDO
1,02119,9-jan.-23,9-jan.-23,,,ENTRADA DÍZIMO OBREIRO,MONTE HOREBE,00040,ANTONIO FERNANDO ATAIDE SANTOS,DC.,," R$ 100,00 ",CAIXA IGREJA,SIM,RECEITA,ENTRADA DÍZIMO OBREIRO-ANTONIO FERNANDO ATAIDE SANTOS MONTE HOREBE - RECIBO -2119,VENCIDO
1,02120,9-jan.-23,9-jan.-23,,,ENTRADA DÍZIMO OBREIRO,MONTE HOREBE,00383,FRANCISCO CHAGAS LOURO,DC.,," R$ 130,00 ",CAIXA IGREJA,SIM,RECEITA,ENTRADA DÍZIMO OBREIRO-FRANCISCO CHAGAS LOURO MONTE HOREBE - RECIBO -2120,VENCIDO
1,02121,9-jan.-23,9-jan.-23,,,ENTRADA DÍZIMO OBREIRO,CONQUISTA,00248,OILES GONÇALVES MACHADO,DC.,," R$ 14,00 ",CAIXA IGREJA,SIM,RECEITA,ENTRADA DÍZIMO OBREIRO-OILES GONÇALVES MACHADO CONQUISTA - RECIBO -2121,VENCIDO
1,02122,9-jan.-23,9-jan.-23,,,ENTRADA DÍZIMO OBREIRO,CONQUISTA,00222,JOAO BATISTA DA COSTA,DC.,," R$ 122,00 ",CAIXA IGREJA,SIM,RECEITA,ENTRADA DÍZIMO OBREIRO-JOAO BATISTA DA COSTA CONQUISTA - RECIBO -2122,VENCIDO
1,02123,10-jan.-23,10-jan.-23,,,ENTRADA DÍZIMO OBREIRO,GALILEIA,00106,SAMUEL FARIAS LOPES,DC.,," R$ 120,00 ",CAIXA IGREJA,SIM,RECEITA,ENTRADA DÍZIMO OBREIRO-SAMUEL FARIAS LOPES GALILEIA - RECIBO -2123,VENCE HOJE
1,02124,10-jan.-23,10-jan.-23,,,ENTRADA DÍZIMO OBREIRO,NOVA VIDA,00367,HERICLES GALVAO,DC,," R$ 90,00 ",CAIXA IGREJA,SIM,RECEITA,ENTRADA DÍZIMO OBREIRO-HERICLES GALVAO NOVA VIDA - RECIBO -2124,VENCE HOJE
1,00334,2-jan.-23,2-jan.-23,,,ENTRADA DÍZIMO DE CONGR.,TEMPLO CENTRAL,,,,DIZIMO JOELMA BEATRIZ/DEP. BANCARIO," R$ 105,00 ",CAIXA IGREJA,SIM,RECEITA,DIZIMO JOELMA BEATRIZ/DEP. BANCARIOENTRADA DÍZIMO DE CONGR.- TEMPLO CENTRAL - RECIBO -334,VENCIDO
1,00335,2-jan.-23,2-jan.-23,,,ENTRADA DÍZIMO DE CONGR.,NOVA ALIANÇA,,,,DIZIMO GABRIEL TRINDADE/DEP. BANCARIO," R$ 186,00 ",CAIXA IGREJA,SIM,RECEITA,DIZIMO GABRIEL TRINDADE/DEP. BANCARIOENTRADA DÍZIMO DE CONGR.- NOVA ALIANÇA - RECIBO -335,VENCIDO
1,00336,2-jan.-23,2-jan.-23,,,ENTRADA DÍZIMO DE CONGR.,ALTO REFÚGIO,,,,DIZIMO FRANCILENE TEIXEIRA/ DEP. BANCARIO," R$ 573,00 ",CAIXA IGREJA,SIM,RECEITA,DIZIMO FRANCILENE TEIXEIRA/ DEP. BANCARIOENTRADA DÍZIMO DE CONGR.- ALTO REFÚGIO - RECIBO -336,VENCIDO
1,00337,2-jan.-23,2-jan.-23,,,ENTRADA DÍZIMO DE CONGR.,ALTO REFÚGIO,,,,DIZIMI FRANCILENE TEIXEIRA/DEP. BANCARIO," R$ 30,00 ",CAIXA IGREJA,SIM,RECEITA,DIZIMI FRANCILENE TEIXEIRA/DEP. BANCARIOENTRADA DÍZIMO DE CONGR.- ALTO REFÚGIO - RECIBO -337,VENCIDO
1,00338,2-jan.-23,2-jan.-23,,,ENTRADA DÍZIMO DE CONGR.,MARANATA,,,,DIZIMO JAEL FARIAS/ DEP. BANCARIO," R$ 47,30 ",CAIXA IGREJA,SIM,RECEITA,DIZIMO JAEL FARIAS/ DEP. BANCARIOENTRADA DÍZIMO DE CONGR.- MARANATA - RECIBO -338,VENCIDO
1,00339,2-jan.-23,2-jan.-23,,,ENTRADA DÍZIMO DE CONGR.,TEMPLO CENTRAL,,,,DIZIMO  AUCIONE DE SOUZA/ DEP. BANCARIO," R$ 111,69 ",CAIXA IGREJA,SIM,RECEITA,DIZIMO  AUCIONE DE SOUZA/ DEP. BANCARIOENTRADA DÍZIMO DE CONGR.- TEMPLO CENTRAL - RECIBO -339,VENCIDO
1,00340,3-jan.-23,3-jan.-23,,,ENTRADA DÍZIMO DE CONGR.,TEMPLO CENTRAL,,,,DIZIMO REGINA COSTA," R$ 18,00 ",CAIXA IGREJA,SIM,RECEITA,DIZIMO REGINA COSTAENTRADA DÍZIMO DE CONGR.- TEMPLO CENTRAL - RECIBO -340,VENCIDO
1,00341,3-jan.-23,3-jan.-23,,,ENTRADA DÍZIMO DE CONGR.,BETEL,,,,DIZIMO ANTONIO ALBUQUERQUE," R$ 20,00 ",CAIXA IGREJA,SIM,RECEITA,DIZIMO ANTONIO ALBUQUERQUEENTRADA DÍZIMO DE CONGR.- BETEL - RECIBO -341,VENCIDO
1,00342,3-jan.-23,3-jan.-23,,,ENTRADA DÍZIMO DE CONGR.,FRUTOS DA FÉ,,,,DIZIMO LEILTON SILVA MACIEL," R$ 415,30 ",CAIXA IGREJA,SIM,RECEITA,DIZIMO LEILTON SILVA MACIELENTRADA DÍZIMO DE CONGR.- FRUTOS DA FÉ - RECIBO -342,VENCIDO
1,00343,3-jan.-23,3-jan.-23,,,ENTRADA DÍZIMO DE CONGR.,TEMPLO CENTRAL,,,,DIZIMO ELAINE DE FATIMA S. FERREIRA," R$ 122,00 ",CAIXA IGREJA,SIM,RECEITA,DIZIMO ELAINE DE FATIMA S. FERREIRAENTRADA DÍZIMO DE CONGR.- TEMPLO CENTRAL - RECIBO -343,VENCIDO
1,02500,10-jan.-23,10-jan.-23,,,ENTRADA DÍZIMO OBREIRO,FRUTOS DA FE II,00405,MAX LENON D ANDRADE,DC.,," R$ 200,00 ",CAIXA IGREJA,SIM,RECEITA,ENTRADA DÍZIMO OBREIRO-MAX LENON D ANDRADE FRUTOS DA FE II - RECIBO -2500,VENCE HOJE
1,01058,9-jan.-23,9-jan.-23,,,ENTRADA OFERTAS DE CULTOS,SHALOM,,,,REF.1/23," R$ 105,00 ",CAIXA IGREJA,SIM,RECEITA,REF. 01/23ENTRADA OFERTAS DE CULTOS- SHALOM - RECIBO -1058,VENCIDO
1,00343,3-jan.-23,3-jan.-23,,,ENTRADA DÍZIMO DE CONGR.,TEMPLO CENTRAL,,,,DIZIMO ELAINE DE FATIMA S. FERREIRA," R$ 122,00 ",CAIXA IGREJA,SIM,RECEITA,DIZIMO ELAINE DE FATIMA S. FERREIRAENTRADA DÍZIMO DE CONGR.- TEMPLO CENTRAL - RECIBO -343,VENCIDO
1,02500,10-jan.-23,10-jan.-23,,,ENTRADA DÍZIMO OBREIRO,FRUTOS DA FE II,00405,MAX LENON D ANDRADE,DC.,," R$ 200,00 ",CAIXA IGREJA,SIM,RECEITA,ENTRADA DÍZIMO OBREIRO-MAX LENON D ANDRADE FRUTOS DA FE II - RECIBO -2500,VENCE HOJE
1,02020,9-jan.-23,9-jan.-23,,,ENTRADA DÍZIMO DE CONGR.,TEMPLO CENTRAL,,,,REF.1/23," R$ 334,25 ",CAIXA IGREJA,SIM,RECEITA,REF.1/23ENTRADA DÍZIMO DE CONGR.- TEMPLO CENTRAL - RECIBO -2020,VENCIDO
1,01079,9-jan.-23,9-jan.-23,,,ENTRADA OFERTAS DE CULTOS,PROMESSA DE DEUS,,,,REF.1/23," R$ 33,00 ",CAIXA IGREJA,SIM,RECEITA,REF.1/23ENTRADA OFERTAS DE CULTOS- PROMESSA DE DEUS - RECIBO -1079,VENCIDO
1,01079,9-jan.-23,9-jan.-23,,,ENTRADA DÍZIMO DE CONGR.,PROMESSA DE DEUS,,,,REF.1/23," R$ 215,00 ",CAIXA IGREJA,SIM,RECEITA,REF.1/23ENTRADA DÍZIMO DE CONGR.- PROMESSA DE DEUS - RECIBO -1079,VENCIDO
1,01647,9-jan.-23,9-jan.-23,,,ENTRADA OFERTAS DE CULTOS,PERSEVERANÇA,,,,REF.1/23," R$ 47,25 ",CAIXA IGREJA,SIM,RECEITA,REF.1/23ENTRADA OFERTAS DE CULTOS- PERSEVERANÇA - RECIBO -1647,VENCIDO
1,01647,9-jan.-23,9-jan.-23,,,ENTRADA DÍZIMO DE CONGR.,PERSEVERANÇA,,,,REF.1/23," R$ 57,00 ",CAIXA IGREJA,SIM,RECEITA,REF.1/23ENTRADA DÍZIMO DE CONGR.- PERSEVERANÇA - RECIBO -1647,VENCIDO
1,01961,9-jan.-23,9-jan.-23,,,ENTRADA OFERTAS DE CULTOS,MONTE DAS OLIVEIRAS,,,,REF.1/23," R$ 73,00 ",CAIXA IGREJA,SIM,RECEITA,REF.1/23ENTRADA OFERTAS DE CULTOS- MONTE DAS OLIVEIRAS - RECIBO -1961,VENCIDO
1,01961,9-jan.-23,9-jan.-23,,,ENTRADA DÍZIMO DE CONGR.,MONTE DAS OLIVEIRAS,,,,REF.1/23," R$ 610,00 ",CAIXA IGREJA,SIM,RECEITA,REF.1/23ENTRADA DÍZIMO DE CONGR.- MONTE DAS OLIVEIRAS - RECIBO -1961,VENCIDO
1,5262,9-jan.-23,9-jan.-23,,,ENTRADA OFERTAS DE CULTOS,CONQUISTA,,,,REF.1/23," R$ 39,70 ",CAIXA IGREJA,SIM,RECEITA,REF.1/23ENTRADA OFERTAS DE CULTOS- CONQUISTA - RECIBO -1351,VENCIDO
1,01351,9-jan.-23,9-jan.-23,,,ENTRADA DÍZIMO DE CONGR.,CONQUISTA,,,,REF.1/23," R$ 290,00 ",CAIXA IGREJA,SIM,RECEITA,REF.1/23ENTRADA DÍZIMO DE CONGR.- CONQUISTA - RECIBO -1351,VENCIDO
1,02149,9-jan.-23,9-jan.-23,,,ENTRADA OFERTAS DE CULTOS,MONTE HOREBE,,,,REF.1/23," R$ 81,90 ",CAIXA IGREJA,SIM,RECEITA,REF.1/23ENTRADA OFERTAS DE CULTOS- MONTE HOREBE - RECIBO -2149,VENCIDO
1,02149,9-jan.-23,9-jan.-23,,,ENTRADA DÍZIMO DE CONGR.,MONTE HOREBE,,,,REF.1/23," R$ 947,90 ",CAIXA IGREJA,SIM,RECEITA,REF.1/23ENTRADA DÍZIMO DE CONGR.- MONTE HOREBE - RECIBO -2149,VENCIDO
1,02089,5-jan.-23,5-jan.-23,,,ENTRADA OFERTAS DE CULTOS,ROCHA ETERNA,,,,REF.1/23," R$ 113,00 ",CAIXA IGREJA,SIM,RECEITA,REF.1/23ENTRADA OFERTAS DE CULTOS- ROCHA ETERNA - RECIBO -2089,VENCIDO
1,02118,9-jan.-23,9-jan.-23,,,ENTRADA OFERTAS DE CULTOS,LÍRIOS DOS VALES,,,,REF.1/23," R$ 25,30 ",CAIXA IGREJA,SIM,RECEITA,REF.1/23ENTRADA OFERTAS DE CULTOS- LÍRIOS DOS VALES - RECIBO -2118,VENCIDO
1,02118,9-jan.-23,9-jan.-23,,,ENTRADA DÍZIMO DE CONGR.,LÍRIOS DOS VALES,,,,REF.1/23," R$ 421,00 ",CAIXA IGREJA,SIM,RECEITA,REF.1/23ENTRADA OFERTAS DE CULTOS- LÍRIOS DOS VALES - RECIBO -2118,VENCIDO
1,01938,9-jan.-23,9-jan.-23,,,ENTRADA OFERTAS DE CULTOS,MONTE CARMELO,,,,REF.1/23," R$ 94,55 ",CAIXA IGREJA,SIM,RECEITA,REF.1/23ENTRADA OFERTAS DE CULTOS- MONTE CARMELO - RECIBO -1938,VENCIDO
1,01938,9-jan.-23,9-jan.-23,,,ENTRADA DÍZIMO DE CONGR.,MONTE CARMELO,,,,REF.1/23," R$ 1.925,00 ",CAIXA IGREJA,SIM,RECEITA,REF.1/23ENTRADA DÍZIMO DE CONGR.- MONTE CARMELO - RECIBO -1938,VENCIDO
1,01036,10-jan.-23,10-jan.-23,,,ENTRADA OFERTAS DE CULTOS,GALILEIA,,,,REF.1/23," R$ 25,75 ",CAIXA IGREJA,SIM,RECEITA,REF.1/23ENTRADA OFERTAS DE CULTOS- GALILEIA - RECIBO -1036,VENCIDO
1,01868,10-jan.-23,10-jan.-23,,,ENTRADA OFERTAS DE CULTOS,NOVA VIDA,,,,REF.1/23," R$ 62,75 ",CAIXA IGREJA,SIM,RECEITA,REF.1/23ENTRADA OFERTAS DE CULTOS- NOVA VIDA - RECIBO -1868,VENCIDO
1,01868,10-jan.-23,10-jan.-23,,,ENTRADA DÍZIMO DE CONGR.,NOVA VIDA,,,,REF.1/23," R$ 610,00 ",CAIXA IGREJA,SIM,RECEITA,REF.1/23ENTRADA DÍZIMO DE CONGR.- NOVA VIDA - RECIBO -1868,VENCIDO
1,01622,10-jan.-23,10-jan.-23,,,ENTRADA OFERTAS DE CULTOS,FRUTOS DA FE II,,,,REF.1/23," R$ 59,70 ",CAIXA IGREJA,SIM,RECEITA,REF.1/23ENTRADA OFERTAS DE CULTOS- FRUTOS DA FE II - RECIBO -1622,VENCIDO
1,01868,10-jan.-23,10-jan.-23,,,ENTRADA OFERTAS DE CULTOS,NOVA VIDA,,,,REF.1/23," R$ 62,75 ",CAIXA IGREJA,SIM,RECEITA,REF.1/23ENTRADA OFERTAS DE CULTOS- NOVA VIDA - RECIBO -1868,VENCIDO
1,01919,10-jan.-23,10-jan.-23,,,ENTRADA DÍZIMO DE CONGR.,MONTE TABOR,,,,REF.1/23," R$ 192,75 ",CAIXA IGREJA,SIM,RECEITA,REF.1/23ENTRADA DÍZIMO DE CONGR.- MONTE TABOR - RECIBO -1919,VENCIDO
1,01755,10-jan.-23,10-jan.-23,,,ENTRADA OFERTAS DE CULTOS,PORTA DAS OVELHAS,,,,REF.1/23," R$ 109,55 ",CAIXA IGREJA,SIM,RECEITA,REF.1/23ENTRADA OFERTAS DE CULTOS- PORTA DAS OVELHAS - RECIBO -1755,VENCIDO
1,01755,10-jan.-23,10-jan.-23,,,ENTRADA DÍZIMO DE CONGR.,PORTA DAS OVELHAS,,,,REF.1/23," R$ 1.976,00 ",CAIXA IGREJA,SIM,RECEITA,REF.1/23ENTRADA DÍZIMO DE CONGR.- PORTA DAS OVELHAS - RECIBO -1755,VENCIDO
1,01844,10-jan.-23,10-jan.-23,,,ENTRADA OFERTAS DE CULTOS,MONTE MORIÁ,,,,REF.1/23," R$ 38,00 ",CAIXA IGREJA,SIM,RECEITA,REF.1/23ENTRADA OFERTAS DE CULTOS- MONTE MORIÁ - RECIBO -1844,VENCIDO
1,01844,10-jan.-23,10-jan.-23,,,ENTRADA DÍZIMO DE CONGR.,MONTE MORIÁ,,,,REF.1/23," R$ 464,00 ",CAIXA IGREJA,SIM,RECEITA,REF.1/23ENTRADA DÍZIMO DE CONGR.- MONTE MORIÁ - RECIBO -1844,VENCIDO
1,01119,10-jan.-23,10-jan.-23,,,ENTRADA OFERTAS DE CULTOS,CHAMA VIVA,,,,REF.1/23," R$ 60,50 ",CAIXA IGREJA,SIM,RECEITA,REF.1/23ENTRADA OFERTAS DE CULTOS- CHAMA VIVA - RECIBO -1119,VENCIDO
1,01844,10-jan.-23,10-jan.-23,,,ENTRADA OFERTAS DE CULTOS,MONTE MORIÁ,,,,REF.1/23," R$ 38,00 ",CAIXA IGREJA,SIM,RECEITA,REF.1/23ENTRADA OFERTAS DE CULTOS- MONTE MORIÁ - RECIBO -1844,VENCIDO
1,01844,10-jan.-23,10-jan.-23,,,ENTRADA DÍZIMO DE CONGR.,MONTE MORIÁ,,,,REF.1/23," R$ 464,00 ",CAIXA IGREJA,SIM,RECEITA,REF.1/23ENTRADA DÍZIMO DE CONGR.- MONTE MORIÁ - RECIBO -1844,VENCIDO
1,01119,10-jan.-23,10-jan.-23,,,ENTRADA OFERTAS DE CULTOS,CHAMA VIVA,,,,REF.1/23," R$ 60,50 ",CAIXA IGREJA,SIM,RECEITA,REF.1/23ENTRADA OFERTAS DE CULTOS- CHAMA VIVA - RECIBO -1119,VENCIDO
1,01119,10-jan.-23,10-jan.-23,,,ENTRADA DÍZIMO DE CONGR.,CHAMA VIVA,,,,REF.1/23," R$ 300,00 ",CAIXA IGREJA,SIM,RECEITA,REF.1/23ENTRADA DÍZIMO DE CONGR.- CHAMA VIVA - RECIBO -1119,VENCIDO
1,01671,10-jan.-23,10-jan.-23,,,ENTRADA OFERTAS DE CULTOS,REDENÇÃO,,,,REF.1/23," R$ 71,65 ",CAIXA IGREJA,SIM,RECEITA,REF.1/23ENTRADA OFERTAS DE CULTOS- REDENÇÃO - RECIBO -1671,VENCIDO
1,01671,10-jan.-23,10-jan.-23,,,ENTRADA DÍZIMO DE CONGR.,REDENÇÃO,,,,REF.1/23," R$ 140,00 ",CAIXA IGREJA,SIM,RECEITA,REF.1/23ENTRADA OFERTAS DE CULTOS- REDENÇÃO - RECIBO -1671,VENCIDO
1,01893,10-jan.-23,10-jan.-23,,,ENTRADA OFERTAS DE CULTOS,DEUS FORTE,,,,REF.1/23," R$ 39,20 ",CAIXA IGREJA,SIM,RECEITA,REF.1/23ENTRADA OFERTAS DE CULTOS- DEUS FORTE - RECIBO -1893,VENCIDO
1,01893,10-jan.-23,10-jan.-23,,,ENTRADA DÍZIMO DE CONGR.,DEUS FORTE,,,,REF.1/23," R$ 570,10 ",CAIXA IGREJA,SIM,RECEITA,REF.1/23ENTRADA DÍZIMO DE CONGR.- DEUS FORTE - RECIBO -1893,VENCIDO
1,02190,10-jan.-23,10-jan.-23,,,ENTRADA OFERTAS DE CULTOS,ALTO REFÚGIO,,,,REF.1/23," R$ 71,55 ",CAIXA IGREJA,SIM,RECEITA,REF.1/23ENTRADA OFERTAS DE CULTOS- ALTO REFÚGIO - RECIBO -2190,VENCIDO
1,02190,10-jan.-23,10-jan.-23,,,ENTRADA DÍZIMO DE CONGR.,ALTO REFÚGIO,,,,REF.1/23," R$ 1.070,00 ",CAIXA IGREJA,SIM,RECEITA,REF.1/23ENTRADA DÍZIMO DE CONGR.- ALTO REFÚGIO - RECIBO -2190,VENCIDO
1,01712,10-jan.-23,10-jan.-23,,,ENTRADA OFERTAS DE CULTOS,ESCUDO DA FÉ,,,,REF.1/23," R$ 25,50 ",CAIXA IGREJA,SIM,RECEITA,REF.1/23ENTRADA OFERTAS DE CULTOS- ESCUDO DA FÉ - RECIBO -1712,VENCIDO
1,01712,10-jan.-23,10-jan.-23,,,ENTRADA DÍZIMO DE CONGR.,ESCUDO DA FÉ,,,,REF.1/23," R$ 120,00 ",CAIXA IGREJA,SIM,RECEITA,REF.1/23ENTRADA DÍZIMO DE CONGR.- ESCUDO DA FÉ - RECIBO -1712,VENCIDO
1,01498,10-jan.-23,10-jan.-23,,,ENTRADA OFERTAS DE CULTOS,GETSÊMANI,,,,REF.1/23," R$ 25,85 ",CAIXA IGREJA,SIM,RECEITA,REF.1/23ENTRADA OFERTAS DE CULTOS- GETSÊMANI - RECIBO -1498,VENCIDO
1,01498,10-jan.-23,10-jan.-23,,,ENTRADA DÍZIMO DE CONGR.,GETSÊMANI,,,,REF.1/23," R$ 173,00 ",CAIXA IGREJA,SIM,RECEITA,REF.1/23ENTRADA DÍZIMO DE CONGR.- GETSÊMANI - RECIBO -1498,VENCIDO
1,02218,10-jan.-23,10-jan.-23,,,ENTRADA OFERTAS DE CULTOS,MONTE MORIA II,,,,REF.1/23," R$ 20,70 ",CAIXA IGREJA,SIM,RECEITA,REF.1/23ENTRADA OFERTAS DE CULTOS- MONTE MORIA II - RECIBO -2218,VENCIDO
1,02096,11-jan.-23,11-jan.-23,,,ENTRADA OFERTAS DE CULTOS,NOVA JERUSALÉM,,,,REF.1/23," R$ 112,40 ",CAIXA IGREJA,SIM,RECEITA,REF.1/23ENTRADA OFERTAS DE CULTOS- NOVA JERUSALÉM - RECIBO -2096,VENCE HOJE
1,02096,11-jan.-23,11-jan.-23,,,ENTRADA DÍZIMO DE CONGR.,NOVA JERUSALÉM,,,,REF.1/23," R$ 471,00 ",CAIXA IGREJA,SIM,RECEITA,REF.1/23ENTRADA DÍZIMO DE CONGR.- NOVA JERUSALÉM - RECIBO -2096,VENCE HOJE
1,01778,10-jan.-23,10-jan.-23,,,ENTRADA OFERTAS DE CULTOS,GUERREIROS DE CRISTO,,,,REF.1/23," R$ 12,00 ",CAIXA IGREJA,SIM,RECEITA,REF.1/23ENTRADA OFERTAS DE CULTOS- GUERREIROS DE CRISTO - RECIBO -1778,VENCIDO
1,01778,10-jan.-23,10-jan.-23,,,ENTRADA DÍZIMO DE CONGR.,GUERREIROS DE CRISTO,,,,REF.1/23," R$ 100,00 ",CAIXA IGREJA,SIM,RECEITA,REF.1/23ENTRADA DÍZIMO DE CONGR.- GUERREIROS DE CRISTO - RECIBO -1778,VENCIDO
1,02058,10-jan.-23,10-jan.-23,,,ENTRADA OFERTAS DE CULTOS,MANANCIAL,,,,REF.1/23," R$ 31,70 ",CAIXA IGREJA,SIM,RECEITA,REF.1/23ENTRADA OFERTAS DE CULTOS- MANANCIAL - RECIBO -2058,VENCIDO
1,02058,10-jan.-23,10-jan.-23,,,ENTRADA DÍZIMO DE CONGR.,MANANCIAL,,,,REF.1/23," R$ 253,00 ",CAIXA IGREJA,SIM,RECEITA,REF.1/23ENTRADA DÍZIMO DE CONGR.- MANANCIAL - RECIBO -2058,VENCIDO
1,02042,10-jan.-23,10-jan.-23,,,ENTRADA OFERTAS DE CULTOS,FRUTOS DA FÉ,,,,REF.1/23," R$ 31,00 ",CAIXA IGREJA,SIM,RECEITA,REF.1/23ENTRADA OFERTAS DE CULTOS- FRUTOS DA FÉ - RECIBO -2042,VENCIDO
1,02042,10-jan.-23,10-jan.-23,,,ENTRADA DÍZIMO DE CONGR.,FRUTOS DA FÉ,,,,REF.1/23," R$ 60,00 ",CAIXA IGREJA,SIM,RECEITA,REF.1/23ENTRADA OFERTAS DE CULTOS- FRUTOS DA FÉ - RECIBO -2042,VENCIDO
1,01691,10-jan.-23,10-jan.-23,,,ENTRADA OFERTAS DE CULTOS,MONTE SINAI,,,,REF.1/23," R$ 53,65 ",CAIXA IGREJA,SIM,RECEITA,REF.1/23ENTRADA OFERTAS DE CULTOS- MONTE SINAI - RECIBO -1691,VENCIDO
1,01691,10-jan.-23,10-jan.-23,,,ENTRADA DÍZIMO DE CONGR.,MONTE SINAI,,,,REF.1/23," R$ 697,80 ",CAIXA IGREJA,SIM,RECEITA,REF.1/23ENTRADA DÍZIMO DE CONGR.- MONTE SINAI - RECIBO -1691,VENCIDO
1,01981,10-jan.-23,10-jan.-23,,,ENTRADA OFERTAS DE CULTOS,ROSA DE SARON,,,,REF.1/23," R$ 17,55 ",CAIXA IGREJA,SIM,RECEITA,REF.1/23ENTRADA OFERTAS DE CULTOS- ROSA DE SARON - RECIBO -1981,VENCIDO
1,01981,10-jan.-23,10-jan.-23,,,ENTRADA DÍZIMO DE CONGR.,ROSA DE SARON,,,,REF.1/23," R$ 210,00 ",CAIXA IGREJA,SIM,RECEITA,REF.1/23ENTRADA DÍZIMO DE CONGR.- ROSA DE SARON - RECIBO -1981,VENCIDO
1,01799,10-jan.-23,10-jan.-23,,,ENTRADA OFERTAS DE CULTOS,LIBERDADE,,,,REF.1/23," R$ 51,00 ",CAIXA IGREJA,SIM,RECEITA,REF.1/23ENTRADA OFERTAS DE CULTOS- LIBERDADE - RECIBO -1799,VENCIDO
1,01799,10-jan.-23,10-jan.-23,,,ENTRADA DÍZIMO DE CONGR.,LIBERDADE,,,,REF.1/23," R$ 669,00 ",CAIXA IGREJA,SIM,RECEITA,REF.1/23ENTRADA DÍZIMO DE CONGR.- LIBERDADE - RECIBO -1799,VENCIDO
1,02171,10-jan.-23,10-jan.-23,,,ENTRADA OFERTAS DE CULTOS,MAR DE CRISTAL,,,,REF.1/23," R$ 61,20 ",CAIXA IGREJA,SIM,RECEITA,REF.1/23ENTRADA OFERTAS DE CULTOS- MAR DE CRISTAL - RECIBO -2171,VENCIDO
1,02171,10-jan.-23,10-jan.-23,,,ENTRADA DÍZIMO DE CONGR.,MAR DE CRISTAL,,,,REF.1/23," R$ 355,00 ",CAIXA IGREJA,SIM,RECEITA,REF.1/23ENTRADA DÍZIMO DE CONGR.- MAR DE CRISTAL - RECIBO -2171,VENCIDO
1,01476,10-jan.-23,10-jan.-23,,,ENTRADA OFERTAS DE CULTOS,LUZ E VIDA,,,,REF.1/23," R$ 29,00 ",CAIXA IGREJA,SIM,RECEITA,REF.1/23ENTRADA OFERTAS DE CULTOS- LUZ E VIDA - RECIBO -1476,VENCIDO
1,01476,10-jan.-23,10-jan.-23,,,ENTRADA DÍZIMO DE CONGR.,LUZ E VIDA,,,,REF.1/23," R$ 40,25 ",CAIXA IGREJA,SIM,RECEITA,REF.1/23ENTRADA DÍZIMO DE CONGR.- LUZ E VIDA - RECIBO -1476,VENCIDO
1,01538,10-jan.-23,10-jan.-23,,,ENTRADA OFERTAS DE CULTOS,BETEL,,,,REF.1/23," R$ 61,65 ",CAIXA IGREJA,SIM,RECEITA,REF.1/23ENTRADA OFERTAS DE CULTOS- BETEL - RECIBO -1538,VENCIDO
1,01538,10-jan.-23,10-jan.-23,,,ENTRADA DÍZIMO DE CONGR.,BETEL,,,,REF.1/23," R$ 481,00 ",CAIXA IGREJA,SIM,RECEITA,REF.1/23ENTRADA DÍZIMO DE CONGR.- BETEL - RECIBO -1538,VENCIDO
1,02087,11-jan.-23,11-jan.-23,,,ENTRADA OFERTAS DE CULTOS,ROCHA ETERNA,,,,REF.1/23," R$ 116,25 ",CAIXA IGREJA,SIM,RECEITA,REF.1/23ENTRADA OFERTAS DE CULTOS- ROCHA ETERNA - RECIBO -2087,VENCE HOJE
1,02087,11-jan.-23,11-jan.-23,,,ENTRADA DÍZIMO DE CONGR.,ROCHA ETERNA,,,,REF.1/23," R$ 1.005,00 ",CAIXA IGREJA,SIM,RECEITA,REF.1/23ENTRADA OFERTAS DE CULTOS- ROCHA ETERNA - RECIBO -2087,VENCE HOJE
1,00012,9-jan.-23,9-jan.-23,RECIBO IGREJA,,MATERIAL LIMPEZA,SHALOM,,,,PGTO. MATERIAL LIMPEZA," R$ (13,00)",CAIXA IGREJA,SIM,DESPESA,PGTO. MATERIAL LIMPEZAMATERIAL LIMPEZA- SHALOM - RECIBO -12,VENCIDO
1,00014,9-jan.-23,9-jan.-23,RECIBO IGREJA,,ALIMENTAÇÃO,TEMPLO CENTRAL,,,,PGTO.ALIMENTAÇÃO PEDREIROS," R$ (30,00)",CAIXA IGREJA,SIM,DESPESA,PGTO.ALIMENTAÇÃO PEDREIROSALIMENTAÇÃO- TEMPLO CENTRAL - RECIBO -14,VENCIDO
1,00004,3-jan.-23,3-jan.-23,RECIBO IGREJA,,ALIMENTAÇÃO,TEMPLO CENTRAL,,,,PGTO. ALIMENTAÇAO PEDREIROS," R$ (30,00)",CAIXA IGREJA,SIM,DESPESA,PGTO. ALIMENTAÇAO PEDREIROSALIMENTAÇÃO- TEMPLO CENTRAL - RECIBO -4,VENCIDO
1,00003,3-jan.-23,3-jan.-23,RECIBO IGREJA,,LIMPEZA TC. E CONGR.,TEMPLO CENTRAL,,,,PGTO. LIMPEZA TC DE 8/1 A 10/1," R$ (180,00)",CAIXA IGREJA,SIM,DESPESA,PGTO. LIMPEZA TC DE 8/1 A 10/1LIMPEZA TC. E CONGR.- TEMPLO CENTRAL - RECIBO -3,VENCIDO
1,00002,3-jan.-23,3-jan.-23,RECIBO IGREJA,,LIMPEZA TC. E CONGR.,TEMPLO CENTRAL,,,,PGTO. LIMPEZA TC 3/1," R$ (90,00)",CAIXA IGREJA,SIM,DESPESA,PGTO. LIMPEZA TC 3/1LIMPEZA TC. E CONGR.- TEMPLO CENTRAL - RECIBO -2,VENCIDO
1,00001,2-jan.-23,2-jan.-23,RECIBO IGREJA,,ALIMENTAÇÃO,TEMPLO CENTRAL,,,,PGTO. ALIMENTAÇÃO PEDREIROS TC," R$ (45,00)",CAIXA IGREJA,SIM,DESPESA,PGTO. ALIMENTAÇÃO PEDREIROS TCALIMENTAÇÃO- TEMPLO CENTRAL - RECIBO -1,VENCIDO
1,00005,4-jan.-23,4-jan.-23,RECIBO IGREJA,,ALIMENTAÇÃO,TEMPLO CENTRAL,,,,PGTO.ALIMENTAÇÃO PEDREIROS," R$ (45,00)",CAIXA IGREJA,SIM,DESPESA,PGTO.ALIMENTAÇÃO PEDREIROSALIMENTAÇÃO- TEMPLO CENTRAL - RECIBO -5,VENCIDO
1,00006,5-jan.-23,5-jan.-23,RECIBO IGREJA,,VIGILÂNCIA PORTARIA,TEMPLO CENTRAL,,,,PGTO. JOSE CARLO / VIGILANCIA," R$ (303,00)",CAIXA IGREJA,SIM,DESPESA,PGTO. JOSE CARLO / VIGILANCIAVIGILÂNCIA PORTARIA- TEMPLO CENTRAL - RECIBO -6,VENCIDO
1,00026,10-jan.-23,10-jan.-23,RECIBO IGREJA,,ALIMENTAÇÃO,CHAMA VIVA,,,,PGTO.AGUA MINERAL," R$ (25,00)",CAIXA IGREJA,SIM,DESPESA,PGTO.AGUA MINERALALIMENTAÇÃO- CHAMA VIVA - RECIBO -26,VENCIDO
1,00019,10-jan.-23,10-jan.-23,RECIBO IGREJA,,LIMPEZA TC. E CONGR.,TEMPLO CENTRAL,,,,PGTO. REGINA COSTA," R$ (90,00)",CAIXA IGREJA,SIM,DESPESA,PGTO. REGINA COSTALIMPEZA TC. E CONGR.- TEMPLO CENTRAL - RECIBO -19,VENCIDO
1,00018,10-jan.-23,10-jan.-23,RECIBO IGREJA,,ALIMENTAÇÃO,TEMPLO CENTRAL,,,,PGTO. ALIMENTTAÇÃO /TESOURARIAE PEDREIROS," R$ (30,00)",CAIXA IGREJA,SIM,DESPESA,PGTO. ALIMENTTAÇÃO /TESOURARIAE PEDREIROSALIMENTAÇÃO- TEMPLO CENTRAL - RECIBO -18,VENCIDO
1,00009,5-jan.-23,5-jan.-23,RECIBO IGREJA,,SERVIÇOES PRESTADOS,TEMPLO CENTRAL,,,,PGTO. SERVIÇO PEDREIRO/PR.EDIMILSON GOMES," R$ (600,00)",CAIXA IGREJA,SIM,DESPESA,PGTO. SERVIÇO PEDREIRO/PR.EDIMILSON GOMESSERVIÇOES PRESTADOS- TEMPLO CENTRAL - RECIBO -9,VENCIDO
1,00010,5-jan.-23,5-jan.-23,RECIBO IGREJA,,SERVIÇOES PRESTADOS,TEMPLO CENTRAL,,,,PGTO. PEDREIRO/ PR. ALAN MACHADO," R$ (300,00)",CAIXA IGREJA,SIM,DESPESA,PGTO. PEDREIRO/ PR. ALAN MACHADOSERVIÇOES PRESTADOS- TEMPLO CENTRAL - RECIBO -10,VENCIDO
1,00017,9-jan.-23,9-jan.-23,RECIBO IGREJA,,ALIMENTAÇÃO,TEMPLO CENTRAL,,,,PGTO.ALIMENTAÇAO TESOURARIA," R$ (15,00)",CAIXA IGREJA,SIM,DESPESA,PGTO.ALIMENTAÇAO TESOURARIAALIMENTAÇÃO- TEMPLO CENTRAL - RECIBO -17,VENCIDO
1,00008,5-jan.-23,5-jan.-23,RECIBO IGREJA,,MATERIAL DE CONSUMO,TEMPLO CENTRAL,,,,PGTO.GAS COZINHA TC," R$ (112,00)",CAIXA IGREJA,SIM,DESPESA,PGTO.GAS COZINHA TCMATERIAL DE CONSUMO- TEMPLO CENTRAL - RECIBO -8,VENCIDO
1,00007,5-jan.-23,5-jan.-23,RECIBO IGREJA,,ALIMENTAÇÃO,TEMPLO CENTRAL,,,,PGTO. ALIMENTAÇÃO PEDREIROS," R$ (75,00)",CAIXA IGREJA,SIM,DESPESA,PGTO. ALIMENTAÇÃO PEDREIROSALIMENTAÇÃO- TEMPLO CENTRAL - RECIBO -7,VENCIDO
1,00025,11-jan.-23,11-jan.-23,RECIBO IGREJA,,ALIMENTAÇÃO,TEMPLO CENTRAL,,,,"PGTO. ALIMENTAÇÃO PEDREIROS, TESOURARIA."," R$ (45,00)",CAIXA IGREJA,SIM,DESPESA,"PGTO. ALIMENTAÇÃO PEDREIROS, TESOURARIA.ALIMENTAÇÃO- TEMPLO CENTRAL - RECIBO -25",VENCE HOJE
1,00013,9-jan.-23,9-jan.-23,RECIBO IGREJA,,ALIMENTAÇÃO,TEMPLO CENTRAL,,,,"PGTO. ALIMENTAÇAO JOSE CARLOS LIMA 3,6,9,12 E 15/1"," R$ (65,00)",CAIXA IGREJA,SIM,DESPESA,"PGTO. ALIMENTAÇAO JOSE CARLOS LIMA 3,6,9,12 E 15/1ALIMENTAÇÃO- TEMPLO CENTRAL - RECIBO -13",VENCIDO
1,00021,10-jan.-23,10-jan.-23,RECIBO IGREJA,,DONATIVOS,BETEL,,,,PGTO. AJUDA SOCIAL/ SR. IVALDO," R$ (860,00)",CAIXA IGREJA,SIM,DESPESA,PGTO. AJUDA SOCIAL/ SR. IVALDODONATIVOS- BETEL - RECIBO -21,VENCIDO
1,00020,10-jan.-23,10-jan.-23,RECIBO IGREJA,,ALIMENTAÇÃO,MONTE TABOR,,,,PGTO. AGUA MINERAL," R$ (8,00)",CAIXA IGREJA,SIM,DESPESA,PGTO. AGUA MINERALALIMENTAÇÃO- MONTE TABOR - RECIBO -20,VENCIDO
1,00027,10-jan.-23,10-jan.-23,RECIBO IGREJA,,ALIMENTAÇÃO,MAR DE CRISTAL,,,,PGTO. AGUA MINERAL," R$ (6,00)",CAIXA IGREJA,SIM,DESPESA,PGTO. AGUA MINERALALIMENTAÇÃO- MAR DE CRISTAL - RECIBO -27,VENCIDO
1,00022,11-jan.-23,11-jan.-23,RECIBO IGREJA,,MATERIAL EXPEDIENTE,TEMPLO CENTRAL,,,,PGTO. BLOCOS DE DIZIMOS E RELATORIOS," R$ (500,00)",CAIXA IGREJA,SIM,DESPESA,PGTO. BLOCOS DE DIZIMOS E RELATORIOSMATERIAL EXPEDIENTE- TEMPLO CENTRAL - RECIBO -22,VENCE HOJE
1,00011,5-jan.-23,5-jan.-23,RECIBO IGREJA,,SERVIÇOES PRESTADOS,TEMPLO CENTRAL,,,,PGTO. JEFFERSON RIBEIRO/ MANUTENCAO SISTEMA CFADNA," R$ (200,00)",CAIXA IGREJA,SIM,DESPESA,PGTO. JEFFERSON RIBEIRO/ MANUTENCAO SISTEMA CFADNASERVIÇOES PRESTADOS- TEMPLO CENTRAL - RECIBO -11,VENCIDO
1,00015,9-jan.-23,9-jan.-23,RECIBO IGREJA,,SERVIÇOES PRESTADOS,TEMPLO CENTRAL,,,,PGTO. DIARIA TESOUREIRA ADRIA MONIQUE 9TRABALHO EXTRA)," R$ (100,00)",CAIXA IGREJA,SIM,DESPESA,PGTO. DIARIA TESOUREIRA ADRIA MONIQUE 9TRABALHO EXTRA)SERVIÇOES PRESTADOS- TEMPLO CENTRAL - RECIBO -15,VENCIDO
1,,10-jan.-23,10-jan.-23,RECIBO IGREJA,,ALUGUES,NOVA VIDA,,,,PGTO. ALUGUEL NOVA VIDA," R$ (1.212,00)",CAIXA IGREJA,SIM,DESPESA,PGTO. ALUGUEL NOVA VIDAALUGUES- NOVA VIDA - RECIBO -,VENCIDO
1,,10-jan.-23,10-jan.-23,RECIBO IGREJA,,TRANSPORTE - ÔNIBUS,TEMPLO CENTRAL,,,,PGTO. ONIBUS AREA 3," R$ (250,00)",CAIXA IGREJA,SIM,DESPESA,PGTO. ONIBUS AREA 3TRANSPORTE - ÔNIBUS- TEMPLO CENTRAL - RECIBO -,VENCIDO
1,,3-jan.-23,3-jan.-23,RECIBO IGREJA,,TRANSPORTE - ÔNIBUS,TEMPLO CENTRAL,,,,PGTO. ONIBUS AREA7," R$ (200,00)",CAIXA IGREJA,SIM,DESPESA,PGTO. ONIBUS AREA7TRANSPORTE - ÔNIBUS- TEMPLO CENTRAL - RECIBO -,VENCIDO
1,,3-jan.-23,3-jan.-23,RECIBO IGREJA,,TRANSPORTE - ÔNIBUS,TEMPLO CENTRAL,,,,PGTO. ONIBUS AREA 6," R$ (300,00)",CAIXA IGREJA,SIM,DESPESA,PGTO. ONIBUS AREA 6TRANSPORTE - ÔNIBUS- TEMPLO CENTRAL - RECIBO -,VENCIDO
1,,3-jan.-23,3-jan.-23,RECIBO IGREJA,,TRANSPORTE - ÔNIBUS,TEMPLO CENTRAL,,,,PGTO. ONIBUS AREA 3," R$ (250,00)",CAIXA IGREJA,SIM,DESPESA,PGTO. ONIBUS AREA 3TRANSPORTE - ÔNIBUS- TEMPLO CENTRAL - RECIBO -,VENCIDO
1,,10-jan.-23,10-jan.-23,RECIBO IGREJA,,TRANSPORTE - ÔNIBUS,TEMPLO CENTRAL,,,,PGTO. ONIBUS AREA 7," R$ (200,00)",CAIXA IGREJA,SIM,DESPESA,PGTO. ONIBUS AREA 7TRANSPORTE - ÔNIBUS- TEMPLO CENTRAL - RECIBO -,VENCIDO
1,,10-jan.-23,10-jan.-23,RECIBO IGREJA,,TRANSPORTE - ÔNIBUS,TEMPLO CENTRAL,,,,PGTO.ONIBUS AREA 6," R$ (300,00)",CAIXA IGREJA,SIM,DESPESA,PGTO.ONIBUS AREA 6TRANSPORTE - ÔNIBUS- TEMPLO CENTRAL - RECIBO -,VENCIDO
1,02423,5-jan.-23,5-jan.-23,NFec,,VALE TRANSPORTE,TEMPLO CENTRAL,,,,PGTO. COMBUSTIVEL," R$ (15,07)",CAIXA IGREJA,SIM,DESPESA,PGTO. COMBUSTIVELVALE TRANSPORTE- TEMPLO CENTRAL - RECIBO -2423,VENCIDO
1,278488,10-jan.-23,10-jan.-23,NFec,,VALE TRANSPORTE,TEMPLO CENTRAL,,,,PGTO. COMBUSTIVEL," R$ (30,00)",CAIXA IGREJA,SIM,DESPESA,PGTO. COMBUSTIVELVALE TRANSPORTE- TEMPLO CENTRAL - RECIBO -278488,VENCIDO
1,258923,9-jan.-23,9-jan.-23,NFec,,MATERIAL LIMPEZA,NOVA VIDA,,,,PGTO.  MAT. LIMPEZA," R$ (15,40)",CAIXA IGREJA,SIM,DESPESA,PGTO.  MAT. LIMPEZAMATERIAL LIMPEZA- NOVA VIDA - RECIBO -258923,VENCIDO
1,,5-jan.-23,5-jan.-23,RECIBO IGREJA,,ALUGUES,NOVA ALIANÇA,,,,PGTO. ALUGUEL NOVA ALIANÇA," R$ (500,00)",CAIXA IGREJA,SIM,DESPESA,PGTO. ALUGUEL NOVA ALIANÇAALUGUES- NOVA ALIANÇA - RECIBO -,VENCIDO
1,01579,9-jan.-23,9-jan.-23,NFec,,MATERIAL LIMPEZA,PORTA DAS OVELHAS,,,,PGTO. MAT. LIMPEZA," R$ (30,90)",CAIXA IGREJA,SIM,DESPESA,PGTO. MAT. LIMPEZAMATERIAL LIMPEZA- PORTA DAS OVELHAS - RECIBO -1579,VENCIDO
1,360327,9-jan.-23,9-jan.-23,NFec,,MATERIAL LIMPEZA,MONTE MORIÁ,,,,PGTO. MAT. LIMPEZA," R$ (51,43)",CAIXA IGREJA,SIM,DESPESA,PGTO. MAT. LIMPEZAMATERIAL LIMPEZA- MONTE MORIÁ - RECIBO -360327,VENCIDO
1,205046,9-jan.-23,9-jan.-23,NFec,,ALIMENTAÇÃO,TEMPLO CENTRAL,,,,PGTO. TESOURARIA TC," R$ (20,60)",CAIXA IGREJA,SIM,DESPESA,PGTO. TESOURARIA TCALIMENTAÇÃO- TEMPLO CENTRAL - RECIBO -205046,VENCIDO
1,2944312,10-jan.-23,10-jan.-23,NFec,,MATERIAL DE CONSUMO,ESCUDO DA FÉ,,,,PGTO. COPO DESCARTAVEL," R$ (45,76)",CAIXA IGREJA,SIM,DESPESA,PGTO. COPO DESCARTAVELMATERIAL DE CONSUMO- ESCUDO DA FÉ - RECIBO -2944312,VENCIDO
1,68985,10-jan.-23,10-jan.-23,NFec,,MATERIAL LIMPEZA,ALTO REFÚGIO,,,,PGTO. MAT. LIMPEZA," R$ (61,11)",CAIXA IGREJA,SIM,DESPESA,PGTO. MAT. LIMPEZAMATERIAL LIMPEZA- ALTO REFÚGIO - RECIBO -68985,VENCIDO
1,371230,9-jan.-23,9-jan.-23,NFec,,MATERIAL LIMPEZA,MANANCIAL,,,,PGTO. MATERIAL LIMPEZA," R$ (69,22)",CAIXA IGREJA,SIM,DESPESA,PGTO. MATERIAL LIMPEZAMATERIAL LIMPEZA- MANANCIAL - RECIBO -371230,VENCIDO
1,231875,9-jan.-23,9-jan.-23,NFec,,MATERIAL DE CONSUMO,PROMESSA DE DEUS,,,,PGTO. MAT. CONSUMO," R$ (22,94)",CAIXA IGREJA,SIM,DESPESA,PGTO. MAT. CONSUMOMATERIAL DE CONSUMO- PROMESSA DE DEUS - RECIBO -231875,VENCIDO
1,174258,7-jan.-23,7-jan.-23,NFec,,MATERIAL DE CONSUMO,MONTE HOREBE,,,,," R$ (99,75)",CAIXA IGREJA,SIM,DESPESA,MATERIAL DE CONSUMO- MONTE HOREBE - RECIBO -174258,VENCIDO
1,204762,7-jan.-23,7-jan.-23,NFec,,MATERIAL LIMPEZA,LÍRIOS DOS VALES,,,,," R$ (100,75)",CAIXA IGREJA,SIM,DESPESA,MATERIAL LIMPEZA- LÍRIOS DOS VALES - RECIBO -204762,VENCIDO
1,224356,9-jan.-23,9-jan.-23,NFec,,MATERIAL LIMPEZA,PERSEVERANÇA,,,,," R$ (26,32)",CAIXA IGREJA,SIM,DESPESA,MATERIAL LIMPEZA- PERSEVERANÇA - RECIBO -224356,VENCIDO
1,422902,10-jan.-23,10-jan.-23,NFec,,MATERIAL DE CONSUMO,DEUS FORTE,,,,," R$ (102,00)",CAIXA IGREJA,SIM,DESPESA,MATERIAL DE CONSUMO- DEUS FORTE - RECIBO -422902,VENCIDO
1,184214,9-jan.-23,9-jan.-23,NFec,,MATERIAL EXPEDIENTE,TEMPLO CENTRAL,,,,," R$ (62,10)",CAIXA IGREJA,SIM,DESPESA,MATERIAL EXPEDIENTE- TEMPLO CENTRAL - RECIBO -184214,VENCIDO
1,,10-jan.-23,10-jan.-23,,,ALUGUES,ESCUDO DA FÉ,,,,PGTO. TAXA CONDOMINIO ," R$ (80,00)",CAIXA IGREJA,SIM,DESPESA,PGTO. TAXA CONDOMINIO ALUGUES- ESCUDO DA FÉ - RECIBO -,VENCIDO
1,00115,9-jan.-23,9-jan.-23,,,MATERIAL DE CONSUMO,PORTA DAS OVELHAS,,,,," R$ (110,00)",CAIXA IGREJA,SIM,DESPESA,MATERIAL DE CONSUMO- PORTA DAS OVELHAS - RECIBO -115,VENCIDO
1,00116,2-jan.-23,2-jan.-23,,,ALIMENTAÇÃO,NOVA VIDA,,,,PGTO. AGUA MINERAL," R$ (14,00)",CAIXA IGREJA,SIM,DESPESA,PGTO. AGUA MINERALALIMENTAÇÃO- NOVA VIDA - RECIBO -116,VENCIDO
1,00117,8-jan.-23,8-jan.-23,,,ALIMENTAÇÃO,MONTE SINAI,,,,PGTO. AGUA," R$ (24,00)",CAIXA IGREJA,SIM,DESPESA,PGTO. AGUAALIMENTAÇÃO- MONTE SINAI - RECIBO -117,VENCIDO
1,140273,10-jan.-23,10-jan.-23,NFec,,MATERIAL LIMPEZA,TEMPLO CENTRAL,,,,," R$ (704,44)",CAIXA IGREJA,SIM,DESPESA,MATERIAL LIMPEZA- TEMPLO CENTRAL - RECIBO -140273,VENCIDO
1,00023,11-jan.-23,11-jan.-23,RECIBO IGREJA,,AQUISIÇÃO DE MATERIAS E EQUIPAMENTOS,TEMPLO CENTRAL,,,,PGTO. PARCELA 6/10 NOTBOOK DO GILVAN MERCES," R$ (289,90)",CAIXA IGREJA,SIM,DESPESA,PGTO. PARCELA 6/10 NOTBOOK DO GILVAN MERCESAQUISIÇÃO DE MATERIAS E EQUIPAMENTOS- TEMPLO CENTRAL - RECIBO -23,VENCE HOJE
1,00028,9-jan.-23,9-jan.-23,RECIBO IGREJA,,VALE TRANSPORTE,TEMPLO CENTRAL,,,,PGTO. COMBUSTIVEL PARA SERVIÇOS BANCARIOS," R$ (50,00)",CAIXA IGREJA,SIM,DESPESA,PGTO. COMBUSTIVEL PARA SERVIÇOS BANCARIOSVALE TRANSPORTE- TEMPLO CENTRAL - RECIBO -28,VENCIDO
1,00024,11-jan.-23,11-jan.-23,RECIBO IGREJA,,AQUISIÇÃO DE MATERIAS E EQUIPAMENTOS,MONTE DAS OLIVEIRAS,,,,PGTO. PARCELA 1/5 DA BOMBA AGUA/ MONTE DAS OLIVEIRAS," R$ (204,80)",CAIXA IGREJA,SIM,DESPESA,PGTO. PARCELA 1/5 DA BOMBA AGUA/ MONTE DAS OLIVEIRASAQUISIÇÃO DE MATERIAS E EQUIPAMENTOS- MONTE DAS OLIVEIRAS - RECIBO -24,VENCE HOJE
1,00119,9-jan.-23,9-jan.-23,,,MATERIAL DE CONSUMO,MANANCIAL,,,,," R$ (30,00)",CAIXA IGREJA,SIM,DESPESA,MATERIAL DE CONSUMO- MANANCIAL - RECIBO -119,VENCIDO
1,00120,8-jan.-23,8-jan.-23,,,ALIMENTAÇÃO,MONTE MORIÁ,,,,PGTO. AGUA," R$ (16,00)",CAIXA IGREJA,SIM,DESPESA,PGTO. AGUAALIMENTAÇÃO- MONTE MORIÁ - RECIBO -120,VENCIDO
1,00121,8-jan.-23,8-jan.-23,,,AQUISIÇÃO DE MATERIAS E EQUIPAMENTOS,PORTA DAS OVELHAS,,,,," R$ (25,00)",CAIXA IGREJA,SIM,DESPESA,AQUISIÇÃO DE MATERIAS E EQUIPAMENTOS- PORTA DAS OVELHAS - RECIBO -121,VENCIDO
1,00122,8-jan.-23,8-jan.-23,,,ALIMENTAÇÃO,PORTA DAS OVELHAS,,,,PGTO. AGUA," R$ (32,00)",CAIXA IGREJA,SIM,DESPESA,PGTO. AGUAALIMENTAÇÃO- PORTA DAS OVELHAS - RECIBO -122,VENCIDO
1,00123,9-jan.-23,9-jan.-23,,,MANUTENÇÃO E REPARO DE BENS,MONTE MORIÁ,,,,," R$ (26,00)",CAIXA IGREJA,SIM,DESPESA,MANUTENÇÃO E REPARO DE BENS- MONTE MORIÁ - RECIBO -123,VENCIDO
1,00124,10-jan.-23,10-jan.-23,,,VALE TRANSPORTE,DEUS FORTE,,,,PGTO. MOTO TAXI TESOUREIRO," R$ (8,00)",CAIXA IGREJA,SIM,DESPESA,PGTO. MOTO TAXI TESOUREIROVALE TRANSPORTE- DEUS FORTE - RECIBO -124,VENCIDO
1,00125,10-jan.-23,10-jan.-23,,,MATERIAL LIMPEZA,DEUS FORTE,,,,," R$ (7,00)",CAIXA IGREJA,SIM,DESPESA,MATERIAL LIMPEZA- DEUS FORTE - RECIBO -125,VENCIDO
1,00126,9-jan.-23,9-jan.-23,,,AQUISIÇÃO DE MATERIAS E EQUIPAMENTOS,TEMPLO CENTRAL,,,,," R$ (362,50)",CAIXA IGREJA,SIM,DESPESA,AQUISIÇÃO DE MATERIAS E EQUIPAMENTOS- TEMPLO CENTRAL - RECIBO -126,VENCIDO
1,01715,3-jan.-23,3-jan.-23,,,ENTRADA DÍZIMO OBREIRO,TEMPLO CENTRAL,00301,MATHEUS IGREJA,AUX.,DEP. BANCARIO," R$ 226,62 ",CAIXA IGREJA,SIM,RECEITA,DEP. BANCARIOENTRADA DÍZIMO OBREIRO-MATHEUS IGREJA TEMPLO CENTRAL - RECIBO -1715,VENCIDO
1,01716,3-jan.-23,3-jan.-23,,,ENTRADA DÍZIMO OBREIRO,LIBERDADE,00415,ROSALINO ALVES RODRIGUES,AUX.,," R$ 120,00 ",CAIXA IGREJA,SIM,RECEITA,ENTRADA DÍZIMO OBREIRO-ROSALINO ALVES RODRIGUES LIBERDADE - RECIBO -1716,VENCIDO
1,01717,3-jan.-23,3-jan.-23,,,ENTRADA DÍZIMO OBREIRO,FRUTOS DA FÉ,00324,LUIZ THIAGO ALENCAR,DC.,," R$ 150,00 ",CAIXA IGREJA,SIM,RECEITA,ENTRADA DÍZIMO OBREIRO-LUIZ THIAGO ALENCAR FRUTOS DA FÉ - RECIBO -1717,VENCIDO
1,01720,3-jan.-23,3-jan.-23,,,ENTRADA DÍZIMO OBREIRO,MONTE SINAI,00097,RAIMUNDO SABINO,AUX.,," R$ 110,00 ",CAIXA IGREJA,SIM,RECEITA,ENTRADA DÍZIMO OBREIRO-RAIMUNDO SABINO MONTE SINAI - RECIBO -1720,VENCIDO
1,01716,3-jan.-23,3-jan.-23,,,ENTRADA DÍZIMO OBREIRO,LIBERDADE,00415,ROSALINO ALVES RODRIGUES,AUX.,," R$ 120,00 ",CAIXA IGREJA,SIM,RECEITA,ENTRADA DÍZIMO OBREIRO-ROSALINO ALVES RODRIGUES LIBERDADE - RECIBO -1716,VENCIDO
1,01717,3-jan.-23,3-jan.-23,,,ENTRADA DÍZIMO OBREIRO,FRUTOS DA FÉ,00324,LUIZ THIAGO ALENCAR,DC.,," R$ 150,00 ",CAIXA IGREJA,SIM,RECEITA,ENTRADA DÍZIMO OBREIRO-LUIZ THIAGO ALENCAR FRUTOS DA FÉ - RECIBO -1717,VENCIDO
1,01720,3-jan.-23,3-jan.-23,,,ENTRADA DÍZIMO OBREIRO,MONTE SINAI,00097,RAIMUNDO SABINO,AUX.,," R$ 110,00 ",CAIXA IGREJA,SIM,RECEITA,ENTRADA DÍZIMO OBREIRO-RAIMUNDO SABINO MONTE SINAI - RECIBO -1720,VENCIDO
1,01723,4-jan.-23,4-jan.-23,,,ENTRADA DÍZIMO OBREIRO,ROCHA ETERNA,00382,GILVAN MERCES DA SILVA,DC.,," R$ 66,00 ",CAIXA IGREJA,SIM,RECEITA,ENTRADA DÍZIMO OBREIRO-GILVAN MERCES DA SILVA ROCHA ETERNA - RECIBO -1723,VENCIDO
1,01724,4-jan.-23,4-jan.-23,,,ENTRADA DÍZIMO OBREIRO,MONTE DAS OLIVEIRAS,00423,LUIZ HENRIQUE ,AUX.,DEP. BANCARIO," R$ 226,38 ",CAIXA IGREJA,SIM,RECEITA,DEP. BANCARIOENTRADA DÍZIMO OBREIRO-LUIZ HENRIQUE  MONTE DAS OLIVEIRAS - RECIBO -1724,VENCIDO
1,01725,9-jan.-23,9-jan.-23,,,ENTRADA DÍZIMO OBREIRO,BETEL,00272,ROGERIO SOUZA RIBEIRO,DC.,," R$ 130,00 ",CAIXA IGREJA,SIM,RECEITA,ENTRADA DÍZIMO OBREIRO-ROGERIO SOUZA RIBEIRO BETEL - RECIBO -1725,VENCIDO
1,01726,4-jan.-23,4-jan.-23,,,ENTRADA DÍZIMO OBREIRO,NOVA JERUSALÉM,00066,JOSE AUGUSTO DIA SENA,DC.,DEP. BANCARIO," R$ 320,00 ",CAIXA IGREJA,SIM,RECEITA,DEP. BANCARIOENTRADA DÍZIMO OBREIRO-JOSE AUGUSTO DIA SENA NOVA JERUSALÉM - RECIBO -1726,VENCIDO
1,01727,6-jan.-23,6-jan.-23,,,ENTRADA DÍZIMO OBREIRO,MARANATA,00363,ANTONIO LOPES,DC.,DEP. BANCARIO," R$ 270,00 ",CAIXA IGREJA,SIM,RECEITA,DEP. BANCARIOENTRADA DÍZIMO OBREIRO-ANTONIO LOPES MARANATA - RECIBO -1727,VENCIDO
1,01728,7-jan.-23,7-jan.-23,,,ENTRADA DÍZIMO OBREIRO,MONTE DAS OLIVEIRAS,00394,JANILSON DE SOUSA LIMA,AUX.,DEP. BANCARIO," R$ 260,00 ",CAIXA IGREJA,SIM,RECEITA,DEP. BANCARIOENTRADA DÍZIMO OBREIRO-JANILSON DE SOUSA LIMA MONTE DAS OLIVEIRAS - RECIBO -1728,VENCIDO
1,01729,8-jan.-23,8-jan.-23,,,ENTRADA DÍZIMO OBREIRO,NOVA VIDA,00390,TIAGO BRAGA,DC.,DEP. BANCARIO," R$ 93,20 ",CAIXA IGREJA,SIM,RECEITA,DEP. BANCARIOENTRADA DÍZIMO OBREIRO-TIAGO BRAGA NOVA VIDA - RECIBO -1729,VENCIDO
1,01730,8-jan.-23,8-jan.-23,,,ENTRADA DÍZIMO OBREIRO,TEMPLO CENTRAL,00318,DANIEL RAILAN,AUX.,DEP. BANCARIO," R$ 35,00 ",CAIXA IGREJA,SIM,RECEITA,DEP. BANCARIOENTRADA DÍZIMO OBREIRO-DANIEL RAILAN TEMPLO CENTRAL - RECIBO -1730,VENCIDO
1,01731,9-jan.-23,9-jan.-23,,,ENTRADA DÍZIMO OBREIRO,TEMPLO CENTRAL,00318,DANIEL RAILAN,AUX.,DEP. BANCARIO," R$ 20,00 ",CAIXA IGREJA,SIM,RECEITA,DEP. BANCARIOENTRADA DÍZIMO OBREIRO-DANIEL RAILAN TEMPLO CENTRAL - RECIBO -1731,VENCIDO
1,01732,9-jan.-23,9-jan.-23,,,ENTRADA DÍZIMO OBREIRO,HERANÇA DE CRISTO,00389,JOSE ROGERIO ROCHA VALENTE,DC.,DEP. BANCARIO," R$ 300,00 ",CAIXA IGREJA,SIM,RECEITA,DEP. BANCARIOENTRADA DÍZIMO OBREIRO-JOSE ROGERIO ROCHA VALENTE HERANÇA DE CRISTO - RECIBO -1732,VENCIDO
1,01733,10-jan.-23,10-jan.-23,,,ENTRADA DÍZIMO OBREIRO,MONTE DAS OLIVEIRAS,00279,LUCINEY SANTOS,DC.,DEP. BANCARIO," R$ 660,00 ",CAIXA IGREJA,SIM,RECEITA,DEP. BANCARIOENTRADA DÍZIMO OBREIRO-LUCINEY SANTOS MONTE DAS OLIVEIRAS - RECIBO -1733,VENCIDO
1,01734,10-jan.-23,10-jan.-23,,,ENTRADA DÍZIMO OBREIRO,MONTE SINAI,00097,RAIMUNDO SABINO,AUX.,," R$ 220,00 ",CAIXA IGREJA,SIM,RECEITA,ENTRADA DÍZIMO OBREIRO-RAIMUNDO SABINO MONTE SINAI - RECIBO -1734,VENCIDO
1,01735,10-jan.-23,10-jan.-23,,,ENTRADA DÍZIMO OBREIRO,REDENÇÃO,00420,NALCI CARDOSO BRITO,DC.,," R$ 252,00 ",CAIXA IGREJA,SIM,RECEITA,ENTRADA DÍZIMO OBREIRO-NALCI CARDOSO BRITO REDENÇÃO - RECIBO -1735,VENCIDO
1,01736,10-jan.-23,10-jan.-23,,,ENTRADA DÍZIMO OBREIRO,GETSÊMANI,00380,ALMIR RODRIGUES,AUX.,," R$ 32,00 ",CAIXA IGREJA,SIM,RECEITA,ENTRADA DÍZIMO OBREIRO-ALMIR RODRIGUES GETSÊMANI - RECIBO -1736,VENCIDO
1,01737,10-jan.-23,10-jan.-23,,,ENTRADA DÍZIMO OBREIRO,REDENÇÃO,00411,FRANCISCO DE ASSIS CORDEIRO,DC.,DEP. BANCARIO," R$ 200,00 ",CAIXA IGREJA,SIM,RECEITA,DEP. BANCARIOENTRADA DÍZIMO OBREIRO-FRANCISCO DE ASSIS CORDEIRO REDENÇÃO - RECIBO -1737,VENCIDO
1,01738,12-jan.-23,12-jan.-23,,,ENTRADA DÍZIMO OBREIRO,PROMESSA DE DEUS,00008,ALCIONI PERBONI,DC.,," R$ 50,00 ",CAIXA IGREJA,SIM,RECEITA,ENTRADA DÍZIMO OBREIRO-ALCIONI PERBONI PROMESSA DE DEUS - RECIBO -1738,VENCE HOJE
#ERROR!,#ERROR!,#ERROR!,#ERROR!,#ERROR!,,#ERROR!,#ERROR!,#ERROR!,#ERROR!,#ERROR!,#ERROR!,#ERROR!,#ERROR!,#ERROR!,#ERROR!,#ERROR!,#ERROR!
#ERROR!,#ERROR!,#ERROR!,#ERROR!,#ERROR!,,#ERROR!,#ERROR!,#ERROR!,#ERROR!,#ERROR!,#ERROR!,#ERROR!,#ERROR!,#ERROR!,#ERROR!,#ERROR!,#ERROR!
1,01558,5-jan.-23,5-jan.-23,,,ENTRADA DÍZIMO OBREIRO,NOVA JERUSALÉM,00102,RONIE GLEISON,PB.,," R$ 121,00 ",CAIXA IGREJA,SIM,RECEITA,ENTRADA DÍZIMO OBREIRO-RONIE GLEISON NOVA JERUSALÉM - RECIBO -1558,VENCIDO
1,01560,6-jan.-23,6-jan.-23,,,ENTRADA DÍZIMO OBREIRO,TEMPLO CENTRAL,00042,FRANCIVALDO MATOS,PB.,DEP. BANCARIO," R$ 250,00 ",CAIXA IGREJA,SIM,RECEITA,DEP. BANCARIOENTRADA DÍZIMO OBREIRO-FRANCIVALDO MATOS TEMPLO CENTRAL - RECIBO -1560,VENCIDO
1,01560,6-jan.-23,6-jan.-23,,,ENTRADA DÍZIMO OBREIRO,TEMPLO CENTRAL,00042,FRANCIVALDO MATOS,PB.,DEP. BANCARIO," R$ 250,00 ",CAIXA IGREJA,SIM,RECEITA,DEP. BANCARIOENTRADA DÍZIMO OBREIRO-FRANCIVALDO MATOS TEMPLO CENTRAL - RECIBO -1560,VENCIDO
1,01561,10-jan.-23,10-jan.-23,,,ENTRADA DÍZIMO OBREIRO,BETEL,00381,ANTONIO DE ABREU,PB.,DEP. BANCARIO," R$ 200,00 ",CAIXA IGREJA,SIM,RECEITA,DEP. BANCARIOENTRADA DÍZIMO OBREIRO-ANTONIO DE ABREU BETEL - RECIBO -1561,VENCIDO
1,01562,9-jan.-23,9-jan.-23,,,ENTRADA DÍZIMO OBREIRO,MONTE HOREBE,00043,FRANÇOIS MENDES,PB.,DEP. BANCARIO," R$ 100,00 ",CAIXA IGREJA,SIM,RECEITA,DEP. BANCARIOENTRADA DÍZIMO OBREIRO-FRANÇOIS MENDES MONTE HOREBE - RECIBO -1562,VENCIDO
1,01566,10-jan.-23,10-jan.-23,,,ENTRADA DÍZIMO OBREIRO,MONTE MORIÁ,00091,ODAILSON SENADO,DC.,," R$ 99,00 ",CAIXA IGREJA,SIM,RECEITA,ENTRADA DÍZIMO OBREIRO-ODAILSON SENADO MONTE MORIÁ - RECIBO -1566,VENCIDO
1,00030,12-jan.-23,12-jan.-23,RECIBO IGREJA,,VIGILÂNCIA PORTARIA,TEMPLO CENTRAL,,,,PGTO. JOSE CARLOS," R$ 303,00 ",CAIXA IGREJA,SIM,RECEITA,PGTO. JOSE CARLOSVIGILÂNCIA PORTARIA- TEMPLO CENTRAL - RECIBO -30,VENCE HOJE
1,01566,10-jan.-23,10-jan.-23,,,ENTRADA DÍZIMO OBREIRO,MONTE MORIÁ,00091,ODAILSON SENADO,DC.,," R$ 99,00 ",CAIXA IGREJA,SIM,RECEITA,ENTRADA DÍZIMO OBREIRO-ODAILSON SENADO MONTE MORIÁ - RECIBO -1566,VENCIDO
1,00030,12-jan.-23,12-jan.-23,RECIBO IGREJA,,VIGILÂNCIA PORTARIA,TEMPLO CENTRAL,,,,PGTO. JOSE CARLOS," R$ 303,00 ",CAIXA IGREJA,SIM,RECEITA,PGTO. JOSE CARLOSVIGILÂNCIA PORTARIA- TEMPLO CENTRAL - RECIBO -30,VENCE HOJE
1,01451,10-jan.-23,10-jan.-23,,,ENTRADA DÍZIMO OBREIRO,CONQUISTA,00406,DANIEL DE PAULA MARTINS,PR. ,," R$ 66,00 ",CAIXA IGREJA,SIM,RECEITA,ENTRADA DÍZIMO OBREIRO-DANIEL DE PAULA MARTINS CONQUISTA - RECIBO -1451,VENCIDO
1,01452,10-jan.-23,10-jan.-23,,,ENTRADA DÍZIMO OBREIRO,TEMPLO CENTRAL,00187,ONOFRE AUGUSTO A. FERNANDES,PB.,," R$ 3.332,35 ",CAIXA IGREJA,SIM,RECEITA,ENTRADA DÍZIMO OBREIRO-ONOFRE AUGUSTO A. FERNANDES TEMPLO CENTRAL - RECIBO -1452,VENCIDO
1,01453,10-jan.-23,10-jan.-23,,,ENTRADA DÍZIMO OBREIRO,LÍRIOS DOS VALES,00109,TED WILSON P. BRAGA,PR. ,," R$ 50,00 ",CAIXA IGREJA,SIM,RECEITA,ENTRADA DÍZIMO OBREIRO-TED WILSON P. BRAGA LÍRIOS DOS VALES - RECIBO -1453,VENCIDO
1,01454,10-jan.-23,10-jan.-23,,,ENTRADA DÍZIMO OBREIRO,HERANÇA DE CRISTO,00228,OZIEL SOUSA COSTA,PR. ,," R$ 40,00 ",CAIXA IGREJA,SIM,RECEITA,ENTRADA DÍZIMO OBREIRO-OZIEL SOUSA COSTA HERANÇA DE CRISTO - RECIBO -1454,VENCIDO
1,01454,10-jan.-23,10-jan.-23,,,ENTRADA DÍZIMO OBREIRO,HERANÇA DE CRISTO,00228,OZIEL SOUSA COSTA,PR. ,," R$ 40,00 ",CAIXA IGREJA,SIM,RECEITA,ENTRADA DÍZIMO OBREIRO-OZIEL SOUSA COSTA HERANÇA DE CRISTO - RECIBO -1454,VENCIDO
1,01456,10-jan.-23,10-jan.-23,,,ENTRADA DÍZIMO OBREIRO,PERSEVERANÇA,00013,ANTONIO FROTA,PB.,," R$ 157,00 ",CAIXA IGREJA,SIM,RECEITA,ENTRADA DÍZIMO OBREIRO-ANTONIO FROTA PERSEVERANÇA - RECIBO -1456,VENCIDO
1,01456,10-jan.-23,10-jan.-23,,,ENTRADA DÍZIMO OBREIRO,PERSEVERANÇA,00013,ANTONIO FROTA,PB.,," R$ 157,00 ",CAIXA IGREJA,SIM,RECEITA,ENTRADA DÍZIMO OBREIRO-ANTONIO FROTA PERSEVERANÇA - RECIBO -1456,VENCIDO
1,00166,12-jan.-23,12-jan.-23,,,ENTRADA DÍZIMO DE CONGR.,FILADÉLFIA,,,,REF.1/23," R$ 708,50 ",CAIXA IGREJA,SIM,RECEITA,REF.1/23ENTRADA DÍZIMO DE CONGR.- FILADÉLFIA - RECIBO -166,VENCE HOJE
1,00344,10-jan.-23,10-jan.-23,,,ENTRADA DÍZIMO DE CONGR.,TEMPLO CENTRAL,,,,DIZIMO REGINA COSTA," R$ 27,00 ",CAIXA IGREJA,SIM,RECEITA,DIZIMO REGINA COSTAENTRADA DÍZIMO DE CONGR.- TEMPLO CENTRAL - RECIBO -344,VENCIDO
1,00166,12-jan.-23,12-jan.-23,,,ENTRADA DÍZIMO DE CONGR.,FILADÉLFIA,,,,REF.1/23," R$ 708,50 ",CAIXA IGREJA,SIM,RECEITA,REF.1/23ENTRADA DÍZIMO DE CONGR.- FILADÉLFIA - RECIBO -166,VENCE HOJE
1,00344,10-jan.-23,10-jan.-23,,,ENTRADA DÍZIMO DE CONGR.,TEMPLO CENTRAL,,,,DIZIMO REGINA COSTA," R$ 27,00 ",CAIXA IGREJA,SIM,RECEITA,DIZIMO REGINA COSTAENTRADA DÍZIMO DE CONGR.- TEMPLO CENTRAL - RECIBO -344,VENCIDO
1,00345,10-jan.-23,10-jan.-23,,,ENTRADA DÍZIMO DE CONGR.,TEMPLO CENTRAL,,,,DIZIMO MARIA LUCIENE SANTOS," R$ 70,00 ",CAIXA IGREJA,SIM,RECEITA,DIZIMO MARIA LUCIENE SANTOSENTRADA DÍZIMO DE CONGR.- TEMPLO CENTRAL - RECIBO -345,VENCIDO
1,02125,10-jan.-23,10-jan.-23,,,ENTRADA DÍZIMO OBREIRO,MONTE TABOR,00019,CARLOS VANRALEN,DC.,," R$ 120,00 ",CAIXA IGREJA,SIM,RECEITA,ENTRADA DÍZIMO OBREIRO-CARLOS VANRALEN MONTE TABOR - RECIBO -2125,VENCIDO
1,02126,10-jan.-23,10-jan.-23,,,ENTRADA DÍZIMO OBREIRO,NOVA JERUSALÉM,00393,JOSE RODRIGUES MONTEIRO JUNIOR,AUX.,," R$ 120,00 ",CAIXA IGREJA,SIM,RECEITA,ENTRADA DÍZIMO OBREIRO-JOSE RODRIGUES MONTEIRO JUNIOR NOVA JERUSALÉM - RECIBO -2126,VENCIDO
1,00031,12-jan.-23,12-jan.-23,RECIBO IGREJA,,ALIMENTAÇÃO,TEMPLO CENTRAL,,,,PGTO. ALIMENTAÇÃO PEDREIROS E TESOURARIA," R$ (45,00)",CAIXA IGREJA,SIM,DESPESA,PGTO. ALIMENTAÇÃO PEDREIROS E TESOURARIAALIMENTAÇÃO- TEMPLO CENTRAL - RECIBO -31,VENCE HOJE
1,02128,10-jan.-23,10-jan.-23,,,ENTRADA DÍZIMO OBREIRO,TEMPLO CENTRAL,00425,LEUTON SILVA MACIEL,DC,," R$ 74,00 ",CAIXA IGREJA,SIM,RECEITA,ENTRADA DÍZIMO OBREIRO-LEUTON SILVA MACIEL TEMPLO CENTRAL - RECIBO -2128,VENCIDO
1,02128,10-jan.-23,10-jan.-23,,,ENTRADA DÍZIMO OBREIRO,TEMPLO CENTRAL,00343,MATEUS COSTA,DC.,," R$ 300,00 ",CAIXA IGREJA,SIM,RECEITA,ENTRADA DÍZIMO OBREIRO-MATEUS COSTA TEMPLO CENTRAL - RECIBO -2128,VENCIDO
1,02128,10-jan.-23,10-jan.-23,,,ENTRADA DÍZIMO OBREIRO,TEMPLO CENTRAL,00425,LEUTON SILVA MACIEL,DC,," R$ 74,00 ",CAIXA IGREJA,SIM,RECEITA,ENTRADA DÍZIMO OBREIRO-LEUTON SILVA MACIEL TEMPLO CENTRAL - RECIBO -2128,VENCIDO
1,02128,10-jan.-23,10-jan.-23,,,ENTRADA DÍZIMO OBREIRO,TEMPLO CENTRAL,00425,LEUTON SILVA MACIEL,DC,," R$ 74,00 ",CAIXA IGREJA,SIM,RECEITA,ENTRADA DÍZIMO OBREIRO-LEUTON SILVA MACIEL TEMPLO CENTRAL - RECIBO -2128,VENCIDO
1,02130,12-jan.-23,12-jan.-23,,,ENTRADA DÍZIMO OBREIRO,LUZ E VIDA,00003,ADRIANO SENA SOUZA,DC.,," R$ 120,00 ",CAIXA IGREJA,SIM,RECEITA,ENTRADA DÍZIMO OBREIRO-ADRIANO SENA SOUZA LUZ E VIDA - RECIBO -2130,VENCE HOJE
1,02131,8-jan.-23,8-jan.-23,,,ENTRADA DÍZIMO OBREIRO,MONTE HOREBE,00326,JOSENIO LEAL VITAL,DC.,DEP. BANCARIO," R$ 264,00 ",CAIXA IGREJA,SIM,RECEITA,DEP. BANCARIOENTRADA DÍZIMO OBREIRO-JOSENIO LEAL VITAL MONTE HOREBE - RECIBO -2131,VENCIDO
1,00364,2-jan.-23,2-jan.-23,,,ENTRADA DÍZIMO DE CONGR.,PERSEVERANÇA,,,,DIZIMO ERLANE RIBEIRO/ DEP. BANCARIO," R$ 121,00 ",CAIXA IGREJA,SIM,RECEITA,DIZIMO ERLANE RIBEIRO DE OLIVEIRAENTRADA DÍZIMO OBREIRO- PERSEVERANÇA - RECIBO -364,VENCIDO
1,00365,2-jan.-23,2-jan.-23,,,ENTRADA DÍZIMO DE CONGR.,TEMPLO CENTRAL,,,,DIZIMO SHARLENE ARAUJO/DEP. BANCARIO," R$ 300,00 ",CAIXA IGREJA,SIM,RECEITA,DIZIMO SHARLENE ARAUJOENTRADA DÍZIMO OBREIRO- TEMPLO CENTRAL - RECIBO -365,VENCIDO
1,00366,2-jan.-23,2-jan.-23,,,ENTRADA DÍZIMO DE CONGR.,ESCUDO DA FÉ,,,,DIZIMO ENDERSON SANTOS/DEP. BANCARIO," R$ 130,00 ",CAIXA IGREJA,SIM,RECEITA,DIZIMO ENDERSON SANTOSENTRADA DÍZIMO OBREIRO- ESCUDO DA FÉ - RECIBO -366,VENCIDO
1,00367,2-jan.-23,2-jan.-23,,,ENTRADA DÍZIMO DE CONGR.,MONTE HOREBE,,,,DIZIMO MARIA DO SOCORRO DE SOUZA/ DEP. BANCARIO," R$ 205,00 ",CAIXA IGREJA,SIM,RECEITA,DIZIMO MARIA DO SOCORRO DE SOUZAENTRADA DÍZIMO DE CONGR.- MONTE HOREBE - RECIBO -367,VENCIDO
1,00368,2-jan.-23,2-jan.-23,,,ENTRADA DÍZIMO DE CONGR.,TEMPLO CENTRAL,,,,DIZMO MARIA GORETE DUARTE/DEP. BANCARIO," R$ 450,00 ",CAIXA IGREJA,SIM,RECEITA,DIZIMIO MARIA GORETE DUARTE/ DEP. BANCARIOENTRADA DÍZIMO DE CONGR.- TEMPLO CENTRAL - RECIBO -368,VENCIDO
1,00369,4-jan.-23,4-jan.-23,,,ENTRADA DÍZIMO DE CONGR.,TEMPLO CENTRAL,,,,DIZIMI ADRIA MONIQUE," R$ 144,00 ",CAIXA IGREJA,SIM,RECEITA,DIZIMI ADRIA MONIQUEENTRADA DÍZIMO DE CONGR.- TEMPLO CENTRAL - RECIBO -369,VENCIDO
1,00370,5-jan.-23,5-jan.-23,,,ENTRADA DÍZIMO DE CONGR.,TEMPLO CENTRAL,,,,DIZIMO JOSE CARLOS LIMA," R$ 30,00 ",CAIXA IGREJA,SIM,RECEITA,DIZIMO JOSE CARLOS LIMAENTRADA DÍZIMO DE CONGR.- TEMPLO CENTRAL - RECIBO -370,VENCIDO
1,00371,3-jan.-23,3-jan.-23,,,ENTRADA DÍZIMO DE CONGR.,MONTE DAS OLIVEIRAS,,,,DIZIMO PRICILA DEBORA VIEIRA/DEP. BANCARIO," R$ 591,80 ",CAIXA IGREJA,SIM,RECEITA,DIZIMO PRICILA DEBORA VIEIRAENTRADA DÍZIMO DE CONGR.- MONTE DAS OLIVEIRAS - RECIBO -371,VENCIDO
1,00372,10-jan.-23,10-jan.-23,,,ENTRADA DÍZIMO DE CONGR.,TEMPLO CENTRAL,,,,DIZIMO AUGUSTO RAMON MARQUES," R$ 227,50 ",CAIXA IGREJA,SIM,RECEITA,DIZIMO AUGUSTO RAMON MARQUESENTRADA DÍZIMO DE CONGR.- TEMPLO CENTRAL - RECIBO -372,VENCIDO
1,00373,10-jan.-23,10-jan.-23,,,ENTRADA DÍZIMO DE CONGR.,TEMPLO CENTRAL,,,,DIZMO SHIRLENE SUZANA SOUZA/ DEP. BANCARIO," R$ 129,30 ",CAIXA IGREJA,SIM,RECEITA,DIZMO SHIRLENE SUZANA SOUZA/ DEP. BANCARIOENTRADA DÍZIMO DE CONGR.- TEMPLO CENTRAL - RECIBO -373,VENCIDO
1,00377,12-jan.-23,12-jan.-23,,,ENTRADA DÍZIMO DE CONGR.,TEMPLO CENTRAL,,,,DIZIMO JOSE CARLOS," R$ 30,00 ",CAIXA IGREJA,SIM,RECEITA,DIZIMO JOSE CARLOSENTRADA DÍZIMO DE CONGR.- TEMPLO CENTRAL - RECIBO -377,VENCE HOJE
1,00375,10-jan.-23,10-jan.-23,,,ENTRADA DÍZIMO DE CONGR.,MONTE HOREBE,,,,DIZIMO MARIA BEATRIZ VIEIRA/ DEP. BANCARIO," R$ 830,00 ",CAIXA IGREJA,SIM,RECEITA,DIZIMO MARIA BEATRIZ VIEIRA/ DEP. BANCARIOENTRADA DÍZIMO DE CONGR.- MONTE HOREBE - RECIBO -375,VENCIDO
1,00377,12-jan.-23,12-jan.-23,,,ENTRADA DÍZIMO DE CONGR.,TEMPLO CENTRAL,,,,DIZIMO JOSE CARLOS," R$ 30,00 ",CAIXA IGREJA,SIM,RECEITA,DIZIMO JOSE CARLOSENTRADA DÍZIMO DE CONGR.- TEMPLO CENTRAL - RECIBO -377,VENCE HOJE
1,00347,10-jan.-23,10-jan.-23,,,ENTRADA DÍZIMO DE CONGR.,TEMPLO CENTRAL,,,,DIZIMO TAMIRES DA VERA CRUZ/ DEP. BANCARIO," R$ 263,00 ",CAIXA IGREJA,SIM,RECEITA,DIZIMO TAMIRES DA VERA CRUZ/ DEP. BANCARIOENTRADA DÍZIMO DE CONGR.- TEMPLO CENTRAL - RECIBO -347,VENCIDO
1,00346,8-jan.-23,8-jan.-23,,,ENTRADA DÍZIMO OBREIRO,MONTE CARMELO,00426,ARMANDO ALVES VIANA,AUX.,," R$ 190,00 ",CAIXA IGREJA,SIM,RECEITA,ENTRADA DÍZIMO OBREIRO-ARMANDO ALVES VIANA MONTE CARMELO - RECIBO -346,VENCIDO
1,00347,10-jan.-23,10-jan.-23,,,ENTRADA DÍZIMO DE CONGR.,TEMPLO CENTRAL,,,,DIZIMO TAMIRES DA VERA CRUZ/ DEP. BANCARIO," R$ 263,00 ",CAIXA IGREJA,SIM,RECEITA,DIZIMO TAMIRES DA VERA CRUZ/ DEP. BANCARIOENTRADA DÍZIMO DE CONGR.- TEMPLO CENTRAL - RECIBO -347,VENCIDO
1,00346,8-jan.-23,8-jan.-23,,,ENTRADA DÍZIMO OBREIRO,MONTE CARMELO,00426,ARMANDO ALVES VIANA,AUX.,," R$ 190,00 ",CAIXA IGREJA,SIM,RECEITA,ENTRADA DÍZIMO OBREIRO-ARMANDO ALVES VIANA MONTE CARMELO - RECIBO -346,VENCIDO
1,00016,9-jan.-23,9-jan.-23,,,PREBLENDA PASTORAL,TEMPLO CENTRAL,,,,," R$ (400,00)",CAIXA IGREJA,SIM,DESPESA,PREBLENDA PASTORAL- TEMPLO CENTRAL - RECIBO -16,VENCIDO
1,339790,12-jan.-23,12-jan.-23,,,DONATIVOS,TEMPLO CENTRAL,,,,PGTO. DESPESA DO CARTORIO," R$ (43,50)",CAIXA IGREJA,SIM,DESPESA,PGTO. DESPESA DO CARTORIODONATIVOS- TEMPLO CENTRAL - RECIBO -339790,VENCE HOJE
1,00016,9-jan.-23,9-jan.-23,,,PREBLENDA PASTORAL,TEMPLO CENTRAL,,,,," R$ (400,00)",CAIXA IGREJA,SIM,DESPESA,PREBLENDA PASTORAL- TEMPLO CENTRAL - RECIBO -16,VENCIDO
1,339790,12-jan.-23,12-jan.-23,,,DONATIVOS,TEMPLO CENTRAL,,,,PGTO. DESPESA DO CARTORIO," R$ (43,50)",CAIXA IGREJA,SIM,DESPESA,PGTO. DESPESA DO CARTORIODONATIVOS- TEMPLO CENTRAL - RECIBO -339790,VENCE HOJE
1,00150,10-jan.-23,10-jan.-23,,,DONATIVOS,TEMPLO CENTRAL,,,,PGTO. ASSISTENCIA SOCIAL/ MAURO DIAS," R$ (200,00)",CAIXA IGREJA,SIM,DESPESA,PGTO. ASSISTENCIA SOCIAL/ MAURO DIASDONATIVOS- TEMPLO CENTRAL - RECIBO -150,VENCIDO
1,00156,5-jan.-23,5-jan.-23,,,DONATIVOS,TEMPLO CENTRAL,,,,PGTO. FUNERAL IRMA LIDIA," R$ (300,00)",CAIXA IGREJA,SIM,DESPESA,PGTO. FUNERAL IRMA LIDIADONATIVOS- TEMPLO CENTRAL - RECIBO -156,VENCIDO
1,00152,8-jan.-23,8-jan.-23,,,DONATIVOS,TEMPLO CENTRAL,,,,PGTO. ASSISTENCIA SOCIAL / DAVI J. PINT," R$ (300,00)",CAIXA IGREJA,SIM,DESPESA,PGTO. ASSISTENCIA SOCIAL / DAVI J. PINTDONATIVOS- TEMPLO CENTRAL - RECIBO -152,VENCIDO
1,00156,5-jan.-23,5-jan.-23,,,DONATIVOS,TEMPLO CENTRAL,,,,PGTO. FUNERAL IRMA LIDIA," R$ (300,00)",CAIXA IGREJA,SIM,DESPESA,PGTO. FUNERAL IRMA LIDIADONATIVOS- TEMPLO CENTRAL - RECIBO -156,VENCIDO
1,00156,5-jan.-23,5-jan.-23,,,DONATIVOS,TEMPLO CENTRAL,,,,PGTO. FUNERAL IRMA LIDIA," R$ (300,00)",CAIXA IGREJA,SIM,DESPESA,PGTO. FUNERAL IRMA LIDIADONATIVOS- TEMPLO CENTRAL - RECIBO -156,VENCIDO
1,00158,8-jan.-23,8-jan.-23,,,DONATIVOS,TEMPLO CENTRAL,,,,PGTO. ASSISTENCIA SOCIAL/ IVALDO CARDOSO," R$ (60,00)",CAIXA IGREJA,SIM,DESPESA,PGTO. ASSISTENCIA SOCIAL/ IVALDO CARDOSODONATIVOS- TEMPLO CENTRAL - RECIBO -158,VENCIDO
1,08089,3-jan.-23,3-jan.-23,,,ENTRADA OFERTA AVULSA,TEMPLO CENTRAL,,,,OFERTA CULTO ADMINISTRATIVO," R$ 499,10 ",CAIXA IGREJA,SIM,RECEITA,CULTO ADMINISTRATIVOENTRADA OFERTA AVULSA- TEMPLO CENTRAL - RECIBO -8089,VENCIDO
1,08091,10-jan.-23,10-jan.-23,,,ENTRADA OFERTA AVULSA,TEMPLO CENTRAL,,,,OFERTA CULTO ADMINISTRATIVO," R$ 317,45 ",CAIXA IGREJA,SIM,RECEITA,OFERTA CULTO ADMINISTRATIVOENTRADA OFERTA AVULSA- TEMPLO CENTRAL - RECIBO -8091,VENCIDO
1,08092,10-jan.-23,10-jan.-23,,,ENTRADA OFERTA AVULSA,TEMPLO CENTRAL,,,,SEGUNDA OFERTA CULTO ADMINISTRATIVO," R$ 860,00 ",CAIXA IGREJA,SIM,RECEITA,SEGUNDA OFERTA CULTO ADMINISTRATIVOENTRADA OFERTA AVULSA- TEMPLO CENTRAL - RECIBO -8092,VENCIDO
1,08093,8-jan.-23,8-jan.-23,,,ENTRADA OFERTA AVULSA,TEMPLO CENTRAL,,,,OFERTA VANESSA MEYELEN/ DEP. BANCARIO," R$ 3,00 ",CAIXA IGREJA,SIM,RECEITA,VANESSA MEIRYELEN/ DEP. BANCARIOENTRADA OFERTA AVULSA- TEMPLO CENTRAL - RECIBO -8093,VENCIDO
1,08094,8-jan.-23,8-jan.-23,,,ENTRADA OFERTA AVULSA,TEMPLO CENTRAL,,,,OFERTA VANESSA MEYELEN/ DEP. BANCARIO," R$ 10,00 ",CAIXA IGREJA,SIM,RECEITA,OFERTA VANESSA MEYELEN/ DEP. BANCARIOENTRADA OFERTA AVULSA- TEMPLO CENTRAL - RECIBO -8094,VENCIDO
1,08095,1-jan.-23,,44927,,ENTRADA OFERTA AVULSA,TEMPLO CENTRAL,,,,OFERTA ANDRE LOBO/ DEP. BANCARIO," R$ 2,00 ",CAIXA IGREJA,SIM,RECEITA,OFERTA ANDRE LOBO/ DEP. BANCARIOENTRADA OFERTA AVULSA- TEMPLO CENTRAL - RECIBO -8095,VENCIDO
1,08096,8-jan.-23,8-jan.-23,,,ENTRADA OFERTA AVULSA,TEMPLO CENTRAL,,,,OFERTA LUIS RENATO/ DEP. BANCARIO," R$ 1,80 ",CAIXA IGREJA,SIM,RECEITA,OFERTA LUIS RENATO/ DEP. BANCARIOENTRADA OFERTA AVULSA- TEMPLO CENTRAL - RECIBO -8096,VENCIDO
1,08097,8-jan.-23,8-jan.-23,,,ENTRADA OFERTA AVULSA,TEMPLO CENTRAL,,,,OFERTA GABRIEL AGUIAR/ DEP. BANCARIO," R$ 1,00 ",CAIXA IGREJA,SIM,RECEITA,OFERTA GABRIEL AGUIAR/ DEP. BANCARIOENTRADA OFERTA AVULSA- TEMPLO CENTRAL - RECIBO -8097,VENCIDO
1,08098,8-jan.-23,8-jan.-23,,,ENTRADA OFERTA AVULSA,TEMPLO CENTRAL,,,,OFERTA JOAO VITOR/ DEP. BANCARIO," R$ 5,00 ",CAIXA IGREJA,SIM,RECEITA,OFERTA JOAO VITOR/ DEP. BANCARIOENTRADA OFERTA AVULSA- TEMPLO CENTRAL - RECIBO -8098,VENCIDO
1,08099,8-jan.-23,8-jan.-23,,,ENTRADA OFERTA AVULSA,TEMPLO CENTRAL,,,,OFERTA JOAO MARCOS/ DEP BANCARIO," R$ 5,00 ",CAIXA IGREJA,SIM,RECEITA,OFERTA JOAO MARCOS/ DEP BANCARIOENTRADA OFERTA AVULSA- TEMPLO CENTRAL - RECIBO -8099,VENCIDO
1,08100,8-jan.-23,8-jan.-23,,,ENTRADA OFERTA AVULSA,TEMPLO CENTRAL,,,,OFERTA PR. EDEUVANDRO / DEP. BANCARIO," R$ 10,00 ",CAIXA IGREJA,SIM,RECEITA,OFERTA PR. EDEUVANDRO / DEP. BANCARIOENTRADA OFERTA AVULSA- TEMPLO CENTRAL - RECIBO -8100,VENCIDO
1,00033,12-jan.-23,12-jan.-23,RECIBO IGREJA,,SERVIÇOES PRESTADOS,TEMPLO CENTRAL,,,,SERVICO PEDREIRO BANHEIRO DO TC/ PR. EDIMILSON GOMES," R$ (600,00)",CAIXA IGREJA,SIM,DESPESA,SERVICO PEDREIRO BANHEIRO DO TC/ PR. EDIMILSON GOMESSERVIÇOES PRESTADOS- TEMPLO CENTRAL - RECIBO -33,VENCE HOJE
1,00034,12-jan.-23,12-jan.-23,,,SERVIÇOES PRESTADOS,TEMPLO CENTRAL,,,,SERVICO PEDREIRO BANHEIRO DO TC/ PR.ALAN MACHADO," R$ (300,00)",CAIXA IGREJA,SIM,DESPESA,SERVICO PEDREIRO BANHEIRO DO TC/ PR.ALAN MACHADOSERVIÇOES PRESTADOS- TEMPLO CENTRAL - RECIBO -34,VENCE HOJE
1,00035,13-jan.-23,13-jan.-23,,,ALIMENTAÇÃO,TEMPLO CENTRAL,,,,ALIMENTAÇÃO/ PEDREIROS," R$ (30,00)",CAIXA IGREJA,SIM,DESPESA,ALIMENTAÇÃO/ PEDREIROSALIMENTAÇÃO- TEMPLO CENTRAL - RECIBO -35,1DIAS PARA VENCER
1,01201,8-jan.-23,8-jan.-23,,,ENTRADA OFERTA AVULSA,TEMPLO CENTRAL,,,,OFERTA MATEUS DA SILVA/ DEP. BANCARIO," R$ 3,00 ",CAIXA IGREJA,SIM,RECEITA,OFERTA MATEUS DA SILVA/ DEP. BANCARIOENTRADA OFERTA AVULSA- TEMPLO CENTRAL - RECIBO -1201,VENCIDO
1,00036,10-jan.-23,10-jan.-23,,,DONATIVOS,TEMPLO CENTRAL,,,,AJUDA SOCIAL/ PR. SERGIO/ PARCELA 13/24," R$ (400,00)",CAIXA IGREJA,SIM,DESPESA,AJUDA SOCIAL/ PR. SERGIO/ PARCELA 13/24DONATIVOS- TEMPLO CENTRAL - RECIBO -36,VENCIDO
1,08090,8-jan.-23,8-jan.-23,,,ENTRADA OFERTA AVULSA,MONTE DAS OLIVEIRAS,,,,OFERTA MAURO/DEP. BANCARIO," R$ 30,00 ",CAIXA IGREJA,SIM,RECEITA,OFERTA MAURO/DEP. BANCARIOENTRADA OFERTA AVULSA- MONTE DAS OLIVEIRAS - RECIBO -8090,VENCIDO
1,12376138,11-jan.-23,11-jan.-23,NF CELPA,,ENERGIA,ROCHA ETERNA,,,,REF.12/22," R$ (608,96)",CAIXA IGREJA,SIM,DESPESA,REF.12/22ENERGIA- ROCHA ETERNA - RECIBO -12376138,VENCIDO
1,12376138,11-jan.-23,11-jan.-23,NF CELPA,,ENERGIA,PORTA DAS OVELHAS,,,,REF.10/22," R$ (267,42)",CAIXA IGREJA,SIM,DESPESA,REF.10/22ENERGIA- PORTA DAS OVELHAS - RECIBO -12376138,VENCIDO
1,15915552,11-jan.-23,11-jan.-23,NF CELPA,,ENERGIA,LUZ E VIDA,,,,REF.10/22," R$ (89,94)",CAIXA IGREJA,SIM,DESPESA,REF.10/22ENERGIA- LUZ E VIDA - RECIBO -15915552,VENCIDO
1,12376138,11-jan.-23,11-jan.-23,NF CELPA,,ENERGIA,MONTE SINAI,,,,REF.11/22," R$ (242,57)",CAIXA IGREJA,SIM,DESPESA,REF.11/22ENERGIA- MONTE SINAI - RECIBO -12376138,VENCIDO
1,15915552,11-jan.-23,11-jan.-23,NF CELPA,,ENERGIA,PERSEVERANÇA,,,,REF.11/22," R$ (95,04)",CAIXA IGREJA,SIM,DESPESA,REF.11/22ENERGIA- PERSEVERANÇA - RECIBO -15915552,VENCIDO
1,12376138,11-jan.-23,11-jan.-23,NF CELPA,,ENERGIA,MONTE CARMELO,,,,REF.12/22," R$ (903,22)",CAIXA IGREJA,SIM,DESPESA,REF.12/22ENERGIA- MONTE CARMELO - RECIBO -12376138,VENCIDO
1,12376138,11-jan.-23,11-jan.-23,NF CELPA,,ENERGIA,MARANATA,,,,REF.12/22," R$ (77,13)",CAIXA IGREJA,SIM,DESPESA,REF.12/22ENERGIA- MARANATA - RECIBO -12376138,VENCIDO
1,12376138,11-jan.-23,11-jan.-23,NF CELPA,,ENERGIA,MONTE HOREBE,,,,REF.12/22," R$ (343,00)",CAIXA IGREJA,SIM,DESPESA,REF.12/22ENERGIA- MONTE HOREBE - RECIBO -12376138,VENCIDO
1,12376138,11-jan.-23,11-jan.-23,NF CELPA,,ENERGIA,MONTE MORIÁ,,,,REF.12/22," R$ (471,97)",CAIXA IGREJA,SIM,DESPESA,REF.12/22ENERGIA- MONTE MORIÁ - RECIBO -12376138,VENCIDO
1,123776138,11-jan.-23,11-jan.-23,NF CELPA,,ENERGIA,GETSÊMANI,,,,REF.10/22," R$ (120,06)",CAIXA IGREJA,SIM,DESPESA,REF.10/22ENERGIA- GETSÊMANI - RECIBO -123776138,VENCIDO
1,12376138,11-jan.-23,11-jan.-23,NF CELPA,,ENERGIA,MONTE TABOR,,,,REF.11/22," R$ (71,87)",CAIXA IGREJA,SIM,DESPESA,REF.11/22ENERGIA- MONTE TABOR - RECIBO -12376138,VENCIDO
1,12376138,11-jan.-23,11-jan.-23,NF CELPA,,ENERGIA,MANANCIAL,,,,REF.12/22," R$ (179,17)",CAIXA IGREJA,SIM,DESPESA,REF.12/22ENERGIA- MANANCIAL - RECIBO -12376138,VENCIDO
1,15915552,11-jan.-23,11-jan.-23,NF CELPA,,ENERGIA,SHALOM,,,,REF.10/22," R$ (249,78)",CAIXA IGREJA,SIM,DESPESA,REF.10/22ENERGIA- SHALOM - RECIBO -15915552,VENCIDO
1,12376138,11-jan.-23,11-jan.-23,NF CELPA,,ENERGIA,REDENÇÃO,,,,REF.12/22," R$ (230,40)",CAIXA IGREJA,SIM,DESPESA,REF.12/22ENERGIA- REDENÇÃO - RECIBO -12376138,VENCIDO
1,12376138,11-jan.-23,11-jan.-23,NF CELPA,,ENERGIA,FILADÉLFIA,,,,REF.12/22," R$ (190,14)",CAIXA IGREJA,SIM,DESPESA,REF.12/22ENERGIA- FILADÉLFIA - RECIBO -12376138,VENCIDO
1,15915552,11-jan.-23,12-jan.-23,NF CELPA,,ENERGIA,ALTO REFÚGIO,,,,REF.12/22," R$ (430,56)",CAIXA IGREJA,SIM,DESPESA,REF.12/22ENERGIA- ALTO REFÚGIO - RECIBO -15915552,VENCIDO
1,12376138,11-jan.-23,11-jan.-23,NF CELPA,,ENERGIA,TEMPLO CENTRAL,,,,REF.10/22," R$ (561,78)",CAIXA IGREJA,SIM,DESPESA,REF.10/22ENERGIA- TEMPLO CENTRAL - RECIBO -12376138,VENCIDO
1,15915552,9-jan.-23,9-jan.-23,NF CELPA,,ENERGIA,LÍRIOS DOS VALES,,,,REF.12/22," R$ (58,73)",CAIXA IGREJA,SIM,DESPESA,REF.12/22ENERGIA- LÍRIOS DOS VALES - RECIBO -15915552,VENCIDO
1,12376138,9-jan.-23,6-jan.-23,NF CELPA,,ENERGIA,FRUTOS DA FÉ,,,,REF.12/22," R$ (95,36)",CAIXA IGREJA,SIM,DESPESA,REF.12/22ENERGIA- FRUTOS DA FÉ - RECIBO -12376138,VENCIDO
1,15915552,9-jan.-23,9-jan.-23,NF CELPA,,ENERGIA,ESCUDO DA FÉ,,,,REF.12/22," R$ (121,26)",CAIXA IGREJA,SIM,DESPESA,REF.12/22ENERGIA- ESCUDO DA FÉ - RECIBO -15915552,VENCIDO
1,12376138,9-jan.-23,6-jan.-23,NF CELPA,,ENERGIA,PROMESSA DE DEUS,,,,REF.12/22," R$ (109,10)",CAIXA IGREJA,SIM,DESPESA,REF.12/22ENERGIA- PROMESSA DE DEUS - RECIBO -12376138,VENCIDO
1,15915552,9-jan.-23,2-jan.-23,NF CELPA,,ENERGIA,MAR DE CRISTAL,,,,REF.12/22," R$ (56,19)",CAIXA IGREJA,SIM,DESPESA,REF.12/22ENERGIA- MAR DE CRISTAL - RECIBO -15915552,VENCIDO
1,15915552,9-jan.-23,4-jan.-23,NF CELPA,,ENERGIA,ROSA DE SARON,,,,REF.12/22," R$ (32,42)",CAIXA IGREJA,SIM,DESPESA,REF.12/22ENERGIA- ROSA DE SARON - RECIBO -15915552,VENCIDO
1,12376138,9-jan.-23,6-jan.-23,NF CELPA,,ENERGIA,CONQUISTA,,,,REF.12/22," R$ (68,90)",CAIXA IGREJA,SIM,DESPESA,REF.12/22ENERGIA- CONQUISTA - RECIBO -12376138,VENCIDO
1,04979,16-jan.-23,16-jan.-23,,,ENTRADA DÍZIMO OBREIRO,TEMPLO CENTRAL,00295,FRANCISCO MATOS,AUX.,," R$ 30,00 ",CAIXA IGREJA,SIM,RECEITA,ENTRADA DÍZIMO OBREIRO-FRANCISCO MATOS TEMPLO CENTRAL - RECIBO -4979,VENCE HOJE
1,04980,16-jan.-23,16-jan.-23,,,ENTRADA DÍZIMO OBREIRO,TEMPLO CENTRAL,00075,LUIS FERREIRA DOS SANTOS,DC.,," R$ 150,00 ",CAIXA IGREJA,SIM,RECEITA,ENTRADA DÍZIMO OBREIRO-LUIS FERREIRA DOS SANTOS TEMPLO CENTRAL - RECIBO -4980,VENCE HOJE
1,01734,16-jan.-23,16-jan.-23,,,ENTRADA OFERTAS DE CULTOS,HERANÇA DE CRISTO,,,,REF.1/23," R$ 8,50 ",CAIXA IGREJA,SIM,RECEITA,REF.1/22ENTRADA OFERTAS DE CULTOS- HERANÇA DE CRISTO - RECIBO -1734,VENCIDO
1,01037,16-jan.-23,16-jan.-23,,,ENTRADA OFERTAS DE CULTOS,GALILEIA,,,,REF.1/23," R$ 16,40 ",CAIXA IGREJA,SIM,RECEITA,REF.1/22ENTRADA OFERTAS DE CULTOS- GALILEIA - RECIBO -1037,VENCIDO
1,01962,16-jan.-23,16-jan.-23,,,ENTRADA OFERTAS DE CULTOS,MONTE DAS OLIVEIRAS,,,,REF.1/23," R$ 77,00 ",CAIXA IGREJA,SIM,RECEITA,REF.1/22ENTRADA OFERTAS DE CULTOS- MONTE DAS OLIVEIRAS - RECIBO -1962,VENCIDO
1,01962,16-jan.-23,16-jan.-23,,,ENTRADA DÍZIMO DE CONGR.,MONTE DAS OLIVEIRAS,,,,REF.1/23," R$ 100,00 ",CAIXA IGREJA,SIM,RECEITA,REF.1/22ENTRADA DÍZIMO DE CONGR.- MONTE DAS OLIVEIRAS - RECIBO -1962,VENCIDO
1,02097,16-jan.-23,16-jan.-23,,,ENTRADA OFERTAS DE CULTOS,NOVA JERUSALÉM,,,,REF.1/23," R$ 115,55 ",CAIXA IGREJA,SIM,RECEITA,REF.1/22ENTRADA OFERTAS DE CULTOS- NOVA JERUSALÉM - RECIBO -2097,VENCIDO
1,02097,16-jan.-23,16-jan.-23,,,ENTRADA DÍZIMO DE CONGR.,NOVA JERUSALÉM,,,,REF.1/23," R$ 392,00 ",CAIXA IGREJA,SIM,RECEITA,REF.1/22ENTRADA DÍZIMO DE CONGR.- NOVA JERUSALÉM - RECIBO -2097,VENCIDO
1,02119,16-jan.-23,16-jan.-23,,,ENTRADA OFERTAS DE CULTOS,LÍRIOS DOS VALES,,,,REF.1/23," R$ 20,90 ",CAIXA IGREJA,SIM,RECEITA,REF.1/22ENTRADA OFERTAS DE CULTOS- LÍRIOS DOS VALES - RECIBO -2119,VENCIDO
1,02119,16-jan.-23,16-jan.-23,,,ENTRADA DÍZIMO DE CONGR.,LÍRIOS DOS VALES,,,,REF.1/23," R$ 121,00 ",CAIXA IGREJA,SIM,RECEITA,REF.1/22ENTRADA DÍZIMO DE CONGR.- LÍRIOS DOS VALES - RECIBO -2119,VENCIDO
1,00975,16-jan.-23,16-jan.-23,,,ENTRADA OFERTAS DE CULTOS,CONQUISTA,,,,REF.1/23," R$ 50,65 ",CAIXA IGREJA,SIM,RECEITA,REF.1/22ENTRADA OFERTAS DE CULTOS- CONQUISTA - RECIBO -975,VENCIDO
1,00975,16-jan.-23,16-jan.-23,,,ENTRADA DÍZIMO DE CONGR.,CONQUISTA,,,,REF.1/23," R$ 267,00 ",CAIXA IGREJA,SIM,RECEITA,REF.1/22ENTRADA DÍZIMO DE CONGR.- CONQUISTA - RECIBO -975,VENCIDO
1,01735,16-jan.-23,16-jan.-23,,,ENTRADA OFERTAS DE CULTOS,HERANÇA DE CRISTO,,,,REF.1/23," R$ 13,30 ",CAIXA IGREJA,SIM,RECEITA,REF.1/22ENTRADA OFERTAS DE CULTOS- HERANÇA DE CRISTO - RECIBO -1735,VENCIDO
1,01735,16-jan.-23,16-jan.-23,,,ENTRADA DÍZIMO DE CONGR.,HERANÇA DE CRISTO,,,,REF.1/23," R$ 60,00 ",CAIXA IGREJA,SIM,RECEITA,REF.1/22ENTRADA DÍZIMO DE CONGR.- HERANÇA DE CRISTO - RECIBO -1735,VENCIDO
1,01015,16-jan.-23,16-jan.-23,,,ENTRADA OFERTAS DE CULTOS,PERSEVERANÇA,,,,REF.1/23," R$ 26,65 ",CAIXA IGREJA,SIM,RECEITA,REF.1/22ENTRADA OFERTAS DE CULTOS- PERSEVERANÇA - RECIBO -1015,VENCIDO
1,01015,16-jan.-23,16-jan.-23,,,ENTRADA DÍZIMO DE CONGR.,PERSEVERANÇA,,,,REF.1/23," R$ 162,45 ",CAIXA IGREJA,SIM,RECEITA,REF.1/22ENTRADA DÍZIMO DE CONGR.- PERSEVERANÇA - RECIBO -1015,VENCIDO
1,01939,16-jan.-23,16-jan.-23,,,ENTRADA DÍZIMO DE CONGR.,MONTE CARMELO,,,,REF.1/23," R$ 172,50 ",CAIXA IGREJA,SIM,RECEITA,REF.1/22ENTRADA DÍZIMO DE CONGR.- MONTE CARMELO - RECIBO -1939,VENCIDO
1,02154,16-jan.-23,16-jan.-23,,,ENTRADA DÍZIMO DE CONGR.,TEMPLO CENTRAL,,,,DIZIMO ANNY GABRIELLY BRITO/ DEP. BANCARIO," R$ 50,00 ",CAIXA IGREJA,SIM,RECEITA,DIZIMO ANNY GABRIELLY BRITO/ DEP. BANCARIOENTRADA DÍZIMO DE CONGR.- TEMPLO CENTRAL - RECIBO -2154,VENCIDO
1,01939,16-jan.-23,16-jan.-23,,,ENTRADA DÍZIMO DE CONGR.,MONTE CARMELO,,,,REF.1/23," R$ 172,50 ",CAIXA IGREJA,SIM,RECEITA,REF.1/22ENTRADA DÍZIMO DE CONGR.- MONTE CARMELO - RECIBO -1939,VENCIDO
1,02154,16-jan.-23,16-jan.-23,,,ENTRADA DÍZIMO DE CONGR.,TEMPLO CENTRAL,,,,DIZIMO ANNY GABRIELLY BRITO/ DEP. BANCARIO," R$ 50,00 ",CAIXA IGREJA,SIM,RECEITA,DIZIMO ANNY GABRIELLY BRITO/ DEP. BANCARIOENTRADA DÍZIMO DE CONGR.- TEMPLO CENTRAL - RECIBO -2154,VENCIDO
1,02021,16-jan.-23,16-jan.-23,,,ENTRADA OFERTAS DE CULTOS,TEMPLO CENTRAL,,,,REF.1/23," R$ 390,05 ",CAIXA IGREJA,SIM,RECEITA,REF1/22ENTRADA OFERTAS DE CULTOS- TEMPLO CENTRAL - RECIBO -2021,VENCIDO
1,02021,16-jan.-23,16-jan.-23,,,ENTRADA DÍZIMO DE CONGR.,TEMPLO CENTRAL,,,,REF.1/23," R$ 1.015,00 ",CAIXA IGREJA,SIM,RECEITA,REF.1/22ENTRADA DÍZIMO DE CONGR.- TEMPLO CENTRAL - RECIBO -2021,VENCIDO
1,02021,16-jan.-23,16-jan.-23,,,ENTRADA DÍZIMO DE CONGR.,TEMPLO CENTRAL,,,,REF.1/23," R$ 1.015,00 ",CAIXA IGREJA,SIM,RECEITA,REF.1/22ENTRADA DÍZIMO DE CONGR.- TEMPLO CENTRAL - RECIBO -2021,VENCIDO
1,01059,16-jan.-23,16-jan.-23,,,ENTRADA OFERTAS DE CULTOS,SHALOM,,,,REF.1/23," R$ 99,75 ",CAIXA IGREJA,SIM,RECEITA,REF.1/22ENTRADA OFERTAS DE CULTOS- SHALOM - RECIBO -1059,VENCIDO
1,00040,16-jan.-23,16-jan.-23,RECIBO IGREJA,,DONATIVOS,TEMPLO CENTRAL,,,,PGTO. VALE PR. JUCICLEI PINHEIRO," R$ (133,35)",CAIXA IGREJA,SIM,DESPESA,PGTO. VALE PR. JUCICLEI PINHEIRODONATIVOS- TEMPLO CENTRAL - RECIBO -40,VENCIDO
1,01059,16-jan.-23,16-jan.-23,,,ENTRADA OFERTAS DE CULTOS,SHALOM,,,,REF.1/23," R$ 99,75 ",CAIXA IGREJA,SIM,RECEITA,REF.1/22ENTRADA OFERTAS DE CULTOS- SHALOM - RECIBO -1059,VENCIDO
1,00040,16-jan.-23,16-jan.-23,RECIBO IGREJA,,DONATIVOS,TEMPLO CENTRAL,,,,PGTO. VALE PR. JUCICLEI PINHEIRO," R$ (133,35)",CAIXA IGREJA,SIM,DESPESA,PGTO. VALE PR. JUCICLEI PINHEIRODONATIVOS- TEMPLO CENTRAL - RECIBO -40,VENCIDO
1,00044,17-jan.-23,17-jan.-23,RECIBO IGREJA,,LIMPEZA TC. E CONGR.,TEMPLO CENTRAL,,,,PGTO. REGINA COSTA," R$ (270,00)",CAIXA IGREJA,SIM,DESPESA,PGTO. REGINA COSTALIMPEZA TC. E CONGR.- TEMPLO CENTRAL - RECIBO -44,VENCE HOJE
1,00044,17-jan.-23,17-jan.-23,RECIBO IGREJA,,LIMPEZA TC. E CONGR.,TEMPLO CENTRAL,,,,PGTO. REGINA COSTA," R$ (270,00)",CAIXA IGREJA,SIM,DESPESA,PGTO. REGINA COSTALIMPEZA TC. E CONGR.- TEMPLO CENTRAL - RECIBO -44,VENCE HOJE
1,00046,15-jan.-23,15-jan.-23,RECIBO IGREJA,,VIGILÂNCIA PORTARIA,TEMPLO CENTRAL,,,,"PGTO. QUINZENA, PR. SILAS PEREIRA"," R$ (606,00)",CAIXA IGREJA,SIM,DESPESA,"PGTO. QUINZENA, PR. SILAS PEREIRAVIGILÂNCIA PORTARIA- TEMPLO CENTRAL - RECIBO -46",VENCIDO
1,00043,16-jan.-23,16-jan.-23,RECIBO IGREJA,,DONATIVOS,MANANCIAL,,,,PGTO. AJUDA SOCIAL/ JOSE ANTONIO," R$ (500,00)",CAIXA IGREJA,SIM,DESPESA,PGTO. AJUDA SOCIAL/ JOSE ANTONIODONATIVOS- MANANCIAL - RECIBO -43,VENCIDO
1,00047,17-jan.-23,14-jan.-23,RECIBO IGREJA,,ALIMENTAÇÃO,TEMPLO CENTRAL,,,,"PGTO. ALIMENTAÇÃO RONIE GLEISSON (2,5,8,11,14 E 15)"," R$ (78,00)",CAIXA IGREJA,SIM,DESPESA,"PGTO. ALIMENTAÇÃO RONIE GLEISSON (2,5,8,11,14 E 15)ALIMENTAÇÃO- TEMPLO CENTRAL - RECIBO -47",VENCE HOJE
1,00037,16-jan.-23,16-jan.-23,RECIBO,,ALIMENTAÇÃO,MONTE DAS OLIVEIRAS,,,,PGTO. AGUA MINERAL," R$ (51,00)",CAIXA IGREJA,SIM,DESPESA,PGTO. AGUA MINERALALIMENTAÇÃO- MONTE DAS OLIVEIRAS - RECIBO -37,VENCIDO
1,00038,16-jan.-23,16-jan.-23,RECIBO IGREJA,,ALIMENTAÇÃO,SHALOM,,,,PGTO. AGUA MINERAL," R$ (13,00)",CAIXA IGREJA,SIM,DESPESA,PGTO. AGUA MINERALALIMENTAÇÃO- SHALOM - RECIBO -38,VENCIDO
1,00039,16-jan.-23,16-jan.-23,RECIBO IGREJA,,SALÁRIO ADM,TEMPLO CENTRAL,,,,PGTO. VALE ANA KESIA," R$ (263,00)",CAIXA IGREJA,SIM,DESPESA,PGTO. VALE ANA KESIASALÁRIO ADM- TEMPLO CENTRAL - RECIBO -39,VENCIDO
1,00042,16-jan.-23,16-jan.-23,RECIBO IGREJA,,SALÁRIO ADM,TEMPLO CENTRAL,,,,PGTO. VALE GILVAN MERCES," R$ (500,00)",CAIXA IGREJA,SIM,DESPESA,PGTO. VALE GILVAN MERCESSALÁRIO ADM- TEMPLO CENTRAL - RECIBO -42,VENCIDO
1,00045,15-jan.-23,15-jan.-23,RECIBO IGREJA,,VIGILÂNCIA PORTARIA,TEMPLO CENTRAL,,,,PGTO. QUINZENA RONIE GLEISSON," R$ (606,00)",CAIXA IGREJA,SIM,DESPESA,PGTO. QUINZENA RONIE GLEISSONVIGILÂNCIA PORTARIA- TEMPLO CENTRAL - RECIBO -45,VENCIDO
1,01623,17-jan.-23,17-jan.-23,,,ENTRADA OFERTAS DE CULTOS,FRUTOS DA FÉ II,,,,REF.1/23," R$ 76,35 ",CAIXA IGREJA,SIM,RECEITA,REF.1/22ENTRADA OFERTAS DE CULTOS- FRUTOS DA FÉ - RECIBO -1623,VENCIDO
1,01869,17-jan.-23,17-jan.-23,,,ENTRADA OFERTAS DE CULTOS,NOVA VIDA,,,,REF.1/23," R$ 73,45 ",CAIXA IGREJA,SIM,RECEITA,REF.1/22ENTRADA OFERTAS DE CULTOS- NOVA VIDA - RECIBO -1869,VENCIDO
1,01869,17-jan.-23,17-jan.-23,,,ENTRADA DÍZIMO DE CONGR.,NOVA VIDA,,,,REF.1/23," R$ 745,90 ",CAIXA IGREJA,SIM,RECEITA,REF.1/22ENTRADA DÍZIMO DE CONGR.- NOVA VIDA - RECIBO -1869,VENCIDO
1,02043,17-jan.-23,17-jan.-23,,,ENTRADA OFERTAS DE CULTOS,FRUTOS DA FÉ,,,,REF.1/23," R$ 35,35 ",CAIXA IGREJA,SIM,RECEITA,REF.1/22ENTRADA OFERTAS DE CULTOS- FRUTOS DA FÉ - RECIBO -2043,VENCIDO
1,02043,17-jan.-23,17-jan.-23,,,ENTRADA DÍZIMO DE CONGR.,FRUTOS DA FÉ,,,,REF.1/23," R$ 177,00 ",CAIXA IGREJA,SIM,RECEITA,REF.1/22ENTRADA OFERTAS DE CULTOS- FRUTOS DA FÉ - RECIBO -2043,VENCIDO
1,01692,17-jan.-23,17-jan.-23,,,ENTRADA OFERTAS DE CULTOS,MONTE SINAI,,,,REF.1/23," R$ 54,25 ",CAIXA IGREJA,SIM,RECEITA,REF.1/22ENTRADA OFERTAS DE CULTOS- MONTE SINAI - RECIBO -1692,VENCIDO
1,02086,17-jan.-23,17-jan.-23,,,ENTRADA OFERTAS DE CULTOS,ROCHA ETERNA,,,,REF.1/23," R$ 83,40 ",CAIXA IGREJA,SIM,RECEITA,REF.1/22ENTRADA OFERTAS DE CULTOS- ROCHA ETERNA - RECIBO -2086,VENCIDO
1,01692,17-jan.-23,17-jan.-23,,,ENTRADA OFERTAS DE CULTOS,MONTE SINAI,,,,REF.1/23," R$ 54,25 ",CAIXA IGREJA,SIM,RECEITA,REF.1/22ENTRADA OFERTAS DE CULTOS- MONTE SINAI - RECIBO -1692,VENCIDO
1,02086,17-jan.-23,17-jan.-23,,,ENTRADA OFERTAS DE CULTOS,ROCHA ETERNA,,,,REF.1/23," R$ 83,40 ",CAIXA IGREJA,SIM,RECEITA,REF.1/22ENTRADA OFERTAS DE CULTOS- ROCHA ETERNA - RECIBO -2086,VENCIDO
1,02086,17-jan.-23,17-jan.-23,,,ENTRADA DÍZIMO DE CONGR.,ROCHA ETERNA,,,,REF.1/23," R$ 243,80 ",CAIXA IGREJA,SIM,RECEITA,REF.1/22ENTRADA DÍZIMO DE CONGR.- ROCHA ETERNA - RECIBO -2086,VENCIDO
1,01120,17-jan.-23,17-jan.-23,,,ENTRADA OFERTAS DE CULTOS,CHAMA VIVA,,,,REF.1/23," R$ 38,45 ",CAIXA IGREJA,SIM,RECEITA,REF.1/23ENTRADA OFERTAS DE CULTOS- CHAMA VIVA - RECIBO -1120,VENCIDO
1,01894,17-jan.-23,17-jan.-23,,,ENTRADA OFERTAS DE CULTOS,DEUS FORTE,,,,REF.1/23," R$ 34,45 ",CAIXA IGREJA,SIM,RECEITA,REF.1/23ENTRADA OFERTAS DE CULTOS- DEUS FORTE - RECIBO -1894,VENCIDO
1,01894,17-jan.-23,17-jan.-23,,,ENTRADA DÍZIMO DE CONGR.,DEUS FORTE,,,,REF.1/23," R$ 97,00 ",CAIXA IGREJA,SIM,RECEITA,REF.1/23ENTRADA DÍZIMO DE CONGR.- DEUS FORTE - RECIBO -1894,VENCIDO
1,01756,17-jan.-23,17-jan.-23,,,ENTRADA OFERTAS DE CULTOS,PORTA DAS OVELHAS,,,,REF.1/23," R$ 89,05 ",CAIXA IGREJA,SIM,RECEITA,REF.1/23ENTRADA OFERTAS DE CULTOS- PORTA DAS OVELHAS - RECIBO -1756,VENCIDO
1,01756,17-jan.-23,17-jan.-23,,,ENTRADA DÍZIMO DE CONGR.,PORTA DAS OVELHAS,,,,REF.1/23," R$ 240,00 ",CAIXA IGREJA,SIM,RECEITA,REF.1/23ENTRADA DÍZIMO DE CONGR.- PORTA DAS OVELHAS - RECIBO -1756,VENCIDO
1,01845,17-jan.-23,17-jan.-23,,,ENTRADA OFERTAS DE CULTOS,MONTE MORIÁ,,,,REF.1/23," R$ 109,90 ",CAIXA IGREJA,SIM,RECEITA,REF.1/23ENTRADA OFERTAS DE CULTOS- MONTE MORIÁ - RECIBO -1845,VENCIDO
1,01845,17-jan.-23,17-jan.-23,,,ENTRADA DÍZIMO DE CONGR.,MONTE MORIÁ,,,,REF.1/23," R$ 35,10 ",CAIXA IGREJA,SIM,RECEITA,REF.1/23ENTRADA DÍZIMO DE CONGR.- MONTE MORIÁ - RECIBO -1845,VENCIDO
1,01820,17-jan.-23,17-jan.-23,,,ENTRADA OFERTAS DE CULTOS,NOVA ALIANÇA,,,,REF.1/23," R$ 69,10 ",CAIXA IGREJA,SIM,RECEITA,REF.1/23ENTRADA OFERTAS DE CULTOS- NOVA ALIANÇA - RECIBO -1820,VENCIDO
1,02191,17-jan.-23,17-jan.-23,,,ENTRADA DÍZIMO DE CONGR.,ALTO REFÚGIO,,,,REF.1/23," R$ 1.071,30 ",CAIXA IGREJA,SIM,RECEITA,REF.1/23ENTRADA DÍZIMO DE CONGR.- ALTO REFÚGIO - RECIBO -2191,VENCIDO
1,01820,17-jan.-23,17-jan.-23,,,ENTRADA OFERTAS DE CULTOS,NOVA ALIANÇA,,,,REF.1/23," R$ 69,10 ",CAIXA IGREJA,SIM,RECEITA,REF.1/23ENTRADA OFERTAS DE CULTOS- NOVA ALIANÇA - RECIBO -1820,VENCIDO
1,01820,17-jan.-23,17-jan.-23,,,ENTRADA DÍZIMO DE CONGR.,NOVA ALIANÇA,,,,REF.1/23," R$ 300,00 ",CAIXA IGREJA,SIM,RECEITA,REF.1/23ENTRADA DÍZIMO DE CONGR.- NOVA ALIANÇA - RECIBO -1820,VENCIDO
1,01820,17-jan.-23,17-jan.-23,,,ENTRADA DÍZIMO DE CONGR.,NOVA ALIANÇA,,,,REF.1/23," R$ 300,00 ",CAIXA IGREJA,SIM,RECEITA,REF.1/23ENTRADA DÍZIMO DE CONGR.- NOVA ALIANÇA - RECIBO -1820,VENCIDO
1,01821,17-jan.-23,17-jan.-23,,,ENTRADA OFERTAS DE CULTOS,NOVA ALIANÇA,,,,REF.1/23," R$ 72,45 ",CAIXA IGREJA,SIM,RECEITA,REF.1/23ENTRADA OFERTAS DE CULTOS- NOVA ALIANÇA - RECIBO -1821,VENCIDO
1,01821,17-jan.-23,17-jan.-23,,,ENTRADA DÍZIMO DE CONGR.,NOVA ALIANÇA,,,,REF.1/23," R$ 375,00 ",CAIXA IGREJA,SIM,RECEITA,REF.1/23ENTRADA DÍZIMO DE CONGR.- NOVA ALIANÇA - RECIBO -1821,VENCIDO
1,02219,17-jan.-23,17-jan.-23,,,ENTRADA OFERTAS DE CULTOS,MONTE MORIA II,,,,REF.1/23," R$ 29,15 ",CAIXA IGREJA,SIM,RECEITA,REF.1/23ENTRADA OFERTAS DE CULTOS- MONTE MORIA II - RECIBO -2219,VENCIDO
1,02219,17-jan.-23,17-jan.-23,,,ENTRADA DÍZIMO DE CONGR.,MONTE MORIA II,,,,REF.1/23," R$ 20,00 ",CAIXA IGREJA,SIM,RECEITA,REF.1/23ENTRADA DÍZIMO DE CONGR.- MONTE MORIA II - RECIBO -2219,VENCIDO
1,01499,17-jan.-23,17-jan.-23,,,ENTRADA OFERTAS DE CULTOS,GETSÊMANI,,,,REF.1/23," R$ 48,85 ",CAIXA IGREJA,SIM,RECEITA,REF.1/23ENTRADA OFERTAS DE CULTOS- GETSÊMANI - RECIBO -1499,VENCIDO
1,01499,17-jan.-23,17-jan.-23,,,ENTRADA DÍZIMO DE CONGR.,GETSÊMANI,,,,REF.1/23," R$ 368,00 ",CAIXA IGREJA,SIM,RECEITA,REF.1/23ENTRADA DÍZIMO DE CONGR.- GETSÊMANI - RECIBO -1499,VENCIDO
1,01477,17-jan.-23,17-jan.-23,,,ENTRADA OFERTAS DE CULTOS,LUZ E VIDA,,,,REF.1/23," R$ 54,10 ",CAIXA IGREJA,SIM,RECEITA,REF.1/23ENTRADA OFERTAS DE CULTOS- LUZ E VIDA - RECIBO -1477,VENCIDO
1,02059,17-jan.-23,17-jan.-23,,,ENTRADA OFERTAS DE CULTOS,MANANCIAL,,,,REF.1/23," R$ 41,10 ",CAIXA IGREJA,SIM,RECEITA,REF.1/23ENTRADA OFERTAS DE CULTOS- MANANCIAL - RECIBO -2059,VENCIDO
1,01477,17-jan.-23,17-jan.-23,,,ENTRADA OFERTAS DE CULTOS,LUZ E VIDA,,,,REF.1/23," R$ 54,10 ",CAIXA IGREJA,SIM,RECEITA,REF.1/23ENTRADA OFERTAS DE CULTOS- LUZ E VIDA - RECIBO -1477,VENCIDO
1,01477,17-jan.-23,17-jan.-23,,,ENTRADA OFERTAS DE CULTOS,LUZ E VIDA,,,,REF.1/23," R$ 54,10 ",CAIXA IGREJA,SIM,RECEITA,REF.1/23ENTRADA OFERTAS DE CULTOS- LUZ E VIDA - RECIBO -1477,VENCIDO
1,01713,17-jan.-23,17-jan.-23,,,ENTRADA OFERTAS DE CULTOS,ESCUDO DA FÉ,,,,REF.1/23," R$ 56,85 ",CAIXA IGREJA,SIM,RECEITA,REF.1/23ENTRADA OFERTAS DE CULTOS- ESCUDO DA FÉ - RECIBO -1713,VENCIDO
1,01713,17-jan.-23,17-jan.-23,,,ENTRADA DÍZIMO DE CONGR.,ESCUDO DA FÉ,,,,REF.1/23," R$ 20,00 ",CAIXA IGREJA,SIM,RECEITA,REF.1/23ENTRADA DÍZIMO DE CONGR.- ESCUDO DA FÉ - RECIBO -1713,VENCIDO
1,01920,17-jan.-23,17-jan.-23,,,ENTRADA DÍZIMO DE CONGR.,MONTE TABOR,,,,REF.1/23," R$ 429,00 ",CAIXA IGREJA,SIM,RECEITA,REF.1/23ENTRADA DÍZIMO DE CONGR.- MONTE TABOR - RECIBO -1920,VENCIDO
1,00201,15-jan.-23,15-jan.-23,,,ALIMENTAÇÃO,MONTE MORIÁ,,,,PGTO.AGUA MINERAL," R$ (32,00)",CAIXA IGREJA,SIM,DESPESA,PGTO.AGUA MINERALALIMENTAÇÃO- MONTE MORIÁ - RECIBO -201,VENCIDO
1,00202,12-jan.-23,12-jan.-23,,,ALIMENTAÇÃO,NOVA ALIANÇA,,,,PGTO.AGUA," R$ (8,00)",CAIXA IGREJA,SIM,DESPESA,PGTO.AGUAALIMENTAÇÃO- NOVA ALIANÇA - RECIBO -202,VENCIDO
1,00201,15-jan.-23,15-jan.-23,,,ALIMENTAÇÃO,MONTE MORIÁ,,,,PGTO.AGUA MINERAL," R$ (32,00)",CAIXA IGREJA,SIM,DESPESA,PGTO.AGUA MINERALALIMENTAÇÃO- MONTE MORIÁ - RECIBO -201,VENCIDO
1,00202,12-jan.-23,12-jan.-23,,,ALIMENTAÇÃO,NOVA ALIANÇA,,,,PGTO.AGUA," R$ (8,00)",CAIXA IGREJA,SIM,DESPESA,PGTO.AGUAALIMENTAÇÃO- NOVA ALIANÇA - RECIBO -202,VENCIDO
1,00205,16-jan.-23,16-jan.-23,,,AQUISIÇÃO DE MATERIAS E EQUIPAMENTOS,TEMPLO CENTRAL,,,,PGTO. PLACA DA CONG. GALILEIA," R$ (78,00)",CAIXA IGREJA,SIM,DESPESA,PGTO. PLACA DA CONG. GALILEIAAQUISIÇÃO DE MATERIAS E EQUIPAMENTOS- TEMPLO CENTRAL - RECIBO -205,VENCIDO
1,00204,12-jan.-23,1-dez.-23,,,AQUISIÇÃO DE MATERIAS E EQUIPAMENTOS,MONTE CARMELO,,,,PGTO. CHAVEIRO," R$ (20,00)",CAIXA IGREJA,SIM,DESPESA,PGTO. CHAVEIROAQUISIÇÃO DE MATERIAS E EQUIPAMENTOS- MONTE CARMELO - RECIBO -204,VENCIDO
1,00205,16-jan.-23,16-jan.-23,,,AQUISIÇÃO DE MATERIAS E EQUIPAMENTOS,TEMPLO CENTRAL,,,,PGTO. PLACA DA CONG. GALILEIA," R$ (78,00)",CAIXA IGREJA,SIM,DESPESA,PGTO. PLACA DA CONG. GALILEIAAQUISIÇÃO DE MATERIAS E EQUIPAMENTOS- TEMPLO CENTRAL - RECIBO -205,VENCIDO
1,00205,16-jan.-23,16-jan.-23,,,AQUISIÇÃO DE MATERIAS E EQUIPAMENTOS,TEMPLO CENTRAL,,,,PGTO. PLACA DA CONG. GALILEIA," R$ (78,00)",CAIXA IGREJA,SIM,DESPESA,PGTO. PLACA DA CONG. GALILEIAAQUISIÇÃO DE MATERIAS E EQUIPAMENTOS- TEMPLO CENTRAL - RECIBO -205,VENCIDO
1,00041,16-jan.-23,16-jan.-23,RECIBO IGREJA,,AQUISIÇÃO DE IMÓVEIS,TEMPLO CENTRAL,,,,PGTO. PARCELA 6/30 DO TERRENO NOVO," R$ (10.000,00)",CAIXA IGREJA,SIM,DESPESA,PGTO. PARCELA 6/30 DO TERRENO NOVOAQUISIÇÃO DE IMÓVEIS- TEMPLO CENTRAL - RECIBO -41,VENCIDO
1,00041,16-jan.-23,16-jan.-23,RECIBO IGREJA,,AQUISIÇÃO DE IMÓVEIS,TEMPLO CENTRAL,,,,PGTO. PARCELA 6/30 DO TERRENO NOVO," R$ (10.000,00)",CAIXA IGREJA,SIM,DESPESA,PGTO. PARCELA 6/30 DO TERRENO NOVOAQUISIÇÃO DE IMÓVEIS- TEMPLO CENTRAL - RECIBO -41,VENCIDO
1,233354,17-jan.-23,17-jan.-23,NFec,,MATERIAL LIMPEZA,PROMESSA DE DEUS,,,,PGTO. MAT. LIMPEZA," R$ (56,43)",CAIXA IGREJA,SIM,DESPESA,PGTO. MAT. LIMPEZAMATERIAL LIMPEZA- PROMESSA DE DEUS - RECIBO -233354,VENCIDO
1,225718,16-jan.-23,16-jan.-23,NFec,,MATERIAL LIMPEZA,PERSEVERANÇA,,,,PGTO.," R$ (10,98)",CAIXA IGREJA,SIM,DESPESA,PGTO.MATERIAL LIMPEZA- PERSEVERANÇA - RECIBO -225718,VENCIDO
1,197371,17-jan.-23,17-jan.-23,NFec,,MATERIAL LIMPEZA,FRUTOS DA FÉ,,,,PGTO.," R$ (77,60)",CAIXA IGREJA,SIM,DESPESA,PGTO.MATERIAL LIMPEZA- FRUTOS DA FÉ - RECIBO -197371,VENCIDO
1,199669,14-jan.-23,14-jan.-23,NFec,,MATERIAL DE CONSUMO,ALTO REFÚGIO,,,,PGTO.," R$ (6,40)",CAIXA IGREJA,SIM,DESPESA,PGTO.MATERIAL DE CONSUMO- ALTO REFÚGIO - RECIBO -199669,VENCIDO
1,69576,14-jan.-23,14-jan.-23,NFec,,MATERIAL DE CONSUMO,ALTO REFÚGIO,,,,PGTO.," R$ (13,77)",CAIXA IGREJA,SIM,DESPESA,PGTO.MATERIAL DE CONSUMO- ALTO REFÚGIO - RECIBO -69576,VENCIDO
1,233350,17-jan.-23,17-jan.-23,NFec,,ALIMENTAÇÃO,TEMPLO CENTRAL,,,,PGTO. ," R$ (15,63)",CAIXA IGREJA,SIM,DESPESA,PGTO. ALIMENTAÇÃO- TEMPLO CENTRAL - RECIBO -233350,VENCIDO
1,118111,16-jan.-23,16-jan.-23,NFec,,ALIMENTAÇÃO,NOVA VIDA,,,,PGTO.," R$ (16,75)",CAIXA IGREJA,SIM,DESPESA,PGTO.ALIMENTAÇÃO- NOVA VIDA - RECIBO -118111,VENCIDO
1,350758,14-jan.-23,14-jan.-23,NFec,,MATERIAL DE CONSUMO,NOVA VIDA,,,,PGTO.," R$ (12,45)",CAIXA IGREJA,SIM,DESPESA,PGTO.MATERIAL DE CONSUMO- NOVA VIDA - RECIBO -350758,VENCIDO
1,00208,16-jan.-23,16-jan.-23,,,MANUTENÇÃO E REPARO DE BENS,GALILEIA,,,,PGTO.," R$ (40,00)",CAIXA IGREJA,SIM,DESPESA,PGTO.MANUTENÇÃO E REPARO DE BENS- GALILEIA - RECIBO -208,VENCIDO
1,00209,12-jan.-23,12-jan.-23,,,AQUISIÇÃO DE MATERIAS E EQUIPAMENTOS,MONTE CARMELO,,,,PGTO. CADEADO," R$ (39,90)",CAIXA IGREJA,SIM,DESPESA,PGTO. CADEADOAQUISIÇÃO DE MATERIAS E EQUIPAMENTOS- MONTE CARMELO - RECIBO -209,VENCIDO
1,00054,17-jan.-23,17-jan.-23,RECIBO IGREJA,,ALIMENTAÇÃO,MONTE TABOR,,,,PGTO. AGUA," R$ (8,00)",CAIXA IGREJA,SIM,DESPESA,PGTO. AGUAALIMENTAÇÃO- MONTE TABOR - RECIBO -54,VENCIDO
1,01667,19-jan.-23,19-jan.-23,,,ENTRADA OFERTAS DE CULTOS,FILADÉLFIA,,,,REF.1/23," R$ 32,95 ",CAIXA IGREJA,SIM,RECEITA,REF.1/23ENTRADA OFERTAS DE CULTOS- FILADÉLFIA - RECIBO -1667,VENCE HOJE
1,00048,18-jan.-23,18-jan.-23,RECIBO IGREJA,,AQUISIÇÃO DE MATERIAS E EQUIPAMENTOS,GALILEIA,,,,PGTO.," R$ (15,00)",CAIXA IGREJA,SIM,DESPESA,PGTO.AQUISIÇÃO DE MATERIAS E EQUIPAMENTOS- GALILEIA - RECIBO -48,VENCE HOJE
1,,17-jan.-23,17-jan.-23,RECIBO IGREJA,,TRANSPORTE - ÔNIBUS,TEMPLO CENTRAL,,,,PGTO. ONIBUS AREA 7," R$ (200,00)",CAIXA IGREJA,SIM,DESPESA,PGTO. ONIBUS AREA 7TRANSPORTE - ÔNIBUS- TEMPLO CENTRAL - RECIBO -,VENCIDO
1,,17-jan.-23,17-jan.-23,RECIBO IGREJA,,TRANSPORTE - ÔNIBUS,TEMPLO CENTRAL,,,,PSTO. ONIBUS AREA 6," R$ (300,00)",CAIXA IGREJA,SIM,DESPESA,PSTO. ONIBUS AREA 6TRANSPORTE - ÔNIBUS- TEMPLO CENTRAL - RECIBO -,VENCIDO
1,,17-jan.-23,17-jan.-23,RECIBO IGREJA,,TRANSPORTE - ÔNIBUS,TEMPLO CENTRAL,,,,PGTO. ONIBUS AREA 3," R$ (250,00)",CAIXA IGREJA,SIM,DESPESA,PGTO. ONIBUS AREA 3TRANSPORTE - ÔNIBUS- TEMPLO CENTRAL - RECIBO -,VENCIDO
1,10709,16-jan.-23,16-jan.-23,,,PROVIMENTO DE INTERNET,TEMPLO CENTRAL,,,,PGTO. INTERNET," R$ (99,90)",CAIXA IGREJA,SIM,DESPESA,PGTO. INTERNETPROVIMENTO DE INTERNET- TEMPLO CENTRAL - RECIBO -10709,VENCIDO
1,,16-jan.-23,16-jan.-23,,,IMPOSTOS,TEMPLO CENTRAL,,,,PGTO. INSS/ LUCILENE DUTRA," R$ (133,32)",CAIXA IGREJA,SIM,DESPESA,PGTO. INSS/ LUCILENE DUTRAIMPOSTOS- TEMPLO CENTRAL - RECIBO -,VENCIDO
1,10709,16-jan.-23,16-jan.-23,,,PROVIMENTO DE INTERNET,TEMPLO CENTRAL,,,,PGTO. INTERNET," R$ (99,90)",CAIXA IGREJA,SIM,DESPESA,PGTO. INTERNETPROVIMENTO DE INTERNET- TEMPLO CENTRAL - RECIBO -10709,VENCIDO
1,10709,16-jan.-23,16-jan.-23,,,PROVIMENTO DE INTERNET,TEMPLO CENTRAL,,,,PGTO. INTERNET," R$ (99,90)",CAIXA IGREJA,SIM,DESPESA,PGTO. INTERNETPROVIMENTO DE INTERNET- TEMPLO CENTRAL - RECIBO -10709,VENCIDO
1,00300,18-jan.-23,18-jan.-23,,,MATERIAL DE CONSUMO,GALILEIA,,,,PGTO. AJUDA PARA PAGAR ENERGIA GALILEIA," R$ (42,50)",CAIXA IGREJA,SIM,DESPESA,PGTO. AJUDA PARA PAGAR ENERGIA GALILEIAMATERIAL DE CONSUMO- GALILEIA - RECIBO -300,VENCE HOJE
1,15915552,16-jan.-23,13-jan.-23,NF CELPA,,ENERGIA,GUERREIROS DE CRISTO,,,,REF.12/2022," R$ (80,58)",CAIXA IGREJA,SIM,DESPESA,REF.12/2022ENERGIA- GUERREIROS DE CRISTO - RECIBO -15915552,VENCIDO
1,00300,18-jan.-23,18-jan.-23,,,MATERIAL DE CONSUMO,GALILEIA,,,,PGTO. AJUDA PARA PAGAR ENERGIA GALILEIA," R$ (42,50)",CAIXA IGREJA,SIM,DESPESA,PGTO. AJUDA PARA PAGAR ENERGIA GALILEIAMATERIAL DE CONSUMO- GALILEIA - RECIBO -300,VENCE HOJE
1,00049,19-jan.-23,19-jan.-23,RECIBO IGREJA,,VIGILÂNCIA PORTARIA,TEMPLO CENTRAL,,,,PGTO.  JOSE CARLOS LIMA/ VIGILANCIA PORTARIA," R$ (303,00)",CAIXA IGREJA,SIM,DESPESA,PGTO.  JOSE CARLOS LIMA/ VIGILANCIA PORTARIAVIGILÂNCIA PORTARIA- TEMPLO CENTRAL - RECIBO -49,VENCE HOJE
1,03351,17-jan.-23,14-jan.-23,,,ENTRADA DÍZIMO OBREIRO,MONTE TABOR,00024,DAVI MOURA,DC.,," R$ 560,00 ",CAIXA IGREJA,SIM,RECEITA,ENTRADA DÍZIMO OBREIRO-DAVI MOURA MONTE TABOR - RECIBO -3351,VENCIDO
1,00049,19-jan.-23,19-jan.-23,RECIBO IGREJA,,VIGILÂNCIA PORTARIA,TEMPLO CENTRAL,,,,PGTO.  JOSE CARLOS LIMA/ VIGILANCIA PORTARIA," R$ (303,00)",CAIXA IGREJA,SIM,DESPESA,PGTO.  JOSE CARLOS LIMA/ VIGILANCIA PORTARIAVIGILÂNCIA PORTARIA- TEMPLO CENTRAL - RECIBO -49,VENCE HOJE
1,00049,19-jan.-23,19-jan.-23,RECIBO IGREJA,,VIGILÂNCIA PORTARIA,TEMPLO CENTRAL,,,,PGTO.  JOSE CARLOS LIMA/ VIGILANCIA PORTARIA," R$ (303,00)",CAIXA IGREJA,SIM,DESPESA,PGTO.  JOSE CARLOS LIMA/ VIGILANCIA PORTARIAVIGILÂNCIA PORTARIA- TEMPLO CENTRAL - RECIBO -49,VENCE HOJE
1,02133,17-jan.-23,17-jan.-23,,,ENTRADA DÍZIMO OBREIRO,GETSÊMANI,00380,ALMIR RODRIGUES,AUX.,," R$ 32,00 ",CAIXA IGREJA,SIM,RECEITA,ENTRADA DÍZIMO OBREIRO-ALMIR RODRIGUES GETSÊMANI - RECIBO -2133,VENCIDO
1,02134,17-jan.-23,17-jan.-23,,,ENTRADA DÍZIMO OBREIRO,TEMPLO CENTRAL,00425,LEUTON SILVA MACIEL,DC,," R$ 72,00 ",CAIXA IGREJA,SIM,RECEITA,ENTRADA DÍZIMO OBREIRO-LEUTON SILVA MACIEL TEMPLO CENTRAL - RECIBO -2134,VENCIDO
1,02135,17-jan.-23,17-jan.-23,,,ENTRADA DÍZIMO OBREIRO,BETEL,00427,JOSE RODRIGO SOUZA RIBEIRO,AUX.,," R$ 200,00 ",CAIXA IGREJA,SIM,FALSE,ENTRADA DÍZIMO OBREIRO-JOSE RODRIGO SOUZA RIBEIRO BETEL - RECIBO -2135,VENCIDO
1,02136,17-jan.-23,17-jan.-23,,,ENTRADA DÍZIMO OBREIRO,MANANCIAL,00321,OTONIEL SILVA VAZ,DC.,," R$ 80,00 ",CAIXA IGREJA,SIM,RECEITA,ENTRADA DÍZIMO OBREIRO-OTONIEL SILVA VAZ MANANCIAL - RECIBO -2136,VENCIDO
1,02137,17-jan.-23,17-jan.-23,,,ENTRADA DÍZIMO OBREIRO,MANANCIAL,00276,RAIMUNDO NONATO MOREIRA BRITO,DC.,," R$ 80,00 ",CAIXA IGREJA,SIM,RECEITA,ENTRADA DÍZIMO OBREIRO-RAIMUNDO NONATO MOREIRA BRITO MANANCIAL - RECIBO -2137,VENCIDO
1,1591552,18-jan.-23,18-jan.-23,NF CELPA,,ENERGIA,MONTE DAS OLIVEIRAS,,,,PGTO. ENERGIA," R$ (417,66)",CAIXA IGREJA,SIM,DESPESA,PGTO. ENERGIAENERGIA- MONTE DAS OLIVEIRAS - RECIBO -1591552,VENCIDO
1,15915552,18-jan.-23,18-jan.-23,NF CELPA,,ENERGIA,LIBERDADE,,,,PGTO. ENERGIA," R$ (119,53)",CAIXA IGREJA,SIM,DESPESA,PGTO. ENERGIAENERGIA- LIBERDADE - RECIBO -15915552,VENCIDO
1,108257741,18-jan.-23,19-jan.-23,NF CELPA,,ENERGIA,NOVA VIDA,,,,PGTO. ENERGIA," R$ (180,99)",CAIXA IGREJA,SIM,DESPESA,PGTO. ENERGIAENERGIA- NOVA VIDA - RECIBO -108257741,VENCIDO
1,12376138,18-jan.-23,18-jan.-23,NF CELPA,,ENERGIA,NOVA ALIANÇA,,,,PGTO.ENERGIA," R$ (41,84)",CAIXA IGREJA,SIM,DESPESA,PGTO.ENERGIAENERGIA- NOVA ALIANÇA - RECIBO -12376138,VENCIDO
1,8568103,18-jan.-23,18-jan.-23,,,ÁGUA,DEUS FORTE,,,,PGTO. AGUA COSAMPA," R$ (94,90)",CAIXA IGREJA,SIM,DESPESA,PGTO. AGUA COSAMPAÁGUA- DEUS FORTE - RECIBO -8568103,VENCIDO
1,,18-jan.-23,20-jan.-23,,,IMPOSTOS,TEMPLO CENTRAL,,,,PGTO. IRRF/ PR. JESES DUTRA," R$ (1.713,70)",CAIXA IGREJA,SIM,DESPESA,PGTO. IRRF/ PR. JESES DUTRAIMPOSTOS- TEMPLO CENTRAL - RECIBO -,VENCIDO
1,01739,16-jan.-23,16-jan.-23,,,ENTRADA DÍZIMO OBREIRO,SHALOM,00034,ELIVALDO RODRIGUES DE SOUSA,DC.,," R$ 181,50 ",CAIXA IGREJA,SIM,RECEITA,ENTRADA DÍZIMO OBREIRO-ELIVALDO RODRIGUES DE SOUSA SHALOM - RECIBO -1739,VENCIDO
1,01741,10-jan.-23,10-jan.-23,,,ENTRADA DÍZIMO OBREIRO,MONTE CARMELO,00009,AUDICLEY JOSÉ SANTOS RIBEIRO,DC.,DEP. BANCARIO," R$ 400,00 ",CAIXA IGREJA,SIM,RECEITA,DEP. BANCARIOENTRADA DÍZIMO OBREIRO-AUDICLEY JOSÉ SANTOS RIBEIRO MONTE CARMELO - RECIBO -1741,VENCIDO
1,01742,12-jan.-23,12-jan.-23,,,ENTRADA DÍZIMO OBREIRO,MONTE DAS OLIVEIRAS,00345,RENAN FAGUNDES,DC.,DEP. BANCARIO," R$ 200,00 ",CAIXA IGREJA,SIM,RECEITA,DEP. BANCARIOENTRADA DÍZIMO OBREIRO-RENAN FAGUNDES MONTE DAS OLIVEIRAS - RECIBO -1742,VENCIDO
1,01743,12-jan.-23,12-jan.-23,,,ENTRADA DÍZIMO OBREIRO,PORTA DAS OVELHAS,00212,ARLENO PINTO,DC.,DEP. BANCARIO," R$ 150,00 ",CAIXA IGREJA,SIM,RECEITA,DEP. BANCARIOENTRADA DÍZIMO OBREIRO-ARLENO PINTO PORTA DAS OVELHAS - RECIBO -1743,VENCIDO
1,01744,14-jan.-23,14-jan.-23,,,ENTRADA DÍZIMO OBREIRO,PORTA DAS OVELHAS,00212,ARLENO PINTO,DC.,DEP. BANCARIO," R$ 90,00 ",CAIXA IGREJA,SIM,RECEITA,DEP. BANCARIOENTRADA DÍZIMO OBREIRO-ARLENO PINTO PORTA DAS OVELHAS - RECIBO -1744,VENCIDO
1,01745,11-jan.-23,11-jan.-23,,,ENTRADA DÍZIMO OBREIRO,TEMPLO CENTRAL,00079,MARCIO BRITO,DC.,DEP. BANCARIO," R$ 2.000,00 ",CAIXA IGREJA,SIM,RECEITA,DEP. BANCARIOENTRADA DÍZIMO OBREIRO-MARCIO BRITO TEMPLO CENTRAL - RECIBO -1745,VENCIDO
1,01746,15-jan.-23,15-jan.-23,,,ENTRADA DÍZIMO OBREIRO,LUZ E VIDA,00307,OSEAS JUNIOR,DC.,DEO. BANACARIO," R$ 600,00 ",CAIXA IGREJA,SIM,RECEITA,DEO. BANACARIOENTRADA DÍZIMO OBREIRO-OSEAS JUNIOR LUZ E VIDA - RECIBO -1746,VENCIDO
1,01747,16-jan.-23,16-jan.-23,,,ENTRADA DÍZIMO OBREIRO,GETSÊMANI,00315,ELISSON LUCAS MARTINS ,AUX.,DEP. BANCARIO," R$ 150,00 ",CAIXA IGREJA,SIM,RECEITA,DEP. BANCARIOENTRADA DÍZIMO OBREIRO-ELISSON LUCAS MARTINS  GETSÊMANI - RECIBO -1747,VENCIDO
1,01748,15-jan.-23,15-jan.-23,,,ENTRADA DÍZIMO OBREIRO,MONTE DAS OLIVEIRAS,00423,LUIZ HENRIQUE ,DC.,DEP. BANCARIO," R$ 175,39 ",CAIXA IGREJA,SIM,RECEITA,DEP. BANCARIOENTRADA DÍZIMO OBREIRO-LUIZ HENRIQUE  MONTE DAS OLIVEIRAS - RECIBO -1748,VENCIDO
1,01749,17-jan.-23,17-jan.-23,,,ENTRADA DÍZIMO OBREIRO,FRUTOS DA FE II,00421,JOZAQUISON GOMES PINHEIRO,AUX.,DEP. BANCARIO," R$ 350,00 ",CAIXA IGREJA,SIM,RECEITA,DEP. BANCARIOENTRADA DÍZIMO OBREIRO-JOZAQUISON GOMES PINHEIRO FRUTOS DA FE II - RECIBO -1749,VENCIDO
1,01750,17-jan.-23,17-jan.-23,,,ENTRADA DÍZIMO OBREIRO,MONTE SINAI,00089,NELSON GONÇALVES,DC.,," R$ 15,00 ",CAIXA IGREJA,SIM,RECEITA,ENTRADA DÍZIMO OBREIRO-NELSON GONÇALVES MONTE SINAI - RECIBO -1750,VENCIDO
1,03352,17-jan.-23,17-jan.-23,,,ENTRADA DÍZIMO OBREIRO,LIBERDADE,00059,JOAO SANTOS BARBOSA,DC.,DEP. BANCARIO," R$ 85,00 ",CAIXA IGREJA,SIM,RECEITA,DEP. BANCARIOENTRADA DÍZIMO OBREIRO-JOAO SANTOS BARBOSA LIBERDADE - RECIBO -3352,VENCIDO
1,03353,18-jan.-23,18-jan.-23,,,ENTRADA DÍZIMO OBREIRO,FRUTOS DA FÉ,00072,LUCIANO FERREIRA DE ALENCAR,DC.,DEP. BANCARIO," R$ 140,00 ",CAIXA IGREJA,SIM,RECEITA,DEP. BANCARIOENTRADA DÍZIMO OBREIRO-LUCIANO FERREIRA DE ALENCAR FRUTOS DA FÉ - RECIBO -3353,VENCIDO
1,01567,16-jan.-23,16-jan.-23,,,ENTRADA DÍZIMO OBREIRO,MONTE HOREBE,00001,ADEMAR FARIAS BORGES,PB.,," R$ 122,00 ",CAIXA IGREJA,SIM,RECEITA,ENTRADA DÍZIMO OBREIRO-ADEMAR FARIAS BORGES MONTE HOREBE - RECIBO -1567,VENCIDO
1,01568,16-jan.-23,16-jan.-23,,,ENTRADA DÍZIMO OBREIRO,ALTO REFÚGIO,00337,ELVIS CLEITON GONÇALVES GOVEIA,EV. ,," R$ 70,00 ",CAIXA IGREJA,SIM,RECEITA,ENTRADA DÍZIMO OBREIRO-ELVIS CLEITON GONÇALVES GOVEIA ALTO REFÚGIO - RECIBO -1568,VENCIDO
1,01569,18-jan.-23,18-jan.-23,,,ENTRADA DÍZIMO OBREIRO,GETSÊMANI,00391,ROBERTO GOMES DE CARVALHO,PR. ,DEP. BANCARIO," R$ 70,00 ",CAIXA IGREJA,SIM,RECEITA,DEP. BANCARIOENTRADA DÍZIMO OBREIRO-ROBERTO GOMES DE CARVALHO GETSÊMANI - RECIBO -1569,VENCIDO
1,01458,14-jan.-23,14-jan.-23,,,ENTRADA DÍZIMO OBREIRO,LÍRIOS DOS VALES,00207,ADONIAS DE ABREU RODRIGUES,PB.,DEP. BANCARIO," R$ 100,00 ",CAIXA IGREJA,SIM,RECEITA,DEP. BANCARIOENTRADA DÍZIMO OBREIRO-ADONIAS DE ABREU RODRIGUES LÍRIOS DOS VALES - RECIBO -1458,VENCIDO
1,01459,16-jan.-23,16-jan.-23,,,ENTRADA DÍZIMO OBREIRO,MONTE DAS OLIVEIRAS,00027,DEYVISON BARBOSA,PB.,," R$ 200,00 ",CAIXA IGREJA,SIM,RECEITA,ENTRADA DÍZIMO OBREIRO-DEYVISON BARBOSA MONTE DAS OLIVEIRAS - RECIBO -1459,VENCIDO
1,01460,16-jan.-23,16-jan.-23,,,ENTRADA DÍZIMO OBREIRO,NOVA ALIANÇA,00027,DEYVISON BARBOSA,PB.,," R$ 200,00 ",CAIXA IGREJA,SIM,RECEITA,ENTRADA DÍZIMO OBREIRO-DEYVISON BARBOSA NOVA ALIANÇA - RECIBO -1460,VENCIDO
1,01461,16-jan.-23,16-jan.-23,,,ENTRADA DÍZIMO OBREIRO,MONTE HOREBE,00027,DEYVISON BARBOSA,PB.,," R$ 200,00 ",CAIXA IGREJA,SIM,RECEITA,ENTRADA DÍZIMO OBREIRO-DEYVISON BARBOSA MONTE HOREBE - RECIBO -1461,VENCIDO
1,01462,16-jan.-23,16-jan.-23,,,ENTRADA DÍZIMO OBREIRO,PERSEVERANÇA,00428,MAURICIO COSTA,PR. ,," R$ 82,00 ",CAIXA IGREJA,SIM,RECEITA,ENTRADA DÍZIMO OBREIRO-MAURICIO COSTA PERSEVERANÇA - RECIBO -1462,VENCIDO
1,01463,13-jan.-23,13-jan.-23,,,ENTRADA DÍZIMO OBREIRO,NOVA ALIANÇA,00376,PAULO JOSE,EV. ,DEP. BANCARIO," R$ 60,00 ",CAIXA IGREJA,SIM,RECEITA,DEP. BANCARIOENTRADA DÍZIMO OBREIRO-PAULO JOSE NOVA ALIANÇA - RECIBO -1463,VENCIDO
1,01465,14-jan.-23,14-jan.-23,,,ENTRADA DÍZIMO OBREIRO,TEMPLO CENTRAL,00110,THIAGO LEVY PINHEIRO,PB.,DEP. BANCARIO," R$ 1.070,00 ",CAIXA IGREJA,SIM,RECEITA,DEP. BANCARIOENTRADA DÍZIMO OBREIRO-THIAGO LEVY PINHEIRO TEMPLO CENTRAL - RECIBO -1465,VENCIDO
1,01466,13-jan.-23,13-jan.-23,,,ENTRADA DÍZIMO OBREIRO,TEMPLO CENTRAL,00042,FRANCIVALDO MATOS,PB.,DEP. BANCARIO," R$ 150,00 ",CAIXA IGREJA,SIM,RECEITA,DEP. BANCARIOENTRADA DÍZIMO OBREIRO-FRANCIVALDO MATOS TEMPLO CENTRAL - RECIBO -1466,VENCIDO
1,01467,14-jan.-23,14-jan.-23,,,ENTRADA DÍZIMO OBREIRO,TEMPLO CENTRAL,00042,FRANCIVALDO MATOS,PB.,DEP. BANCARIO," R$ 65,00 ",CAIXA IGREJA,SIM,RECEITA,DEP. BANCARIOENTRADA DÍZIMO OBREIRO-FRANCIVALDO MATOS TEMPLO CENTRAL - RECIBO -1467,VENCIDO
1,01468,17-jan.-23,17-jan.-23,,,ENTRADA DÍZIMO OBREIRO,MONTE TABOR,00329,JOSE LUIZ PEREIRA,EV. ,," R$ 204,00 ",CAIXA IGREJA,SIM,RECEITA,ENTRADA DÍZIMO OBREIRO-JOSE LUIZ PEREIRA MONTE TABOR - RECIBO -1468,VENCIDO
1,01469,17-jan.-23,17-jan.-23,,,ENTRADA DÍZIMO OBREIRO,GETSÊMANI,00219,ELINO PALHETA,PB.,," R$ 300,00 ",CAIXA IGREJA,SIM,RECEITA,ENTRADA DÍZIMO OBREIRO-ELINO PALHETA GETSÊMANI - RECIBO -1469,VENCIDO
1,01470,17-jan.-23,17-jan.-23,,,ENTRADA DÍZIMO OBREIRO,TEMPLO CENTRAL,00412,MISAEL AMORIM FERREIRA,PR. ,," R$ 30,00 ",CAIXA IGREJA,SIM,RECEITA,ENTRADA DÍZIMO OBREIRO-MISAEL AMORIM FERREIRA TEMPLO CENTRAL - RECIBO -1470,VENCIDO
1,01471,17-jan.-23,17-jan.-23,,,ENTRADA DÍZIMO OBREIRO,MANANCIAL,00096,RAIMUNDO BARBOSA DA SILVA,PB.,," R$ 117,00 ",CAIXA IGREJA,SIM,RECEITA,ENTRADA DÍZIMO OBREIRO-RAIMUNDO BARBOSA DA SILVA MANANCIAL - RECIBO -1471,VENCIDO
1,01472,19-jan.-23,19-jan.-23,,,ENTRADA DÍZIMO OBREIRO,NOVA ALIANÇA,00027,DEYVISON BARBOSA,PB.,," R$ 200,00 ",CAIXA IGREJA,SIM,RECEITA,ENTRADA DÍZIMO OBREIRO-DEYVISON BARBOSA NOVA ALIANÇA - RECIBO -1472,VENCE HOJE
1,00349,18-jan.-23,18-jan.-23,,,ENTRADA DÍZIMO DE CONGR.,TEMPLO CENTRAL,,,,DIZIMO PATRICIA PINHEIRO/ DEP. BANCARIO," R$ 734,50 ",CAIXA IGREJA,SIM,RECEITA,DIZIMO PATRICIA PINHEIRO/ DEP. BANCARIOENTRADA DÍZIMO DE CONGR.- TEMPLO CENTRAL - RECIBO -349,VENCIDO
1,00350,15-jan.-23,15-jan.-23,,,ENTRADA DÍZIMO DE CONGR.,MANANCIAL,,,,DIZIMO JANE SOUZA/ DEP. BANCARIO," R$ 120,00 ",CAIXA IGREJA,SIM,RECEITA,DIZIMO JANE SOUZA/ DEP. BANCARIOENTRADA DÍZIMO DE CONGR.- MANANCIAL - RECIBO -350,VENCIDO
1,01667,19-jan.-23,19-jan.-23,,,ENTRADA DÍZIMO DE CONGR.,FILADÉLFIA,,,,REF.1/23," R$ 120,00 ",CAIXA IGREJA,SIM,RECEITA,REF.1/23ENTRADA DÍZIMO DE CONGR.- FILADÉLFIA - RECIBO -1667,VENCE HOJE
1,01473,19-jan.-23,19-jan.-23,,,ENTRADA DÍZIMO OBREIRO,PERSEVERANÇA,00014,ARICLENDES MIRANDA,PB.,DEP. BANCARIO," R$ 150,00 ",CAIXA IGREJA,SIM,RECEITA,DEP. BANCARIOENTRADA DÍZIMO OBREIRO-ARICLENDES MIRANDA PERSEVERANÇA - RECIBO -1473,VENCE HOJE
1,01475,17-jan.-23,17-jan.-23,,,ENTRADA DÍZIMO OBREIRO,TEMPLO CENTRAL,,,,DEP. BANCARIO," R$ 100,00 ",CAIXA IGREJA,SIM,RECEITA,DEP. BANCARIOENTRADA DÍZIMO OBREIRO- TEMPLO CENTRAL - RECIBO -1475,VENCIDO
1,01202,17-jan.-23,17-jan.-23,,,ENTRADA OFERTA AVULSA,TEMPLO CENTRAL,,,,CULTO ADMINISTRATIVO," R$ 338,20 ",CAIXA IGREJA,SIM,RECEITA,ENTRADA OFERTA AVULSA- TEMPLO CENTRAL - RECIBO -1202,VENCIDO
1,01203,18-jan.-23,18-jan.-23,,,ENTRADA OFERTA AVULSA,MONTE DAS OLIVEIRAS,,,,DEP. BANCARIO / MAURO JUNIOR," R$ 6,00 ",CAIXA IGREJA,SIM,RECEITA,DEP. BANCARIO / MAURO JUNIORENTRADA OFERTA AVULSA- MONTE DAS OLIVEIRAS - RECIBO -1203,VENCIDO
1,01204,15-jan.-23,15-jan.-23,,,ENTRADA OFERTA AVULSA,TEMPLO CENTRAL,,,,DEP. BANCARIO/REGINALDO PEREIRA," R$ 5,00 ",CAIXA IGREJA,SIM,RECEITA,DEP. BANCARIO/REGINALDO PEREIRAENTRADA OFERTA AVULSA- TEMPLO CENTRAL - RECIBO -1204,VENCIDO
1,01205,15-jan.-23,15-jan.-23,,,ENTRADA OFERTA AVULSA,TEMPLO CENTRAL,,,,DEP. BANCARIO/FRANCINAIDE LOBATO," R$ 20,00 ",CAIXA IGREJA,SIM,RECEITA,DEP. BANCARIO/FRANCINAIDE LOBATOENTRADA OFERTA AVULSA- TEMPLO CENTRAL - RECIBO -1205,VENCIDO
1,01206,15-jan.-23,15-jan.-23,,,ENTRADA OFERTA AVULSA,TEMPLO CENTRAL,,,,DEP. BANCARIO/JOAO MARCOS," R$ 10,00 ",CAIXA IGREJA,SIM,RECEITA,DEP. BANCARIO/JOAO MARCOSENTRADA OFERTA AVULSA- TEMPLO CENTRAL - RECIBO -1206,VENCIDO
1,00387,19-jan.-23,19-jan.-23,,,ENTRADA DÍZIMO DE CONGR.,TEMPLO CENTRAL,,,,LAINA BRITO," R$ 437,28 ",CAIXA IGREJA,SIM,RECEITA,ENTRADA DÍZIMO DE CONGR.- TEMPLO CENTRAL - RECIBO -387,VENCE HOJE
1,00386,15-jan.-23,15-jan.-23,,,ENTRADA DÍZIMO DE CONGR.,TEMPLO CENTRAL,,,,DEP. BANCARIO/MAILSON WARLLEN," R$ 250,00 ",CAIXA IGREJA,SIM,RECEITA,DEP. BANCARIO/MAILSON WARLLENENTRADA DÍZIMO DE CONGR.- TEMPLO CENTRAL - RECIBO -386,VENCIDO
1,00383,17-jan.-23,17-jan.-23,,,ENTRADA DÍZIMO DE CONGR.,TEMPLO CENTRAL,,,,DIZ. REGINA COSTA," R$ 27,00 ",CAIXA IGREJA,SIM,RECEITA,DIZ. REGINA COSTAENTRADA DÍZIMO DE CONGR.- TEMPLO CENTRAL - RECIBO -383,VENCIDO
1,00385,19-jan.-23,19-jan.-23,,,ENTRADA DÍZIMO DE CONGR.,TEMPLO CENTRAL,,,,DIZIMO JOSE CARLOS LIMA," R$ 30,00 ",CAIXA IGREJA,SIM,RECEITA,DIZIMO JOSE CARLOS LIMAENTRADA DÍZIMO DE CONGR.- TEMPLO CENTRAL - RECIBO -385,VENCE HOJE
1,00384,17-jan.-23,17-jan.-23,,,ENTRADA DÍZIMO DE CONGR.,TEMPLO CENTRAL,,,,DIZIMO FERNADA MACIEL," R$ 20,00 ",CAIXA IGREJA,SIM,RECEITA,DIZIMO FERNADA MACIELENTRADA DÍZIMO DE CONGR.- TEMPLO CENTRAL - RECIBO -384,VENCIDO
1,00382,15-jan.-23,15-jan.-23,,,ENTRADA DÍZIMO DE CONGR.,HERANÇA DE CRISTO,,,,DEP. BANCARIO/OSMAR MONTEIRO," R$ 130,00 ",CAIXA IGREJA,SIM,RECEITA,DIZIMO OSMAR MONTEIROENTRADA DÍZIMO DE CONGR.- HERANÇA DE CRISTO - RECIBO -382,VENCIDO
1,00381,14-jan.-23,14-jan.-23,,,ENTRADA DÍZIMO DE CONGR.,ALTO REFÚGIO,,,,DIZIMO FRANCILENE TEIXEIRA," R$ 130,00 ",CAIXA IGREJA,SIM,RECEITA,DIZIMO FRANCILENE TEIXEIRAENTRADA DÍZIMO DE CONGR.- ALTO REFÚGIO - RECIBO -381,VENCIDO
1,00380,11-jan.-23,11-jan.-23,,,ENTRADA DÍZIMO DE CONGR.,TEMPLO CENTRAL,,,,DEP. BANCARIO/ RODRIGO FILHO," R$ 195,00 ",CAIXA IGREJA,SIM,RECEITA,DEP. BANCARIO/ RODRIGO FILHOENTRADA DÍZIMO DE CONGR.- TEMPLO CENTRAL - RECIBO -380,VENCIDO
1,00379,11-jan.-23,11-jan.-23,,,ENTRADA DÍZIMO OBREIRO,TEMPLO CENTRAL,00234,WILKLERSON DUTRA,DC.,DEP. BANCARIO," R$ 43,17 ",CAIXA IGREJA,SIM,RECEITA,DEP. BANCARIOENTRADA DÍZIMO OBREIRO-WILKLERSON DUTRA TEMPLO CENTRAL - RECIBO -379,VENCIDO
1,00051,19-jan.-23,19-jan.-23,RECIBO IGREJA,,PREBLENDA PASTORAL,TEMPLO CENTRAL,,,,," R$ (5.000,00)",CAIXA IGREJA,SIM,DESPESA,PREBLENDA PASTORAL- TEMPLO CENTRAL - RECIBO -51,VENCE HOJE
,,,,,,,,,,,,,,,,,
,,,,,,,,,,,,,,,,,
,,,,,,,,,,,,,,,,,
,,,,,,,,,,,,,,,,,
,,,,,,,,,,,,,,,,,
,,,,,,,,,,,,,,,,,
,,,,,,,,,,,,,,,,,
,,,,,,,,,,,,,,,,,
,,,,,,,,,,,,,,,,,
,,,,,,,,,,,,,,,,,
,,,,,,,,,,,,,,,,,
,,,,,,,,,,,,,,,,,
,,,,,,,,,,,,,,,,,
,,,,,,,,,,,,,,,,,
,,,,,,,,,,,,,,,,,
,,,,,,,,,,,,,,,,,
,,,,,,,,,,,,,,,,,
,,,,,,,,,,,,,,,,,
,,,,,,,,,,,,,,,,,
,,,,,,,,,,,,,,,,,
,,,,,,,,,,,,,,,,,
,,,,,,,,,,,,,,,,,
,,,,,,,,,,,,,,,,,
,,,,,,,,,,,,,,,,,
,,,,,,,,,,,,,,,,,
,,,,,,,,,,,,,,,,,
,,,,,,,,,,,,,,,,,
,,,,,,,,,,,,,,,,,
,,,,,,,,,,,,,,,,,
,,,,,,,,,,,,,,,,,
,,,,,,,,,,,,,,,,,
,,,,,,,,,,,,,,,,,
,,,,,,,,,,,,,,,,,
,,,,,,,,,,,,,,,,,
,,,,,,,,,,,,,,,,,
,,,,,,,,,,,,,,,,,
,,,,,,,,,,,,,,,,,
,,,,,,,,,,,,,,,,,
,,,,,,,,,,,,,,,,,
,,,,,,,,,,,,,,,,,
,,,,,,,,,,,,,,,,,
,,,,,,,,,,,,,,,,,
,,,,,,,,,,,,,,,,,
,,,,,,,,,,,,,,,,,
,,,,,,,,,,,,,,,,,
,,,,,,,,,,,,,,,,,
,,,,,,,,,,,,,,,,,
,,,,,,,,,,,,,,,,,
,,,,,,,,,,,,,,,,,
,,,,,,,,,,,,,,,,,
,,,,,,,,,,,,,,,,,
,,,,,,,,,,,,,,,,,
,,,,,,,,,,,,,,,,,
,,,,,,,,,,,,,,,,,
,,,,,,,,,,,,,,,,,
,,,,,,,,,,,,,,,,,
,,,,,,,,,,,,,,,,,
,,,,,,,,,,,,,,,,,
,,,,,,,,,,,,,,,,,
,,,,,,,,,,,,,,,,,
,,,,,,,,,,,,,,,,,
,,,,,,,,,,,,,,,,,
,,,,,,,,,,,,,,,,,
,,,,,,,,,,,,,,,,,
,,,,,,,,,,,,,,,,,
,,,,,,,,,,,,,,,,,
,,,,,,,,,,,,,,,,,
,,,,,,,,,,,,,,,,,
,,,,,,,,,,,,,,,,,
,,,,,,,,,,,,,,,,,
,,,,,,,,,,,,,,,,,
,,,,,,,,,,,,,,,,,
,,,,,,,,,,,,,,,,,
,,,,,,,,,,,,,,,,,
,,,,,,,,,,,,,,,,,
,,,,,,,,,,,,,,,,,
,,,,,,,,,,,,,,,,,
,,,,,,,,,,,,,,,,,
,,,,,,,,,,,,,,,,,
,,,,,,,,,,,,,,,,,
,,,,,,,,,,,,,,,,,
,,,,,,,,,,,,,,,,,
,,,,,,,,,,,,,,,,,
,,,,,,,,,,,,,,,,,
,,,,,,,,,,,,,,,,,
,,,,,,,,,,,,,,,,,
,,,,,,,,,,,,,,,,,
,,,,,,,,,,,,,,,,,
,,,,,,,,,,,,,,,,,
,,,,,,,,,,,,,,,,,
,,,,,,,,,,,,,,,,,
,,,,,,,,,,,,,,,,,
,,,,,,,,,,,,,,,,,
,,,,,,,,,,,,,,,,,
,,,,,,,,,,,,,,,,,
,,,,,,,,,,,,,,,,,
,,,,,,,,,,,,,,,,,
,,,,,,,,,,,,,,,,,
,,,,,,,,,,,,,,,,,
,,,,,,,,,,,,,,,,,
,,,,,,,,,,,,,,,,,
,,,,,,,,,,,,,,,,,
,,,,,,,,,,,,,,,,,
,,,,,,,,,,,,,,,,,
,,,,,,,,,,,,,,,,,
,,,,,,,,,,,,,,,,,
,,,,,,,,,,,,,,,,,
,,,,,,,,,,,,,,,,,
,,,,,,,,,,,,,,,,,
,,,,,,,,,,,,,,,,,
,,,,,,,,,,,,,,,,,
,,,,,,,,,,,,,,,,,
,,,,,,,,,,,,,,,,,
,,,,,,,,,,,,,,,,,
,,,,,,,,,,,,,,,,,
,,,,,,,,,,,,,,,,,
,,,,,,,,,,,,,,,,,
,,,,,,,,,,,,,,,,,
,,,,,,,,,,,,,,,,,
,,,,,,,,,,,,,,,,,
,,,,,,,,,,,,,,,,,
,,,,,,,,,,,,,,,,,
,,,,,,,,,,,,,,,,,
,,,,,,,,,,,,,,,,,
,,,,,,,,,,,,,,,,,
,,,,,,,,,,,,,,,,,
,,,,,,,,,,,,,,,,,
,,,,,,,,,,,,,,,,,
,,,,,,,,,,,,,,,,,
,,,,,,,,,,,,,,,,,
,,,,,,,,,,,,,,,,,
,,,,,,,,,,,,,,,,,
,,,,,,,,,,,,,,,,,
,,,,,,,,,,,,,,,,,
,,,,,,,,,,,,,,,,,
,,,,,,,,,,,,,,,,,
,,,,,,,,,,,,,,,,,
,,,,,,,,,,,,,,,,,
,,,,,,,,,,,,,,,,,
,,,,,,,,,,,,,,,,,
,,,,,,,,,,,,,,,,,
,,,,,,,,,,,,,,,,,
,,,,,,,,,,,,,,,,,
,,,,,,,,,,,,,,,,,
,,,,,,,,,,,,,,,,,
,,,,,,,,,,,,,,,,,
,,,,,,,,,,,,,,,,,
,,,,,,,,,,,,,,,,,
,,,,,,,,,,,,,,,,,
,,,,,,,,,,,,,,,,,
,,,,,,,,,,,,,,,,,
,,,,,,,,,,,,,,,,,
,,,,,,,,,,,,,,,,,
,,,,,,,,,,,,,,,,,
,,,,,,,,,,,,,,,,,
,,,,,,,,,,,,,,,,,
,,,,,,,,,,,,,,,,,
,,,,,,,,,,,,,,,,,
,,,,,,,,,,,,,,,,,
,,,,,,,,,,,,,,,,,
,,,,,,,,,,,,,,,,,
,,,,,,,,,,,,,,,,,
,,,,,,,,,,,,,,,,,
,,,,,,,,,,,,,,,,,
,,,,,,,,,,,,,,,,,
,,,,,,,,,,,,,,,,,
,,,,,,,,,,,,,,,,,
,,,,,,,,,,,,,,,,,
,,,,,,,,,,,,,,,,,
,,,,,,,,,,,,,,,,,
,,,,,,,,,,,,,,,,,
,,,,,,,,,,,,,,,,,
,,,,,,,,,,,,,,,,,
,,,,,,,,,,,,,,,,,
,,,,,,,,,,,,,,,,,
,,,,,,,,,,,,,,,,,
,,,,,,,,,,,,,,,,,
,,,,,,,,,,,,,,,,,
,,,,,,,,,,,,,,,,,
,,,,,,,,,,,,,,,,,
,,,,,,,,,,,,,,,,,
,,,,,,,,,,,,,,,,,
,,,,,,,,,,,,,,,,,
,,,,,,,,,,,,,,,,,
,,,,,,,,,,,,,,,,,
,,,,,,,,,,,,,,,,,
,,,,,,,,,,,,,,,,,
,,,,,,,,,,,,,,,,,
,,,,,,,,,,,,,,,,,
,,,,,,,,,,,,,,,,,
,,,,,,,,,,,,,,,,,
,,,,,,,,,,,,,,,,,
,,,,,,,,,,,,,,,,,
,,,,,,,,,,,,,,,,,
,,,,,,,,,,,,,,,,,
,,,,,,,,,,,,,,,,,
,,,,,,,,,,,,,,,,,
,,,,,,,,,,,,,,,,,
,,,,,,,,,,,,,,,,,
,,,,,,,,,,,,,,,,,
,,,,,,,,,,,,,,,,,
,,,,,,,,,,,,,,,,,
,,,,,,,,,,,,,,,,,
,,,,,,,,,,,,,,,,,
,,,,,,,,,,,,,,,,,
,,,,,,,,,,,,,,,,,
,,,,,,,,,,,,,,,,,
,,,,,,,,,,,,,,,,,
,,,,,,,,,,,,,,,,,
,,,,,,,,,,,,,,,,,
,,,,,,,,,,,,,,,,,
,,,,,,,,,,,,,,,,,
,,,,,,,,,,,,,,,,,
,,,,,,,,,,,,,,,,,
#ERROR!,#ERROR!,#ERROR!,#ERROR!,#ERROR!,,#ERROR!,#ERROR!,#ERROR!,#ERROR!,#ERROR!,#ERROR!,#ERROR!,#ERROR!,#ERROR!,#ERROR!,#ERROR!,#ERROR!
,,,,,,,,,,,,,,,,,
,,,,,,,,,,,,,,,,,
,,,,,,,,,,,,,,,,,
,,,,,,,,,,,,,,,,,
,,,,,,,,,,,,,,,,,
,,,,,,,,,,,,,,,,,
,,,,,,,,,,,,,,,,,
,,,,,,,,,,,,,,,,,
,,,,,,,,,,,,,,,,,
,,,,,,,,,,,,,,,,,
,,,,,,,,,,,,,,,,,
,,,,,,,,,,,,,,,,,
,,,,,,,,,,,,,,,,,
,,,,,,,,,,,,,,,,,
,,,,,,,,,,,,,,,,,
,,,,,,,,,,,,,,,,,
,,,,,,,,,,,,,,,,,
,,,,,,,,,,,,,,,,,
,,,,,,,,,,,,,,,,,
,,,,,,,,,,,,,,,,,
,,,,,,,,,,,,,,,,,
,,,,,,,,,,,,,,,,,
,,,,,,,,,,,,,,,,,
,,,,,,,,,,,,,,,,,
,,,,,,,,,,,,,,,,,
,,,,,,,,,,,,,,,,,
,,,,,,,,,,,,,,,,,
,,,,,,,,,,,,,,,,,
,,,,,,,,,,,,,,,,,
,,,,,,,,,,,,,,,,,
,,,,,,,,,,,,,,,,,
,,,,,,,,,,,,,,,,,
,,,,,,,,,,,,,,,,,
,,,,,,,,,,,,,,,,,
,,,,,,,,,,,,,,,,,
,,,,,,,,,,,,,,,,,
,,,,,,,,,,,,,,,,,
,,,,,,,,,,,,,,,,,
,,,,,,,,,,,,,,,,,
,,,,,,,,,,,,,,,,,
,,,,,,,,,,,,,,,,,
,,,,,,,,,,,,,,,,,
,,,,,,,,,,,,,,,,,
,,,,,,,,,,,,,,,,,
,,,,,,,,,,,,,,,,,
,,,,,,,,,,,,,,,,,
,,,,,,,,,,,,,,,,,
,,,,,,,,,,,,,,,,,
,,,,,,,,,,,,,,,,,
,,,,,,,,,,,,,,,,,
,,,,,,,,,,,,,,,,,
,,,,,,,,,,,,,,,,,
,,,,,,,,,,,,,,,,,
,,,,,,,,,,,,,,,,,
,,,,,,,,,,,,,,,,,
,,,,,,,,,,,,,,,,,
,,,,,,,,,,,,,,,,,
,,,,,,,,,,,,,,,,,
,,,,,,,,,,,,,,,,,
,,,,,,,,,,,,,,,,,
,,,,,,,,,,,,,,,,,
,,,,,,,,,,,,,,,,,
,,,,,,,,,,,,,,,,,
,,,,,,,,,,,,,,,,,
,,,,,,,,,,,,,,,,,
,,,,,,,,,,,,,,,,,
,,,,,,,,,,,,,,,,,
,,,,,,,,,,,,,,,,,
,,,,,,,,,,,,,,,,,
,,,,,,,,,,,,,,,,,
,,,,,,,,,,,,,,,,,
,,,,,,,,,,,,,,,,,
,,,,,,,,,,,,,,,,,
,,,,,,,,,,,,,,,,,
,,,,,,,,,,,,,,,,,
,,,,,,,,,,,,,,,,,
,,,,,,,,,,,,,,,,,
,,,,,,,,,,,,,,,,,
,,,,,,,,,,,,,,,,,
,,,,,,,,,,,,,,,,,
,,,,,,,,,,,,,,,,,
,,,,,,,,,,,,,,,,,
,,,,,,,,,,,,,,,,,
,,,,,,,,,,,,,,,,,
,,,,,,,,,,,,,,,,,
,,,,,,,,,,,,,,,,,
,,,,,,,,,,,,,,,,,
,,,,,,,,,,,,,,,,,
,,,,,,,,,,,,,,,,,
,,,,,,,,,,,,,,,,,
,,,,,,,,,,,,,,,,,
,,,,,,,,,,,,,,,,,
,,,,,,,,,,,,,,,,,
,,,,,,,,,,,,,,,,,
,,,,,,,,,,,,,,,,,
,,,,,,,,,,,,,,,,,
,,,,,,,,,,,,,,,,,
,,,,,,,,,,,,,,,,,
,,,,,,,,,,,,,,,,,
,,,,,,,,,,,,,,,,,
,,,,,,,,,,,,,,,,,
,,,,,,,,,,,,,,,,,
,,,,,,,,,,,,,,,,,
,,,,,,,,,,,,,,,,,
,,,,,,,,,,,,,,,,,
,,,,,,,,,,,,,,,,,
,,,,,,,,,,,,,,,,,
,,,,,,,,,,,,,,,,,
,,,,,,,,,,,,,,,,,
,,,,,,,,,,,,,,,,,
,,,,,,,,,,,,,,,,,
,,,,,,,,,,,,,,,,,
,,,,,,,,,,,,,,,,,
,,,,,,,,,,,,,,,,,
,,,,,,,,,,,,,,,,,
,,,,,,,,,,,,,,,,,
,,,,,,,,,,,,,,,,,
,,,,,,,,,,,,,,,,,
,,,,,,,,,,,,,,,,,
,,,,,,,,,,,,,,,,,
,,,,,,,,,,,,,,,,,
,,,,,,,,,,,,,,,,,
,,,,,,,,,,,,,,,,,
,,,,,,,,,,,,,,,,,
,,,,,,,,,,,,,,,,,
,,,,,,,,,,,,,,,,,
,,,,,,,,,,,,,,,,,
,,,,,,,,,,,,,,,,,
,,,,,,,,,,,,,,,,,
,,,,,,,,,,,,,,,,,
,,,,,,,,,,,,,,,,,
,,,,,,,,,,,,,,,,,
,,,,,,,,,,,,,,,,,
,,,,,,,,,,,,,,,,,
,,,,,,,,,,,,,,,,,
,,,,,,,,,,,,,,,,,
,,,,,,,,,,,,,,,,,
,,,,,,,,,,,,,,,,,
,,,,,,,,,,,,,,,,,
,,,,,,,,,,,,,,,,,
,,,,,,,,,,,,,,,,,
,,,,,,,,,,,,,,,,,
,,,,,,,,,,,,,,,,,
,,,,,,,,,,,,,,,,,
,,,,,,,,,,,,,,,,,
,,,,,,,,,,,,,,,,,
,,,,,,,,,,,,,,,,,
,,,,,,,,,,,,,,,,,
,,,,,,,,,,,,,,,,,
,,,,,,,,,,,,,,,,,
,,,,,,,,,,,,,,,,,
,,,,,,,,,,,,,,,,,
,,,,,,,,,,,,,,,,,
,,,,,,,,,,,,,,,,,
,,,,,,,,,,,,,,,,,
,,,,,,,,,,,,,,,,,
,,,,,,,,,,,,,,,,,
,,,,,,,,,,,,,,,,,
,,,,,,,,,,,,,,,,,
,,,,,,,,,,,,,,,,,
,,,,,,,,,,,,,,,,,
,,,,,,,,,,,,,,,,,
,,,,,,,,,,,,,,,,,
,,,,,,,,,,,,,,,,,
,,,,,,,,,,,,,,,,,
,,,,,,,,,,,,,,,,,
,,,,,,,,,,,,,,,,,
,,,,,,,,,,,,,,,,,
,,,,,,,,,,,,,,,,,
,,,,,,,,,,,,,,,,,
,,,,,,,,,,,,,,,,,
,,,,,,,,,,,,,,,,,
,,,,,,,,,,,,,,,,,
,,,,,,,,,,,,,,,,,
,,,,,,,,,,,,,,,,,
,,,,,,,,,,,,,,,,,
,,,,,,,,,,,,,,,,,
,,,,,,,,,,,,,,,,,
,,,,,,,,,,,,,,,,,
,,,,,,,,,,,,,,,,,
,,,,,,,,,,,,,,,,,
,,,,,,,,,,,,,,,,,
,,,,,,,,,,,,,,,,,
,,,,,,,,,,,,,,,,,
,,,,,,,,,,,,,,,,,
,,,,,,,,,,,,,,,,,
,,,,,,,,,,,,,,,,,
,,,,,,,,,,,,,,,,,
,,,,,,,,,,,,,,,,,
,,,,,,,,,,,,,,,,,
,,,,,,,,,,,,,,,,,
,,,,,,,,,,,,,,,,,
,,,,,,,,,,,,,,,,,
,,,,,,,,,,,,,,,,,
,,,,,,,,,,,,,,,,,
,,,,,,,,,,,,,,,,,
,,,,,,,,,,,,,,,,,
,,,,,,,,,,,,,,,,,
,,,,,,,,,,,,,,,,,
,,,,,,,,,,,,,,,,,
,,,,,,,,,,,,,,,,,
,,,,,,,,,,,,,,,,,
,,,,,,,,,,,,,,,,,
,,,,,,,,,,,,,,,,,
,,,,,,,,,,,,,,,,,
,,,,,,,,,,,,,,,,,
,,,,,,,,,,,,,,,,,
,,,,,,,,,,,,,,,,,
,,,,,,,,,,,,,,,,,
,,,,,,,,,,,,,,,,,
,,,,,,,,,,,,,,,,,
,,,,,,,,,,,,,,,,,
,,,,,,,,,,,,,,,,,
,,,,,,,,,,,,,,,,,
,,,,,,,,,,,,,,,,,
,,,,,,,,,,,,,,,,,
,,,,,,,,,,,,,,,,,
,,,,,,,,,,,,,,,,,
,,,,,,,,,,,,,,,,,
,,,,,,,,,,,,,,,,,
,,,,,,,,,,,,,,,,,
,,,,,,,,,,,,,,,,,
,,,,,,,,,,,,,,,,,
,,,,,,,,,,,,,,,,,
,,,,,,,,,,,,,,,,,
,,,,,,,,,,,,,,,,,
,,,,,,,,,,,,,,,,,
,,,,,,,,,,,,,,,,,
,,,,,,,,,,,,,,,,,
,,,,,,,,,,,,,,,,,
,,,,,,,,,,,,,,,,,
,,,,,,,,,,,,,,,,,
,,,,,,,,,,,,,,,,,
,,,,,,,,,,,,,,,,,
,,,,,,,,,,,,,,,,,
,,,,,,,,,,,,,,,,,
,,,,,,,,,,,,,,,,,
,,,,,,,,,,,,,,,,,
,,,,,,,,,,,,,,,,,
,,,,,,,,,,,,,,,,,
,,,,,,,,,,,,,,,,,
,,,,,,,,,,,,,,,,,
,,,,,,,,,,,,,,,,,
,,,,,,,,,,,,,,,,,
,,,,,,,,,,,,,,,,,
,,,,,,,,,,,,,,,,,
,,,,,,,,,,,,,,,,,
,,,,,,,,,,,,,,,,,
,,,,,,,,,,,,,,,,,
,,,,,,,,,,,,,,,,,
,,,,,,,,,,,,,,,,,
,,,,,,,,,,,,,,,,,
,,,,,,,,,,,,,,,,,
,,,,,,,,,,,,,,,,,
,,,,,,,,,,,,,,,,,
,,,,,,,,,,,,,,,,,
,,,,,,,,,,,,,,,,,
,,,,,,,,,,,,,,,,,
,,,,,,,,,,,,,,,,,
,,,,,,,,,,,,,,,,,
,,,,,,,,,,,,,,,,,
,,,,,,,,,,,,,,,,,
,,,,,,,,,,,,,,,,,
,,,,,,,,,,,,,,,,,
,,,,,,,,,,,,,,,,,
,,,,,,,,,,,,,,,,,
,,,,,,,,,,,,,,,,,
,,,,,,,,,,,,,,,,,
,,,,,,,,,,,,,,,,,
,,,,,,,,,,,,,,,,,
,,,,,,,,,,,,,,,,,
,,,,,,,,,,,,,,,,,
,,,,,,,,,,,,,,,,,
,,,,,,,,,,,,,,,,,
,,,,,,,,,,,,,,,,,
,,,,,,,,,,,,,,,,,
,,,,,,,,,,,,,,,,,
,,,,,,,,,,,,,,,,,
,,,,,,,,,,,,,,,,,
,,,,,,,,,,,,,,,,,
,,,,,,,,,,,,,,,,,
,,,,,,,,,,,,,,,,,
,,,,,,,,,,,,,,,,,
,,,,,,,,,,,,,,,,,
,,,,,,,,,,,,,,,,,
,,,,,,,,,,,,,,,,,
,,,,,,,,,,,,,,,,,
,,,,,,,,,,,,,,,,,
,,,,,,,,,,,,,,,,,
,,,,,,,,,,,,,,,,,
,,,,,,,,,,,,,,,,,
,,,,,,,,,,,,,,,,,
,,,,,,,,,,,,,,,,,
,,,,,,,,,,,,,,,,,
,,,,,,,,,,,,,,,,,
,,,,,,,,,,,,,,,,,
,,,,,,,,,,,,,,,,,
,,,,,,,,,,,,,,,,,
,,,,,,,,,,,,,,,,,
,,,,,,,,,,,,,,,,,
,,,,,,,,,,,,,,,,,
,,,,,,,,,,,,,,,,,
,,,,,,,,,,,,,,,,,
,,,,,,,,,,,,,,,,,
,,,,,,,,,,,,,,,,,
,,,,,,,,,,,,,,,,,
,,,,,,,,,,,,,,,,,
,,,,,,,,,,,,,,,,,
,,,,,,,,,,,,,,,,,
,,,,,,,,,,,,,,,,,
,,,,,,,,,,,,,,,,,
,,,,,,,,,,,,,,,,,
,,,,,,,,,,,,,,,,,
,,,,,,,,,,,,,,,,,
,,,,,,,,,,,,,,,,,
,,,,,,,,,,,,,,,,,
,,,,,,,,,,,,,,,,,
,,,,,,,,,,,,,,,,,
,,,,,,,,,,,,,,,,,
,,,,,,,,,,,,,,,,,
,,,,,,,,,,,,,,,,,
,,,,,,,,,,,,,,,,,
,,,,,,,,,,,,,,,,,
,,,,,,,,,,,,,,,,,
,,,,,,,,,,,,,,,,,
,,,,,,,,,,,,,,,,,
,,,,,,,,,,,,,,,,,
,,,,,,,,,,,,,,,,,
,,,,,,,,,,,,,,,,,
,,,,,,,,,,,,,,,,,
,,,,,,,,,,,,,,,,,
,,,,,,,,,,,,,,,,,
,,,,,,,,,,,,,,,,,
,,,,,,,,,,,,,,,,,
,,,,,,,,,,,,,,,,,
,,,,,,,,,,,,,,,,,
,,,,,,,,,,,,,,,,,
,,,,,,,,,,,,,,,,,
,,,,,,,,,,,,,,,,,
,,,,,,,,,,,,,,,,,
,,,,,,,,,,,,,,,,,
,,,,,,,,,,,,,,,,,
,,,,,,,,,,,,,,,,,
,,,,,,,,,,,,,,,,,
,,,,,,,,,,,,,,,,,
,,,,,,,,,,,,,,,,,
,,,,,,,,,,,,,,,,,
,,,,,,,,,,,,,,,,,
,,,,,,,,,,,,,,,,,
,,,,,,,,,,,,,,,,,
,,,,,,,,,,,,,,,,,
,,,,,,,,,,,,,,,,,
,,,,,,,,,,,,,,,,,
,,,,,,,,,,,,,,,,,
,,,,,,,,,,,,,,,,,
,,,,,,,,,,,,,,,,,
,,,,,,,,,,,,,,,,,
,,,,,,,,,,,,,,,,,
,,,,,,,,,,,,,,,,,
,,,,,,,,,,,,,,,,,
,,,,,,,,,,,,,,,,,
,,,,,,,,,,,,,,,,,
,,,,,,,,,,,,,,,,,
,,,,,,,,,,,,,,,,,
,,,,,,,,,,,,,,,,,
,,,,,,,,,,,,,,,,,
,,,,,,,,,,,,,,,,,
,,,,,,,,,,,,,,,,,
,,,,,,,,,,,,,,,,,
,,,,,,,,,,,,,,,,,
,,,,,,,,,,,,,,,,,
,,,,,,,,,,,,,,,,,
,,,,,,,,,,,,,,,,,
,,,,,,,,,,,,,,,,,
,,,,,,,,,,,,,,,,,
,,,,,,,,,,,,,,,,,
,,,,,,,,,,,,,,,,,
,,,,,,,,,,,,,,,,,
,,,,,,,,,,,,,,,,,
,,,,,,,,,,,,,,,,,
,,,,,,,,,,,,,,,,,
,,,,,,,,,,,,,,,,,
,,,,,,,,,,,,,,,,,
,,,,,,,,,,,,,,,,,
,,,,,,,,,,,,,,,,,
,,,,,,,,,,,,,,,,,
,,,,,,,,,,,,,,,,,
,,,,,,,,,,,,,,,,,
,,,,,,,,,,,,,,,,,
,,,,,,,,,,,,,,,,,
,,,,,,,,,,,,,,,,,
,,,,,,,,,,,,,,,,,
,,,,,,,,,,,,,,,,,
,,,,,,,,,,,,,,,,,
,,,,,,,,,,,,,,,,,
,,,,,,,,,,,,,,,,,
,,,,,,,,,,,,,,,,,
,,,,,,,,,,,,,,,,,
,,,,,,,,,,,,,,,,,
,,,,,,,,,,,,,,,,,
,,,,,,,,,,,,,,,,,
,,,,,,,,,,,,,,,,,
,,,,,,,,,,,,,,,,,
,,,,,,,,,,,,,,,,,
,,,,,,,,,,,,,,,,,
,,,,,,,,,,,,,,,,,
,,,,,,,,,,,,,,,,,
,,,,,,,,,,,,,,,,,
,,,,,,,,,,,,,,,,,
,,,,,,,,,,,,,,,,,
,,,,,,,,,,,,,,,,,
,,,,,,,,,,,,,,,,,
,,,,,,,,,,,,,,,,,
,,,,,,,,,,,,,,,,,
,,,,,,,,,,,,,,,,,
,,,,,,,,,,,,,,,,,
,,,,,,,,,,,,,,,,,
,,,,,,,,,,,,,,,,,
,,,,,,,,,,,,,,,,,
,,,,,,,,,,,,,,,,,
,,,,,,,,,,,,,,,,,
,,,,,,,,,,,,,,,,,
,,,,,,,,,,,,,,,,,
,,,,,,,,,,,,,,,,,
,,,,,,,,,,,,,,,,,
,,,,,,,,,,,,,,,,,
,,,,,,,,,,,,,,,,,
,,,,,,,,,,,,,,,,,
,,,,,,,,,,,,,,,,,
,,,,,,,,,,,,,,,,,
,,,,,,,,,,,,,,,,,
,,,,,,,,,,,,,,,,,
,,,,,,,,,,,,,,,,,
,,,,,,,,,,,,,,,,,
,,,,,,,,,,,,,,,,,
,,,,,,,,,,,,,,,,,
,,,,,,,,,,,,,,,,,
,,,,,,,,,,,,,,,,,
,,,,,,,,,,,,,,,,,
,,,,,,,,,,,,,,,,,
,,,,,,,,,,,,,,,,,
,,,,,,,,,,,,,,,,,
,,,,,,,,,,,,,,,,,
,,,,,,,,,,,,,,,,,
,,,,,,,,,,,,,,,,,
,,,,,,,,,,,,,,,,,
,,,,,,,,,,,,,,,,,
,,,,,,,,,,,,,,,,,
,,,,,,,,,,,,,,,,,
,,,,,,,,,,,,,,,,,
,,,,,,,,,,,,,,,,,
,,,,,,,,,,,,,,,,,
,,,,,,,,,,,,,,,,,
,,,,,,,,,,,,,,,,,
,,,,,,,,,,,,,,,,,
,,,,,,,,,,,,,,,,,
,,,,,,,,,,,,,,,,,
,,,,,,,,,,,,,,,,,
,,,,,,,,,,,,,,,,,
,,,,,,,,,,,,,,,,,
,,,,,,,,,,,,,,,,,
,,,,,,,,,,,,,,,,,
,,,,,,,,,,,,,,,,,
,,,,,,,,,,,,,,,,,
,,,,,,,,,,,,,,,,,
,,,,,,,,,,,,,,,,,
,,,,,,,,,,,,,,,,,
,,,,,,,,,,,,,,,,,
,,,,,,,,,,,,,,,,,
,,,,,,,,,,,,,,,,,
,,,,,,,,,,,,,,,,,
,,,,,,,,,,,,,,,,,
,,,,,,,,,,,,,,,,,
,,,,,,,,,,,,,,,,,
,,,,,,,,,,,,,,,,,
,,,,,,,,,,,,,,,,,
,,,,,,,,,,,,,,,,,
,,,,,,,,,,,,,,,,,
,,,,,,,,,,,,,,,,,
,,,,,,,,,,,,,,,,,
,,,,,,,,,,,,,,,,,
,,,,,,,,,,,,,,,,,
,,,,,,,,,,,,,,,,,
,,,,,,,,,,,,,,,,,
,,,,,,,,,,,,,,,,,
,,,,,,,,,,,,,,,,,
,,,,,,,,,,,,,,,,,
,,,,,,,,,,,,,,,,,
,,,,,,,,,,,,,,,,,
,,,,,,,,,,,,,,,,,
,,,,,,,,,,,,,,,,,
,,,,,,,,,,,,,,,,,
,,,,,,,,,,,,,,,,,
,,,,,,,,,,,,,,,,,
,,,,,,,,,,,,,,,,,
,,,,,,,,,,,,,,,,,
,,,,,,,,,,,,,,,,,
,,,,,,,,,,,,,,,,,
,,,,,,,,,,,,,,,,,
,,,,,,,,,,,,,,,,,
,,,,,,,,,,,,,,,,,
,,,,,,,,,,,,,,,,,
,,,,,,,,,,,,,,,,,
,,,,,,,,,,,,,,,,,
,,,,,,,,,,,,,,,,,
,,,,,,,,,,,,,,,,,
,,,,,,,,,,,,,,,,,
,,,,,,,,,,,,,,,,,
,,,,,,,,,,,,,,,,,
,,,,,,,,,,,,,,,,,
,,,,,,,,,,,,,,,,,
,,,,,,,,,,,,,,,,,
,,,,,,,,,,,,,,,,,
,,,,,,,,,,,,,,,,,
,,,,,,,,,,,,,,,,,
,,,,,,,,,,,,,,,,,
,,,,,,,,,,,,,,,,,
,,,,,,,,,,,,,,,,,
,,,,,,,,,,,,,,,,,
,,,,,,,,,,,,,,,,,
,,,,,,,,,,,,,,,,,
,,,,,,,,,,,,,,,,,
,,,,,,,,,,,,,,,,,
,,,,,,,,,,,,,,,,,
,,,,,,,,,,,,,,,,,
,,,,,,,,,,,,,,,,,
,,,,,,,,,,,,,,,,,
,,,,,,,,,,,,,,,,,
,,,,,,,,,,,,,,,,,
,,,,,,,,,,,,,,,,,
,,,,,,,,,,,,,,,,,
,,,,,,,,,,,,,,,,,
,,,,,,,,,,,,,,,,,
,,,,,,,,,,,,,,,,,
,,,,,,,,,,,,,,,,,
,,,,,,,,,,,,,,,,,
,,,,,,,,,,,,,,,,,
,,,,,,,,,,,,,,,,,
,,,,,,,,,,,,,,,,,
,,,,,,,,,,,,,,,,,
,,,,,,,,,,,,,,,,,
,,,,,,,,,,,,,,,,,
,,,,,,,,,,,,,,,,,
,,,,,,,,,,,,,,,,,
,,,,,,,,,,,,,,,,,
,,,,,,,,,,,,,,,,,
,,,,,,,,,,,,,,,,,
,,,,,,,,,,,,,,,,,
,,,,,,,,,,,,,,,,,
,,,,,,,,,,,,,,,,,
,,,,,,,,,,,,,,,,,
,,,,,,,,,,,,,,,,,
,,,,,,,,,,,,,,,,,
,,,,,,,,,,,,,,,,,
,,,,,,,,,,,,,,,,,
,,,,,,,,,,,,,,,,,
,,,,,,,,,,,,,,,,,
,,,,,,,,,,,,,,,,,
,,,,,,,,,,,,,,,,,
,,,,,,,,,,,,,,,,,
,,,,,,,,,,,,,,,,,
,,,,,,,,,,,,,,,,,
,,,,,,,,,,,,,,,,,
,,,,,,,,,,,,,,,,,
,,,,,,,,,,,,,,,,,
,,,,,,,,,,,,,,,,,
,,,,,,,,,,,,,,,,,
,,,,,,,,,,,,,,,,,
,,,,,,,,,,,,,,,,,
,,,,,,,,,,,,,,,,,
,,,,,,,,,,,,,,,,,
,,,,,,,,,,,,,,,,,
,,,,,,,,,,,,,,,,,
,,,,,,,,,,,,,,,,,
,,,,,,,,,,,,,,,,,
,,,,,,,,,,,,,,,,,
,,,,,,,,,,,,,,,,,
,,,,,,,,,,,,,,,,,
,,,,,,,,,,,,,,,,,
,,,,,,,,,,,,,,,,,
,,,,,,,,,,,,,,,,,
,,,,,,,,,,,,,,,,,
,,,,,,,,,,,,,,,,,
,,,,,,,,,,,,,,,,,
,,,,,,,,,,,,,,,,,
,,,,,,,,,,,,,,,,,
,,,,,,,,,,,,,,,,,
,,,,,,,,,,,,,,,,,
,,,,,,,,,,,,,,,,,
,,,,,,,,,,,,,,,,,
,,,,,,,,,,,,,,,,,
,,,,,,,,,,,,,,,,,
,,,,,,,,,,,,,,,,,
,,,,,,,,,,,,,,,,,
,,,,,,,,,,,,,,,,,
,,,,,,,,,,,,,,,,,
,,,,,,,,,,,,,,,,,
,,,,,,,,,,,,,,,,,
,,,,,,,,,,,,,,,,,
,,,,,,,,,,,,,,,,,
,,,,,,,,,,,,,,,,,
,,,,,,,,,,,,,,,,,
,,,,,,,,,,,,,,,,,
,,,,,,,,,,,,,,,,,
,,,,,,,,,,,,,,,,,
,,,,,,,,,,,,,,,,,
,,,,,,,,,,,,,,,,,
,,,,,,,,,,,,,,,,,
,,,,,,,,,,,,,,,,,
,,,,,,,,,,,,,,,,,
,,,,,,,,,,,,,,,,,
,,,,,,,,,,,,,,,,,
,,,,,,,,,,,,,,,,,
,,,,,,,,,,,,,,,,,
,,,,,,,,,,,,,,,,,
,,,,,,,,,,,,,,,,,
,,,,,,,,,,,,,,,,,
,,,,,,,,,,,,,,,,,
,,,,,,,,,,,,,,,,,
,,,,,,,,,,,,,,,,,
,,,,,,,,,,,,,,,,,
,,,,,,,,,,,,,,,,,
,,,,,,,,,,,,,,,,,
,,,,,,,,,,,,,,,,,
,,,,,,,,,,,,,,,,,
,,,,,,,,,,,,,,,,,
,,,,,,,,,,,,,,,,,
,,,,,,,,,,,,,,,,,
,,,,,,,,,,,,,,,,,
,,,,,,,,,,,,,,,,,
,,,,,,,,,,,,,,,,,
,,,,,,,,,,,,,,,,,
,,,,,,,,,,,,,,,,,
,,,,,,,,,,,,,,,,,
,,,,,,,,,,,,,,,,,
,,,,,,,,,,,,,,,,,
,,,,,,,,,,,,,,,,,
,,,,,,,,,,,,,,,,,
,,,,,,,,,,,,,,,,,
,,,,,,,,,,,,,,,,,
,,,,,,,,,,,,,,,,,
,,,,,,,,,,,,,,,,,
,,,,,,,,,,,,,,,,,
,,,,,,,,,,,,,,,,,
,,,,,,,,,,,,,,,,,
,,,,,,,,,,,,,,,,,
,,,,,,,,,,,,,,,,,
,,,,,,,,,,,,,,,,,
,,,,,,,,,,,,,,,,,
,,,,,,,,,,,,,,,,,
,,,,,,,,,,,,,,,,,
,,,,,,,,,,,,,,,,,
,,,,,,,,,,,,,,,,,
,,,,,,,,,,,,,,,,,
,,,,,,,,,,,,,,,,,
,,,,,,,,,,,,,,,,,
,,,,,,,,,,,,,,,,,
,,,,,,,,,,,,,,,,,
,,,,,,,,,,,,,,,,,
,,,,,,,,,,,,,,,,,
,,,,,,,,,,,,,,,,,
,,,,,,,,,,,,,,,,,
,,,,,,,,,,,,,,,,,
,,,,,,,,,,,,,,,,,
,,,,,,,,,,,,,,,,,
,,,,,,,,,,,,,,,,,
,,,,,,,,,,,,,,,,,
,,,,,,,,,,,,,,,,,
,,,,,,,,,,,,,,,,,
,,,,,,,,,,,,,,,,,
,,,,,,,,,,,,,,,,,
,,,,,,,,,,,,,,,,,
,,,,,,,,,,,,,,,,,
,,,,,,,,,,,,,,,,,
,,,,,,,,,,,,,,,,,
,,,,,,,,,,,,,,,,,
,,,,,,,,,,,,,,,,,
,,,,,,,,,,,,,,,,,
,,,,,,,,,,,,,,,,,
,,,,,,,,,,,,,,,,,
,,,,,,,,,,,,,,,,,
,,,,,,,,,,,,,,,,,
,,,,,,,,,,,,,,,,,
,,,,,,,,,,,,,,,,,
,,,,,,,,,,,,,,,,,
,,,,,,,,,,,,,,,,,
,,,,,,,,,,,,,,,,,
,,,,,,,,,,,,,,,,,
,,,,,,,,,,,,,,,,,
,,,,,,,,,,,,,,,,,
,,,,,,,,,,,,,,,,,
,,,,,,,,,,,,,,,,,
,,,,,,,,,,,,,,,,,
,,,,,,,,,,,,,,,,,
,,,,,,,,,,,,,,,,,
,,,,,,,,,,,,,,,,,
,,,,,,,,,,,,,,,,,
,,,,,,,,,,,,,,,,,
,,,,,,,,,,,,,,,,,
,,,,,,,,,,,,,,,,,
,,,,,,,,,,,,,,,,,
,,,,,,,,,,,,,,,,,
,,,,,,,,,,,,,,,,,
,,,,,,,,,,,,,,,,,
,,,,,,,,,,,,,,,,,
,,,,,,,,,,,,,,,,,
,,,,,,,,,,,,,,,,,
,,,,,,,,,,,,,,,,,
,,,,,,,,,,,,,,,,,
,,,,,,,,,,,,,,,,,
,,,,,,,,,,,,,,,,,
,,,,,,,,,,,,,,,,,
,,,,,,,,,,,,,,,,,
,,,,,,,,,,,,,,,,,
,,,,,,,,,,,,,,,,,
,,,,,,,,,,,,,,,,,
,,,,,,,,,,,,,,,,,
,,,,,,,,,,,,,,,,,
,,,,,,,,,,,,,,,,,
,,,,,,,,,,,,,,,,,
,,,,,,,,,,,,,,,,,
,,,,,,,,,,,,,,,,,
,,,,,,,,,,,,,,,,,
,,,,,,,,,,,,,,,,,
,,,,,,,,,,,,,,,,,
,,,,,,,,,,,,,,,,,
,,,,,,,,,,,,,,,,,
,,,,,,,,,,,,,,,,,
,,,,,,,,,,,,,,,,,
,,,,,,,,,,,,,,,,,
,,,,,,,,,,,,,,,,,
,,,,,,,,,,,,,,,,,
,,,,,,,,,,,,,,,,,
,,,,,,,,,,,,,,,,,
,,,,,,,,,,,,,,,,,
,,,,,,,,,,,,,,,,,
,,,,,,,,,,,,,,,,,
,,,,,,,,,,,,,,,,,
,,,,,,,,,,,,,,,,,
,,,,,,,,,,,,,,,,,
,,,,,,,,,,,,,,,,,
,,,,,,,,,,,,,,,,,
,,,,,,,,,,,,,,,,,
,,,,,,,,,,,,,,,,,
,,,,,,,,,,,,,,,,,
,,,,,,,,,,,,,,,,,
,,,,,,,,,,,,,,,,,
,,,,,,,,,,,,,,,,,
,,,,,,,,,,,,,,,,,
,,,,,,,,,,,,,,,,,
,,,,,,,,,,,,,,,,,
,,,,,,,,,,,,,,,,,
,,,,,,,,,,,,,,,,,
,,,,,,,,,,,,,,,,,
,,,,,,,,,,,,,,,,,
,,,,,,,,,,,,,,,,,
,,,,,,,,,,,,,,,,,
,,,,,,,,,,,,,,,,,
,,,,,,,,,,,,,,,,,
,,,,,,,,,,,,,,,,,
,,,,,,,,,,,,,,,,,
,,,,,,,,,,,,,,,,,
,,,,,,,,,,,,,,,,,
,,,,,,,,,,,,,,,,,
,,,,,,,,,,,,,,,,,
,,,,,,,,,,,,,,,,,
,,,,,,,,,,,,,,,,,
,,,,,,,,,,,,,,,,,
,,,,,,,,,,,,,,,,,
,,,,,,,,,,,,,,,,,
,,,,,,,,,,,,,,,,,
,,,,,,,,,,,,,,,,,
,,,,,,,,,,,,,,,,,
,,,,,,,,,,,,,,,,,
,,,,,,,,,,,,,,,,,
,,,,,,,,,,,,,,,,,
,,,,,,,,,,,,,,,,,
,,,,,,,,,,,,,,,,,
,,,,,,,,,,,,,,,,,
,,,,,,,,,,,,,,,,,
,,,,,,,,,,,,,,,,,
,,,,,,,,,,,,,,,,,
,,,,,,,,,,,,,,,,,
,,,,,,,,,,,,,,,,,
,,,,,,,,,,,,,,,,,
,,,,,,,,,,,,,,,,,
,,,,,,,,,,,,,,,,,
,,,,,,,,,,,,,,,,,
,,,,,,,,,,,,,,,,,
,,,,,,,,,,,,,,,,,
,,,,,,,,,,,,,,,,,
,,,,,,,,,,,,,,,,,
,,,,,,,,,,,,,,,,,
,,,,,,,,,,,,,,,,,
,,,,,,,,,,,,,,,,,
,,,,,,,,,,,,,,,,,
#ERROR!,#ERROR!,#ERROR!,#ERROR!,#ERROR!,,#ERROR!,#ERROR!,#ERROR!,#ERROR!,#ERROR!,#ERROR!,#ERROR!,#ERROR!,#ERROR!,#ERROR!,#ERROR!,#ERROR!
,,,,,,,,,,,,,,,,,
,,,,,,,,,,,,,,,,,
,,,,,,,,,,,,,,,,,
,,,,,,,,,,,,,,,,,
,,,,,,,,,,,,,,,,,
,,,,,,,,,,,,,,,,,
,,,,,,,,,,,,,,,,,
,,,,,,,,,,,,,,,,,
,,,,,,,,,,,,,,,,,
,,,,,,,,,,,,,,,,,
,,,,,,,,,,,,,,,,,
,,,,,,,,,,,,,,,,,
,,,,,,,,,,,,,,,,,
,,,,,,,,,,,,,,,,,
,,,,,,,,,,,,,,,,,
,,,,,,,,,,,,,,,,,
,,,,,,,,,,,,,,,,,
,,,,,,,,,,,,,,,,,
,,,,,,,,,,,,,,,,,
,,,,,,,,,,,,,,,,,
,,,,,,,,,,,,,,,,,
,,,,,,,,,,,,,,,,,
,,,,,,,,,,,,,,,,,
,,,,,,,,,,,,,,,,,
,,,,,,,,,,,,,,,,,
,,,,,,,,,,,,,,,,,
,,,,,,,,,,,,,,,,,
,,,,,,,,,,,,,,,,,
,,,,,,,,,,,,,,,,,
,,,,,,,,,,,,,,,,,
,,,,,,,,,,,,,,,,,
,,,,,,,,,,,,,,,,,
,,,,,,,,,,,,,,,,,
,,,,,,,,,,,,,,,,,
,,,,,,,,,,,,,,,,,
,,,,,,,,,,,,,,,,,
,,,,,,,,,,,,,,,,,
,,,,,,,,,,,,,,,,,
,,,,,,,,,,,,,,,,,
,,,,,,,,,,,,,,,,,
,,,,,,,,,,,,,,,,,
,,,,,,,,,,,,,,,,,
,,,,,,,,,,,,,,,,,
,,,,,,,,,,,,,,,,,
,,,,,,,,,,,,,,,,,
,,,,,,,,,,,,,,,,,
,,,,,,,,,,,,,,,,,
,,,,,,,,,,,,,,,,,
,,,,,,,,,,,,,,,,,
,,,,,,,,,,,,,,,,,
,,,,,,,,,,,,,,,,,
,,,,,,,,,,,,,,,,,
,,,,,,,,,,,,,,,,,
,,,,,,,,,,,,,,,,,
,,,,,,,,,,,,,,,,,
,,,,,,,,,,,,,,,,,
,,,,,,,,,,,,,,,,,
,,,,,,,,,,,,,,,,,
,,,,,,,,,,,,,,,,,
,,,,,,,,,,,,,,,,,
,,,,,,,,,,,,,,,,,
,,,,,,,,,,,,,,,,,
,,,,,,,,,,,,,,,,,
,,,,,,,,,,,,,,,,,
,,,,,,,,,,,,,,,,,
,,,,,,,,,,,,,,,,,
,,,,,,,,,,,,,,,,,
,,,,,,,,,,,,,,,,,
,,,,,,,,,,,,,,,,,
,,,,,,,,,,,,,,,,,
,,,,,,,,,,,,,,,,,
,,,,,,,,,,,,,,,,,
,,,,,,,,,,,,,,,,,
,,,,,,,,,,,,,,,,,
,,,,,,,,,,,,,,,,,
,,,,,,,,,,,,,,,,,
,,,,,,,,,,,,,,,,,
,,,,,,,,,,,,,,,,,
,,,,,,,,,,,,,,,,,
,,,,,,,,,,,,,,,,,
,,,,,,,,,,,,,,,,,
,,,,,,,,,,,,,,,,,
,,,,,,,,,,,,,,,,,
,,,,,,,,,,,,,,,,,
,,,,,,,,,,,,,,,,,
,,,,,,,,,,,,,,,,,
,,,,,,,,,,,,,,,,,
,,,,,,,,,,,,,,,,,
,,,,,,,,,,,,,,,,,
,,,,,,,,,,,,,,,,,
,,,,,,,,,,,,,,,,,
,,,,,,,,,,,,,,,,,
,,,,,,,,,,,,,,,,,
,,,,,,,,,,,,,,,,,
,,,,,,,,,,,,,,,,,
,,,,,,,,,,,,,,,,,
,,,,,,,,,,,,,,,,,
,,,,,,,,,,,,,,,,,
,,,,,,,,,,,,,,,,,
,,,,,,,,,,,,,,,,,
,,,,,,,,,,,,,,,,,
,,,,,,,,,,,,,,,,,
,,,,,,,,,,,,,,,,,
,,,,,,,,,,,,,,,,,
,,,,,,,,,,,,,,,,,
,,,,,,,,,,,,,,,,,
,,,,,,,,,,,,,,,,,
,,,,,,,,,,,,,,,,,
,,,,,,,,,,,,,,,,,
,,,,,,,,,,,,,,,,,
,,,,,,,,,,,,,,,,,
,,,,,,,,,,,,,,,,,
,,,,,,,,,,,,,,,,,
,,,,,,,,,,,,,,,,,
,,,,,,,,,,,,,,,,,
,,,,,,,,,,,,,,,,,
,,,,,,,,,,,,,,,,,
,,,,,,,,,,,,,,,,,
,,,,,,,,,,,,,,,,,
,,,,,,,,,,,,,,,,,
,,,,,,,,,,,,,,,,,
,,,,,,,,,,,,,,,,,
,,,,,,,,,,,,,,,,,
,,,,,,,,,,,,,,,,,
,,,,,,,,,,,,,,,,,
,,,,,,,,,,,,,,,,,
,,,,,,,,,,,,,,,,,
,,,,,,,,,,,,,,,,,
,,,,,,,,,,,,,,,,,
,,,,,,,,,,,,,,,,,
,,,,,,,,,,,,,,,,,
,,,,,,,,,,,,,,,,,
,,,,,,,,,,,,,,,,,
,,,,,,,,,,,,,,,,,
,,,,,,,,,,,,,,,,,
,,,,,,,,,,,,,,,,,
,,,,,,,,,,,,,,,,,
,,,,,,,,,,,,,,,,,
,,,,,,,,,,,,,,,,,
,,,,,,,,,,,,,,,,,
,,,,,,,,,,,,,,,,,
,,,,,,,,,,,,,,,,,
,,,,,,,,,,,,,,,,,
,,,,,,,,,,,,,,,,,
,,,,,,,,,,,,,,,,,
,,,,,,,,,,,,,,,,,
,,,,,,,,,,,,,,,,,
,,,,,,,,,,,,,,,,,
,,,,,,,,,,,,,,,,,
,,,,,,,,,,,,,,,,,
,,,,,,,,,,,,,,,,,
,,,,,,,,,,,,,,,,,
,,,,,,,,,,,,,,,,,
,,,,,,,,,,,,,,,,,
,,,,,,,,,,,,,,,,,
,,,,,,,,,,,,,,,,,
,,,,,,,,,,,,,,,,,
,,,,,,,,,,,,,,,,,
,,,,,,,,,,,,,,,,,
,,,,,,,,,,,,,,,,,
,,,,,,,,,,,,,,,,,
,,,,,,,,,,,,,,,,,
,,,,,,,,,,,,,,,,,
,,,,,,,,,,,,,,,,,
,,,,,,,,,,,,,,,,,
,,,,,,,,,,,,,,,,,
,,,,,,,,,,,,,,,,,
,,,,,,,,,,,,,,,,,
,,,,,,,,,,,,,,,,,
,,,,,,,,,,,,,,,,,
,,,,,,,,,,,,,,,,,
,,,,,,,,,,,,,,,,,
,,,,,,,,,,,,,,,,,
,,,,,,,,,,,,,,,,,
,,,,,,,,,,,,,,,,,
,,,,,,,,,,,,,,,,,
,,,,,,,,,,,,,,,,,
,,,,,,,,,,,,,,,,,
,,,,,,,,,,,,,,,,,
,,,,,,,,,,,,,,,,,
,,,,,,,,,,,,,,,,,
,,,,,,,,,,,,,,,,,
,,,,,,,,,,,,,,,,,
,,,,,,,,,,,,,,,,,
,,,,,,,,,,,,,,,,,
,,,,,,,,,,,,,,,,,
,,,,,,,,,,,,,,,,,
,,,,,,,,,,,,,,,,,
,,,,,,,,,,,,,,,,,
,,,,,,,,,,,,,,,,,
,,,,,,,,,,,,,,,,,
,,,,,,,,,,,,,,,,,
,,,,,,,,,,,,,,,,,
,,,,,,,,,,,,,,,,,
,,,,,,,,,,,,,,,,,
,,,,,,,,,,,,,,,,,
,,,,,,,,,,,,,,,,,
,,,,,,,,,,,,,,,,,
,,,,,,,,,,,,,,,,,
,,,,,,,,,,,,,,,,,
,,,,,,,,,,,,,,,,,
,,,,,,,,,,,,,,,,,
,,,,,,,,,,,,,,,,,
,,,,,,,,,,,,,,,,,
,,,,,,,,,,,,,,,,,
,,,,,,,,,,,,,,,,,
,,,,,,,,,,,,,,,,,
,,,,,,,,,,,,,,,,,
,,,,,,,,,,,,,,,,,
,,,,,,,,,,,,,,,,,
,,,,,,,,,,,,,,,,,
,,,,,,,,,,,,,,,,,
,,,,,,,,,,,,,,,,,
,,,,,,,,,,,,,,,,,
,,,,,,,,,,,,,,,,,
,,,,,,,,,,,,,,,,,
,,,,,,,,,,,,,,,,,
,,,,,,,,,,,,,,,,,
,,,,,,,,,,,,,,,,,
,,,,,,,,,,,,,,,,,
,,,,,,,,,,,,,,,,,
,,,,,,,,,,,,,,,,,
,,,,,,,,,,,,,,,,,
,,,,,,,,,,,,,,,,,
,,,,,,,,,,,,,,,,,
,,,,,,,,,,,,,,,,,
,,,,,,,,,,,,,,,,,
,,,,,,,,,,,,,,,,,
,,,,,,,,,,,,,,,,,
,,,,,,,,,,,,,,,,,
,,,,,,,,,,,,,,,,,
,,,,,,,,,,,,,,,,,
,,,,,,,,,,,,,,,,,
,,,,,,,,,,,,,,,,,
,,,,,,,,,,,,,,,,,
,,,,,,,,,,,,,,,,,
,,,,,,,,,,,,,,,,,
,,,,,,,,,,,,,,,,,
,,,,,,,,,,,,,,,,,
,,,,,,,,,,,,,,,,,
,,,,,,,,,,,,,,,,,
,,,,,,,,,,,,,,,,,
,,,,,,,,,,,,,,,,,
,,,,,,,,,,,,,,,,,
,,,,,,,,,,,,,,,,,
,,,,,,,,,,,,,,,,,
,,,,,,,,,,,,,,,,,
,,,,,,,,,,,,,,,,,
,,,,,,,,,,,,,,,,,
,,,,,,,,,,,,,,,,,
,,,,,,,,,,,,,,,,,
,,,,,,,,,,,,,,,,,
,,,,,,,,,,,,,,,,,
,,,,,,,,,,,,,,,,,
,,,,,,,,,,,,,,,,,
,,,,,,,,,,,,,,,,,
,,,,,,,,,,,,,,,,,
,,,,,,,,,,,,,,,,,
,,,,,,,,,,,,,,,,,
,,,,,,,,,,,,,,,,,
,,,,,,,,,,,,,,,,,
,,,,,,,,,,,,,,,,,
,,,,,,,,,,,,,,,,,
,,,,,,,,,,,,,,,,,
,,,,,,,,,,,,,,,,,
,,,,,,,,,,,,,,,,,
,,,,,,,,,,,,,,,,,
,,,,,,,,,,,,,,,,,
,,,,,,,,,,,,,,,,,
,,,,,,,,,,,,,,,,,
,,,,,,,,,,,,,,,,,
,,,,,,,,,,,,,,,,,
,,,,,,,,,,,,,,,,,
,,,,,,,,,,,,,,,,,
,,,,,,,,,,,,,,,,,
,,,,,,,,,,,,,,,,,
,,,,,,,,,,,,,,,,,
,,,,,,,,,,,,,,,,,
,,,,,,,,,,,,,,,,,
,,,,,,,,,,,,,,,,,
,,,,,,,,,,,,,,,,,
,,,,,,,,,,,,,,,,,
,,,,,,,,,,,,,,,,,
,,,,,,,,,,,,,,,,,
,,,,,,,,,,,,,,,,,
,,,,,,,,,,,,,,,,,
,,,,,,,,,,,,,,,,,
,,,,,,,,,,,,,,,,,
,,,,,,,,,,,,,,,,,
,,,,,,,,,,,,,,,,,
,,,,,,,,,,,,,,,,,
,,,,,,,,,,,,,,,,,
,,,,,,,,,,,,,,,,,
,,,,,,,,,,,,,,,,,
,,,,,,,,,,,,,,,,,
,,,,,,,,,,,,,,,,,
,,,,,,,,,,,,,,,,,
,,,,,,,,,,,,,,,,,
,,,,,,,,,,,,,,,,,
,,,,,,,,,,,,,,,,,
,,,,,,,,,,,,,,,,,
,,,,,,,,,,,,,,,,,
,,,,,,,,,,,,,,,,,
,,,,,,,,,,,,,,,,,
,,,,,,,,,,,,,,,,,
,,,,,,,,,,,,,,,,,
,,,,,,,,,,,,,,,,,
,,,,,,,,,,,,,,,,,
,,,,,,,,,,,,,,,,,
,,,,,,,,,,,,,,,,,
,,,,,,,,,,,,,,,,,
,,,,,,,,,,,,,,,,,
,,,,,,,,,,,,,,,,,
,,,,,,,,,,,,,,,,,
,,,,,,,,,,,,,,,,,
,,,,,,,,,,,,,,,,,
,,,,,,,,,,,,,,,,,
,,,,,,,,,,,,,,,,,
,,,,,,,,,,,,,,,,,
,,,,,,,,,,,,,,,,,
,,,,,,,,,,,,,,,,,
,,,,,,,,,,,,,,,,,
,,,,,,,,,,,,,,,,,
,,,,,,,,,,,,,,,,,
,,,,,,,,,,,,,,,,,
,,,,,,,,,,,,,,,,,
,,,,,,,,,,,,,,,,,
,,,,,,,,,,,,,,,,,
,,,,,,,,,,,,,,,,,
,,,,,,,,,,,,,,,,,
,,,,,,,,,,,,,,,,,
,,,,,,,,,,,,,,,,,
,,,,,,,,,,,,,,,,,
,,,,,,,,,,,,,,,,,
,,,,,,,,,,,,,,,,,
,,,,,,,,,,,,,,,,,
,,,,,,,,,,,,,,,,,
,,,,,,,,,,,,,,,,,
,,,,,,,,,,,,,,,,,
,,,,,,,,,,,,,,,,,
,,,,,,,,,,,,,,,,,
,,,,,,,,,,,,,,,,,
,,,,,,,,,,,,,,,,,
,,,,,,,,,,,,,,,,,
,,,,,,,,,,,,,,,,,
,,,,,,,,,,,,,,,,,
,,,,,,,,,,,,,,,,,
,,,,,,,,,,,,,,,,,
,,,,,,,,,,,,,,,,,
,,,,,,,,,,,,,,,,,
,,,,,,,,,,,,,,,,,
,,,,,,,,,,,,,,,,,
,,,,,,,,,,,,,,,,,
,,,,,,,,,,,,,,,,,
,,,,,,,,,,,,,,,,,
,,,,,,,,,,,,,,,,,
,,,,,,,,,,,,,,,,,
,,,,,,,,,,,,,,,,,
,,,,,,,,,,,,,,,,,
,,,,,,,,,,,,,,,,,
,,,,,,,,,,,,,,,,,
,,,,,,,,,,,,,,,,,
,,,,,,,,,,,,,,,,,
,,,,,,,,,,,,,,,,,
,,,,,,,,,,,,,,,,,
,,,,,,,,,,,,,,,,,
,,,,,,,,,,,,,,,,,
,,,,,,,,,,,,,,,,,
,,,,,,,,,,,,,,,,,
,,,,,,,,,,,,,,,,,
,,,,,,,,,,,,,,,,,
,,,,,,,,,,,,,,,,,
,,,,,,,,,,,,,,,,,
,,,,,,,,,,,,,,,,,
,,,,,,,,,,,,,,,,,
,,,,,,,,,,,,,,,,,
,,,,,,,,,,,,,,,,,
,,,,,,,,,,,,,,,,,
,,,,,,,,,,,,,,,,,
,,,,,,,,,,,,,,,,,
,,,,,,,,,,,,,,,,,
,,,,,,,,,,,,,,,,,
,,,,,,,,,,,,,,,,,
,,,,,,,,,,,,,,,,,
,,,,,,,,,,,,,,,,,
,,,,,,,,,,,,,,,,,
,,,,,,,,,,,,,,,,,
,,,,,,,,,,,,,,,,,
,,,,,,,,,,,,,,,,,
,,,,,,,,,,,,,,,,,
,,,,,,,,,,,,,,,,,
,,,,,,,,,,,,,,,,,
,,,,,,,,,,,,,,,,,
,,,,,,,,,,,,,,,,,
,,,,,,,,,,,,,,,,,
,,,,,,,,,,,,,,,,,
,,,,,,,,,,,,,,,,,
,,,,,,,,,,,,,,,,,
,,,,,,,,,,,,,,,,,
,,,,,,,,,,,,,,,,,
,,,,,,,,,,,,,,,,,
,,,,,,,,,,,,,,,,,
,,,,,,,,,,,,,,,,,
,,,,,,,,,,,,,,,,,
,,,,,,,,,,,,,,,,,
,,,,,,,,,,,,,,,,,
,,,,,,,,,,,,,,,,,
,,,,,,,,,,,,,,,,,
,,,,,,,,,,,,,,,,,
,,,,,,,,,,,,,,,,,
,,,,,,,,,,,,,,,,,
,,,,,,,,,,,,,,,,,
,,,,,,,,,,,,,,,,,
,,,,,,,,,,,,,,,,,
,,,,,,,,,,,,,,,,,
,,,,,,,,,,,,,,,,,
,,,,,,,,,,,,,,,,,
,,,,,,,,,,,,,,,,,
,,,,,,,,,,,,,,,,,
,,,,,,,,,,,,,,,,,
,,,,,,,,,,,,,,,,,
,,,,,,,,,,,,,,,,,
,,,,,,,,,,,,,,,,,
,,,,,,,,,,,,,,,,,
,,,,,,,,,,,,,,,,,
,,,,,,,,,,,,,,,,,
,,,,,,,,,,,,,,,,,
,,,,,,,,,,,,,,,,,
,,,,,,,,,,,,,,,,,
,,,,,,,,,,,,,,,,,
,,,,,,,,,,,,,,,,,
,,,,,,,,,,,,,,,,,
,,,,,,,,,,,,,,,,,
,,,,,,,,,,,,,,,,,
,,,,,,,,,,,,,,,,,
,,,,,,,,,,,,,,,,,
,,,,,,,,,,,,,,,,,
,,,,,,,,,,,,,,,,,
,,,,,,,,,,,,,,,,,
,,,,,,,,,,,,,,,,,
,,,,,,,,,,,,,,,,,
,,,,,,,,,,,,,,,,,
,,,,,,,,,,,,,,,,,
,,,,,,,,,,,,,,,,,
,,,,,,,,,,,,,,,,,
,,,,,,,,,,,,,,,,,
,,,,,,,,,,,,,,,,,
,,,,,,,,,,,,,,,,,
,,,,,,,,,,,,,,,,,
,,,,,,,,,,,,,,,,,
,,,,,,,,,,,,,,,,,
,,,,,,,,,,,,,,,,,
,,,,,,,,,,,,,,,,,
,,,,,,,,,,,,,,,,,
,,,,,,,,,,,,,,,,,
,,,,,,,,,,,,,,,,,
,,,,,,,,,,,,,,,,,
,,,,,,,,,,,,,,,,,
,,,,,,,,,,,,,,,,,
,,,,,,,,,,,,,,,,,
,,,,,,,,,,,,,,,,,
,,,,,,,,,,,,,,,,,
,,,,,,,,,,,,,,,,,
,,,,,,,,,,,,,,,,,
,,,,,,,,,,,,,,,,,
,,,,,,,,,,,,,,,,,
,,,,,,,,,,,,,,,,,
,,,,,,,,,,,,,,,,,
,,,,,,,,,,,,,,,,,
,,,,,,,,,,,,,,,,,
,,,,,,,,,,,,,,,,,
,,,,,,,,,,,,,,,,,
,,,,,,,,,,,,,,,,,
,,,,,,,,,,,,,,,,,
,,,,,,,,,,,,,,,,,
,,,,,,,,,,,,,,,,,
,,,,,,,,,,,,,,,,,
,,,,,,,,,,,,,,,,,
,,,,,,,,,,,,,,,,,
,,,,,,,,,,,,,,,,,
,,,,,,,,,,,,,,,,,
,,,,,,,,,,,,,,,,,
,,,,,,,,,,,,,,,,,
,,,,,,,,,,,,,,,,,
,,,,,,,,,,,,,,,,,
,,,,,,,,,,,,,,,,,
,,,,,,,,,,,,,,,,,
,,,,,,,,,,,,,,,,,
,,,,,,,,,,,,,,,,,
,,,,,,,,,,,,,,,,,
,,,,,,,,,,,,,,,,,
,,,,,,,,,,,,,,,,,
,,,,,,,,,,,,,,,,,
,,,,,,,,,,,,,,,,,
,,,,,,,,,,,,,,,,,
,,,,,,,,,,,,,,,,,
,,,,,,,,,,,,,,,,,
,,,,,,,,,,,,,,,,,
,,,,,,,,,,,,,,,,,
,,,,,,,,,,,,,,,,,
,,,,,,,,,,,,,,,,,
,,,,,,,,,,,,,,,,,
,,,,,,,,,,,,,,,,,
,,,,,,,,,,,,,,,,,
,,,,,,,,,,,,,,,,,
,,,,,,,,,,,,,,,,,
,,,,,,,,,,,,,,,,,
,,,,,,,,,,,,,,,,,
,,,,,,,,,,,,,,,,,
,,,,,,,,,,,,,,,,,
,,,,,,,,,,,,,,,,,
,,,,,,,,,,,,,,,,,
,,,,,,,,,,,,,,,,,
,,,,,,,,,,,,,,,,,
,,,,,,,,,,,,,,,,,
,,,,,,,,,,,,,,,,,
,,,,,,,,,,,,,,,,,
,,,,,,,,,,,,,,,,,
,,,,,,,,,,,,,,,,,
,,,,,,,,,,,,,,,,,
,,,,,,,,,,,,,,,,,
,,,,,,,,,,,,,,,,,
,,,,,,,,,,,,,,,,,
,,,,,,,,,,,,,,,,,
,,,,,,,,,,,,,,,,,
,,,,,,,,,,,,,,,,,
,,,,,,,,,,,,,,,,,
,,,,,,,,,,,,,,,,,
,,,,,,,,,,,,,,,,,
,,,,,,,,,,,,,,,,,
,,,,,,,,,,,,,,,,,
,,,,,,,,,,,,,,,,,
,,,,,,,,,,,,,,,,,
,,,,,,,,,,,,,,,,,
,,,,,,,,,,,,,,,,,
,,,,,,,,,,,,,,,,,
,,,,,,,,,,,,,,,,,
,,,,,,,,,,,,,,,,,
,,,,,,,,,,,,,,,,,
,,,,,,,,,,,,,,,,,
,,,,,,,,,,,,,,,,,
,,,,,,,,,,,,,,,,,
,,,,,,,,,,,,,,,,,
,,,,,,,,,,,,,,,,,
,,,,,,,,,,,,,,,,,
,,,,,,,,,,,,,,,,,
,,,,,,,,,,,,,,,,,
,,,,,,,,,,,,,,,,,
,,,,,,,,,,,,,,,,,
,,,,,,,,,,,,,,,,,
,,,,,,,,,,,,,,,,,
,,,,,,,,,,,,,,,,,
,,,,,,,,,,,,,,,,,
,,,,,,,,,,,,,,,,,
,,,,,,,,,,,,,,,,,
,,,,,,,,,,,,,,,,,
,,,,,,,,,,,,,,,,,
,,,,,,,,,,,,,,,,,
,,,,,,,,,,,,,,,,,
,,,,,,,,,,,,,,,,,
,,,,,,,,,,,,,,,,,
,,,,,,,,,,,,,,,,,
,,,,,,,,,,,,,,,,,
,,,,,,,,,,,,,,,,,
,,,,,,,,,,,,,,,,,
,,,,,,,,,,,,,,,,,
,,,,,,,,,,,,,,,,,
,,,,,,,,,,,,,,,,,
,,,,,,,,,,,,,,,,,
,,,,,,,,,,,,,,,,,
,,,,,,,,,,,,,,,,,
,,,,,,,,,,,,,,,,,
,,,,,,,,,,,,,,,,,
,,,,,,,,,,,,,,,,,
,,,,,,,,,,,,,,,,,
,,,,,,,,,,,,,,,,,
,,,,,,,,,,,,,,,,,
,,,,,,,,,,,,,,,,,
,,,,,,,,,,,,,,,,,
,,,,,,,,,,,,,,,,,
,,,,,,,,,,,,,,,,,
,,,,,,,,,,,,,,,,,
,,,,,,,,,,,,,,,,,
,,,,,,,,,,,,,,,,,
,,,,,,,,,,,,,,,,,
,,,,,,,,,,,,,,,,,
,,,,,,,,,,,,,,,,,
,,,,,,,,,,,,,,,,,
,,,,,,,,,,,,,,,,,
,,,,,,,,,,,,,,,,,
,,,,,,,,,,,,,,,,,
,,,,,,,,,,,,,,,,,
,,,,,,,,,,,,,,,,,
,,,,,,,,,,,,,,,,,
,,,,,,,,,,,,,,,,,
,,,,,,,,,,,,,,,,,
,,,,,,,,,,,,,,,,,
,,,,,,,,,,,,,,,,,
,,,,,,,,,,,,,,,,,
,,,,,,,,,,,,,,,,,
,,,,,,,,,,,,,,,,,
,,,,,,,,,,,,,,,,,
,,,,,,,,,,,,,,,,,
,,,,,,,,,,,,,,,,,
,,,,,,,,,,,,,,,,,
,,,,,,,,,,,,,,,,,
,,,,,,,,,,,,,,,,,
,,,,,,,,,,,,,,,,,
,,,,,,,,,,,,,,,,,
,,,,,,,,,,,,,,,,,
,,,,,,,,,,,,,,,,,
,,,,,,,,,,,,,,,,,
,,,,,,,,,,,,,,,,,
,,,,,,,,,,,,,,,,,
,,,,,,,,,,,,,,,,,
,,,,,,,,,,,,,,,,,
,,,,,,,,,,,,,,,,,
,,,,,,,,,,,,,,,,,
,,,,,,,,,,,,,,,,,
,,,,,,,,,,,,,,,,,
,,,,,,,,,,,,,,,,,
,,,,,,,,,,,,,,,,,
,,,,,,,,,,,,,,,,,
,,,,,,,,,,,,,,,,,
,,,,,,,,,,,,,,,,,
,,,,,,,,,,,,,,,,,
,,,,,,,,,,,,,,,,,
,,,,,,,,,,,,,,,,,
,,,,,,,,,,,,,,,,,
,,,,,,,,,,,,,,,,,
,,,,,,,,,,,,,,,,,
,,,,,,,,,,,,,,,,,
,,,,,,,,,,,,,,,,,
,,,,,,,,,,,,,,,,,
,,,,,,,,,,,,,,,,,
,,,,,,,,,,,,,,,,,
,,,,,,,,,,,,,,,,,
,,,,,,,,,,,,,,,,,
,,,,,,,,,,,,,,,,,
,,,,,,,,,,,,,,,,,
,,,,,,,,,,,,,,,,,
,,,,,,,,,,,,,,,,,
,,,,,,,,,,,,,,,,,
,,,,,,,,,,,,,,,,,
,,,,,,,,,,,,,,,,,
,,,,,,,,,,,,,,,,,
,,,,,,,,,,,,,,,,,
,,,,,,,,,,,,,,,,,
,,,,,,,,,,,,,,,,,
,,,,,,,,,,,,,,,,,
,,,,,,,,,,,,,,,,,
,,,,,,,,,,,,,,,,,
,,,,,,,,,,,,,,,,,
,,,,,,,,,,,,,,,,,
,,,,,,,,,,,,,,,,,
,,,,,,,,,,,,,,,,,
,,,,,,,,,,,,,,,,,
,,,,,,,,,,,,,,,,,
,,,,,,,,,,,,,,,,,
,,,,,,,,,,,,,,,,,
,,,,,,,,,,,,,,,,,
,,,,,,,,,,,,,,,,,
,,,,,,,,,,,,,,,,,
,,,,,,,,,,,,,,,,,
,,,,,,,,,,,,,,,,,
,,,,,,,,,,,,,,,,,
,,,,,,,,,,,,,,,,,
,,,,,,,,,,,,,,,,,
,,,,,,,,,,,,,,,,,
,,,,,,,,,,,,,,,,,
,,,,,,,,,,,,,,,,,
,,,,,,,,,,,,,,,,,
,,,,,,,,,,,,,,,,,
,,,,,,,,,,,,,,,,,
,,,,,,,,,,,,,,,,,
,,,,,,,,,,,,,,,,,
,,,,,,,,,,,,,,,,,
,,,,,,,,,,,,,,,,,
,,,,,,,,,,,,,,,,,
,,,,,,,,,,,,,,,,,
,,,,,,,,,,,,,,,,,
,,,,,,,,,,,,,,,,,
,,,,,,,,,,,,,,,,,
,,,,,,,,,,,,,,,,,
,,,,,,,,,,,,,,,,,
,,,,,,,,,,,,,,,,,
,,,,,,,,,,,,,,,,,
,,,,,,,,,,,,,,,,,
,,,,,,,,,,,,,,,,,
,,,,,,,,,,,,,,,,,
,,,,,,,,,,,,,,,,,
,,,,,,,,,,,,,,,,,
,,,,,,,,,,,,,,,,,
,,,,,,,,,,,,,,,,,
,,,,,,,,,,,,,,,,,
,,,,,,,,,,,,,,,,,
,,,,,,,,,,,,,,,,,
,,,,,,,,,,,,,,,,,
,,,,,,,,,,,,,,,,,
,,,,,,,,,,,,,,,,,
,,,,,,,,,,,,,,,,,
,,,,,,,,,,,,,,,,,
,,,,,,,,,,,,,,,,,
,,,,,,,,,,,,,,,,,
,,,,,,,,,,,,,,,,,
,,,,,,,,,,,,,,,,,
,,,,,,,,,,,,,,,,,
,,,,,,,,,,,,,,,,,
,,,,,,,,,,,,,,,,,
,,,,,,,,,,,,,,,,,
,,,,,,,,,,,,,,,,,
,,,,,,,,,,,,,,,,,
,,,,,,,,,,,,,,,,,
,,,,,,,,,,,,,,,,,
,,,,,,,,,,,,,,,,,
,,,,,,,,,,,,,,,,,
,,,,,,,,,,,,,,,,,
,,,,,,,,,,,,,,,,,
,,,,,,,,,,,,,,,,,
,,,,,,,,,,,,,,,,,
,,,,,,,,,,,,,,,,,
,,,,,,,,,,,,,,,,,
,,,,,,,,,,,,,,,,,
,,,,,,,,,,,,,,,,,
,,,,,,,,,,,,,,,,,
,,,,,,,,,,,,,,,,,
,,,,,,,,,,,,,,,,,
,,,,,,,,,,,,,,,,,
,,,,,,,,,,,,,,,,,
,,,,,,,,,,,,,,,,,
,,,,,,,,,,,,,,,,,
,,,,,,,,,,,,,,,,,
,,,,,,,,,,,,,,,,,
,,,,,,,,,,,,,,,,,
,,,,,,,,,,,,,,,,,
,,,,,,,,,,,,,,,,,
,,,,,,,,,,,,,,,,,
,,,,,,,,,,,,,,,,,
,,,,,,,,,,,,,,,,,
,,,,,,,,,,,,,,,,,
,,,,,,,,,,,,,,,,,
,,,,,,,,,,,,,,,,,
,,,,,,,,,,,,,,,,,
,,,,,,,,,,,,,,,,,
,,,,,,,,,,,,,,,,,
,,,,,,,,,,,,,,,,,
,,,,,,,,,,,,,,,,,
,,,,,,,,,,,,,,,,,
,,,,,,,,,,,,,,,,,
,,,,,,,,,,,,,,,,,
,,,,,,,,,,,,,,,,,
,,,,,,,,,,,,,,,,,
,,,,,,,,,,,,,,,,,
,,,,,,,,,,,,,,,,,
,,,,,,,,,,,,,,,,,
,,,,,,,,,,,,,,,,,
,,,,,,,,,,,,,,,,,
,,,,,,,,,,,,,,,,,
,,,,,,,,,,,,,,,,,
,,,,,,,,,,,,,,,,,
,,,,,,,,,,,,,,,,,
,,,,,,,,,,,,,,,,,
,,,,,,,,,,,,,,,,,
,,,,,,,,,,,,,,,,,
,,,,,,,,,,,,,,,,,
,,,,,,,,,,,,,,,,,
,,,,,,,,,,,,,,,,,
,,,,,,,,,,,,,,,,,
,,,,,,,,,,,,,,,,,
,,,,,,,,,,,,,,,,,
,,,,,,,,,,,,,,,,,
,,,,,,,,,,,,,,,,,
,,,,,,,,,,,,,,,,,
,,,,,,,,,,,,,,,,,
,,,,,,,,,,,,,,,,,
,,,,,,,,,,,,,,,,,
,,,,,,,,,,,,,,,,,
,,,,,,,,,,,,,,,,,
,,,,,,,,,,,,,,,,,
,,,,,,,,,,,,,,,,,
,,,,,,,,,,,,,,,,,
,,,,,,,,,,,,,,,,,
,,,,,,,,,,,,,,,,,
,,,,,,,,,,,,,,,,,
,,,,,,,,,,,,,,,,,
,,,,,,,,,,,,,,,,,
,,,,,,,,,,,,,,,,,
,,,,,,,,,,,,,,,,,
,,,,,,,,,,,,,,,,,
,,,,,,,,,,,,,,,,,
,,,,,,,,,,,,,,,,,
,,,,,,,,,,,,,,,,,
,,,,,,,,,,,,,,,,,
,,,,,,,,,,,,,,,,,
,,,,,,,,,,,,,,,,,
,,,,,,,,,,,,,,,,,
,,,,,,,,,,,,,,,,,
,,,,,,,,,,,,,,,,,
,,,,,,,,,,,,,,,,,
,,,,,,,,,,,,,,,,,
,,,,,,,,,,,,,,,,,
,,,,,,,,,,,,,,,,,
,,,,,,,,,,,,,,,,,
,,,,,,,,,,,,,,,,,
,,,,,,,,,,,,,,,,,
,,,,,,,,,,,,,,,,,
,,,,,,,,,,,,,,,,,
,,,,,,,,,,,,,,,,,
,,,,,,,,,,,,,,,,,
,,,,,,,,,,,,,,,,,
,,,,,,,,,,,,,,,,,
,,,,,,,,,,,,,,,,,
,,,,,,,,,,,,,,,,,
,,,,,,,,,,,,,,,,,
,,,,,,,,,,,,,,,,,
,,,,,,,,,,,,,,,,,
,,,,,,,,,,,,,,,,,
,,,,,,,,,,,,,,,,,
,,,,,,,,,,,,,,,,,
,,,,,,,,,,,,,,,,,
,,,,,,,,,,,,,,,,,
,,,,,,,,,,,,,,,,,
,,,,,,,,,,,,,,,,,
,,,,,,,,,,,,,,,,,
,,,,,,,,,,,,,,,,,
,,,,,,,,,,,,,,,,,
,,,,,,,,,,,,,,,,,
,,,,,,,,,,,,,,,,,
,,,,,,,,,,,,,,,,,
,,,,,,,,,,,,,,,,,
,,,,,,,,,,,,,,,,,
,,,,,,,,,,,,,,,,,
,,,,,,,,,,,,,,,,,
,,,,,,,,,,,,,,,,,
,,,,,,,,,,,,,,,,,
,,,,,,,,,,,,,,,,,
,,,,,,,,,,,,,,,,,
,,,,,,,,,,,,,,,,,
,,,,,,,,,,,,,,,,,
,,,,,,,,,,,,,,,,,
,,,,,,,,,,,,,,,,,
,,,,,,,,,,,,,,,,,
,,,,,,,,,,,,,,,,,
,,,,,,,,,,,,,,,,,
,,,,,,,,,,,,,,,,,
,,,,,,,,,,,,,,,,,
,,,,,,,,,,,,,,,,,
,,,,,,,,,,,,,,,,,
,,,,,,,,,,,,,,,,,
,,,,,,,,,,,,,,,,,
,,,,,,,,,,,,,,,,,
,,,,,,,,,,,,,,,,,
,,,,,,,,,,,,,,,,,
,,,,,,,,,,,,,,,,,
,,,,,,,,,,,,,,,,,
,,,,,,,,,,,,,,,,,
,,,,,,,,,,,,,,,,,
,,,,,,,,,,,,,,,,,
,,,,,,,,,,,,,,,,,
,,,,,,,,,,,,,,,,,
,,,,,,,,,,,,,,,,,
,,,,,,,,,,,,,,,,,
,,,,,,,,,,,,,,,,,
,,,,,,,,,,,,,,,,,
,,,,,,,,,,,,,,,,,
,,,,,,,,,,,,,,,,,
,,,,,,,,,,,,,,,,,
,,,,,,,,,,,,,,,,,
,,,,,,,,,,,,,,,,,
,,,,,,,,,,,,,,,,,
,,,,,,,,,,,,,,,,,
,,,,,,,,,,,,,,,,,
,,,,,,,,,,,,,,,,,
,,,,,,,,,,,,,,,,,
,,,,,,,,,,,,,,,,,
,,,,,,,,,,,,,,,,,
,,,,,,,,,,,,,,,,,
,,,,,,,,,,,,,,,,,
,,,,,,,,,,,,,,,,,
,,,,,,,,,,,,,,,,,
,,,,,,,,,,,,,,,,,
,,,,,,,,,,,,,,,,,
,,,,,,,,,,,,,,,,,
,,,,,,,,,,,,,,,,,
,,,,,,,,,,,,,,,,,
,,,,,,,,,,,,,,,,,
,,,,,,,,,,,,,,,,,
,,,,,,,,,,,,,,,,,
,,,,,,,,,,,,,,,,,
,,,,,,,,,,,,,,,,,
,,,,,,,,,,,,,,,,,
,,,,,,,,,,,,,,,,,
,,,,,,,,,,,,,,,,,
,,,,,,,,,,,,,,,,,
,,,,,,,,,,,,,,,,,
,,,,,,,,,,,,,,,,,
,,,,,,,,,,,,,,,,,
,,,,,,,,,,,,,,,,,
,,,,,,,,,,,,,,,,,
,,,,,,,,,,,,,,,,,
,,,,,,,,,,,,,,,,,
,,,,,,,,,,,,,,,,,
,,,,,,,,,,,,,,,,,
,,,,,,,,,,,,,,,,,
,,,,,,,,,,,,,,,,,
,,,,,,,,,,,,,,,,,
,,,,,,,,,,,,,,,,,
,,,,,,,,,,,,,,,,,
,,,,,,,,,,,,,,,,,
,,,,,,,,,,,,,,,,,
,,,,,,,,,,,,,,,,,
,,,,,,,,,,,,,,,,,
,,,,,,,,,,,,,,,,,
,,,,,,,,,,,,,,,,,
,,,,,,,,,,,,,,,,,
,,,,,,,,,,,,,,,,,
,,,,,,,,,,,,,,,,,
,,,,,,,,,,,,,,,,,
,,,,,,,,,,,,,,,,,
,,,,,,,,,,,,,,,,,
,,,,,,,,,,,,,,,,,
,,,,,,,,,,,,,,,,,
,,,,,,,,,,,,,,,,,
,,,,,,,,,,,,,,,,,
,,,,,,,,,,,,,,,,,
,,,,,,,,,,,,,,,,,
,,,,,,,,,,,,,,,,,
,,,,,,,,,,,,,,,,,
,,,,,,,,,,,,,,,,,
,,,,,,,,,,,,,,,,,
,,,,,,,,,,,,,,,,,
,,,,,,,,,,,,,,,,,
,,,,,,,,,,,,,,,,,
,,,,,,,,,,,,,,,,,
,,,,,,,,,,,,,,,,,
,,,,,,,,,,,,,,,,,
,,,,,,,,,,,,,,,,,
,,,,,,,,,,,,,,,,,
,,,,,,,,,,,,,,,,,
,,,,,,,,,,,,,,,,,
,,,,,,,,,,,,,,,,,
,,,,,,,,,,,,,,,,,
,,,,,,,,,,,,,,,,,
,,,,,,,,,,,,,,,,,
,,,,,,,,,,,,,,,,,
,,,,,,,,,,,,,,,,,
,,,,,,,,,,,,,,,,,
,,,,,,,,,,,,,,,,,
,,,,,,,,,,,,,,,,,
,,,,,,,,,,,,,,,,,
,,,,,,,,,,,,,,,,,
,,,,,,,,,,,,,,,,,
,,,,,,,,,,,,,,,,,
,,,,,,,,,,,,,,,,,
,,,,,,,,,,,,,,,,,
,,,,,,,,,,,,,,,,,
,,,,,,,,,,,,,,,,,
,,,,,,,,,,,,,,,,,
,,,,,,,,,,,,,,,,,
,,,,,,,,,,,,,,,,,
,,,,,,,,,,,,,,,,,
,,,,,,,,,,,,,,,,,
,,,,,,,,,,,,,,,,,
,,,,,,,,,,,,,,,,,
,,,,,,,,,,,,,,,,,
,,,,,,,,,,,,,,,,,
,,,,,,,,,,,,,,,,,
,,,,,,,,,,,,,,,,,
,,,,,,,,,,,,,,,,,
,,,,,,,,,,,,,,,,,
,,,,,,,,,,,,,,,,,
,,,,,,,,,,,,,,,,,
,,,,,,,,,,,,,,,,,
,,,,,,,,,,,,,,,,,
,,,,,,,,,,,,,,,,,
,,,,,,,,,,,,,,,,,
,,,,,,,,,,,,,,,,,
,,,,,,,,,,,,,,,,,
,,,,,,,,,,,,,,,,,
,,,,,,,,,,,,,,,,,
,,,,,,,,,,,,,,,,,
,,,,,,,,,,,,,,,,,
,,,,,,,,,,,,,,,,,
,,,,,,,,,,,,,,,,,
,,,,,,,,,,,,,,,,,
,,,,,,,,,,,,,,,,,
,,,,,,,,,,,,,,,,,
,,,,,,,,,,,,,,,,,
,,,,,,,,,,,,,,,,,
,,,,,,,,,,,,,,,,,
,,,,,,,,,,,,,,,,,
,,,,,,,,,,,,,,,,,
,,,,,,,,,,,,,,,,,
,,,,,,,,,,,,,,,,,
,,,,,,,,,,,,,,,,,
,,,,,,,,,,,,,,,,,
,,,,,,,,,,,,,,,,,
,,,,,,,,,,,,,,,,,
,,,,,,,,,,,,,,,,,
,,,,,,,,,,,,,,,,,
,,,,,,,,,,,,,,,,,
,,,,,,,,,,,,,,,,,
,,,,,,,,,,,,,,,,,
,,,,,,,,,,,,,,,,,
,,,,,,,,,,,,,,,,,
,,,,,,,,,,,,,,,,,
,,,,,,,,,,,,,,,,,
,,,,,,,,,,,,,,,,,
,,,,,,,,,,,,,,,,,
,,,,,,,,,,,,,,,,,
,,,,,,,,,,,,,,,,,
,,,,,,,,,,,,,,,,,
,,,,,,,,,,,,,,,,,
,,,,,,,,,,,,,,,,,
,,,,,,,,,,,,,,,,,
,,,,,,,,,,,,,,,,,
,,,,,,,,,,,,,,,,,
,,,,,,,,,,,,,,,,,
,,,,,,,,,,,,,,,,,
,,,,,,,,,,,,,,,,,
,,,,,,,,,,,,,,,,,
,,,,,,,,,,,,,,,,,
,,,,,,,,,,,,,,,,,
,,,,,,,,,,,,,,,,,
,,,,,,,,,,,,,,,,,
,,,,,,,,,,,,,,,,,
,,,,,,,,,,,,,,,,,
,,,,,,,,,,,,,,,,,
,,,,,,,,,,,,,,,,,
,,,,,,,,,,,,,,,,,
,,,,,,,,,,,,,,,,,
,,,,,,,,,,,,,,,,,
,,,,,,,,,,,,,,,,,
,,,,,,,,,,,,,,,,,
,,,,,,,,,,,,,,,,,
,,,,,,,,,,,,,,,,,
,,,,,,,,,,,,,,,,,
,,,,,,,,,,,,,,,,,
,,,,,,,,,,,,,,,,,
,,,,,,,,,,,,,,,,,
,,,,,,,,,,,,,,,,,
,,,,,,,,,,,,,,,,,
,,,,,,,,,,,,,,,,,
,,,,,,,,,,,,,,,,,
,,,,,,,,,,,,,,,,,
,,,,,,,,,,,,,,,,,
,,,,,,,,,,,,,,,,,
,,,,,,,,,,,,,,,,,
,,,,,,,,,,,,,,,,,
,,,,,,,,,,,,,,,,,
,,,,,,,,,,,,,,,,,
,,,,,,,,,,,,,,,,,
,,,,,,,,,,,,,,,,,
,,,,,,,,,,,,,,,,,
,,,,,,,,,,,,,,,,,
,,,,,,,,,,,,,,,,,
,,,,,,,,,,,,,,,,,
,,,,,,,,,,,,,,,,,
,,,,,,,,,,,,,,,,,
,,,,,,,,,,,,,,,,,
,,,,,,,,,,,,,,,,,
,,,,,,,,,,,,,,,,,
,,,,,,,,,,,,,,,,,
,,,,,,,,,,,,,,,,,
,,,,,,,,,,,,,,,,,
,,,,,,,,,,,,,,,,,
,,,,,,,,,,,,,,,,,
,,,,,,,,,,,,,,,,,
,,,,,,,,,,,,,,,,,
,,,,,,,,,,,,,,,,,
,,,,,,,,,,,,,,,,,
,,,,,,,,,,,,,,,,,
,,,,,,,,,,,,,,,,,
,,,,,,,,,,,,,,,,,
,,,,,,,,,,,,,,,,,
,,,,,,,,,,,,,,,,,
,,,,,,,,,,,,,,,,,
,,,,,,,,,,,,,,,,,
,,,,,,,,,,,,,,,,,
,,,,,,,,,,,,,,,,,
,,,,,,,,,,,,,,,,,
,,,,,,,,,,,,,,,,,
,,,,,,,,,,,,,,,,,
,,,,,,,,,,,,,,,,,
,,,,,,,,,,,,,,,,,
,,,,,,,,,,,,,,,,,
,,,,,,,,,,,,,,,,,
,,,,,,,,,,,,,,,,,
,,,,,,,,,,,,,,,,,
,,,,,,,,,,,,,,,,,
,,,,,,,,,,,,,,,,,
,,,,,,,,,,,,,,,,,
,,,,,,,,,,,,,,,,,
,,,,,,,,,,,,,,,,,
,,,,,,,,,,,,,,,,,
,,,,,,,,,,,,,,,,,
,,,,,,,,,,,,,,,,,
,,,,,,,,,,,,,,,,,
,,,,,,,,,,,,,,,,,
,,,,,,,,,,,,,,,,,
,,,,,,,,,,,,,,,,,
,,,,,,,,,,,,,,,,,
,,,,,,,,,,,,,,,,,
,,,,,,,,,,,,,,,,,
,,,,,,,,,,,,,,,,,
,,,,,,,,,,,,,,,,,
,,,,,,,,,,,,,,,,,
,,,,,,,,,,,,,,,,,
,,,,,,,,,,,,,,,,,
,,,,,,,,,,,,,,,,,
,,,,,,,,,,,,,,,,,
,,,,,,,,,,,,,,,,,
,,,,,,,,,,,,,,,,,
,,,,,,,,,,,,,,,,,
,,,,,,,,,,,,,,,,,
,,,,,,,,,,,,,,,,,
,,,,,,,,,,,,,,,,,
,,,,,,,,,,,,,,,,,
,,,,,,,,,,,,,,,,,
,,,,,,,,,,,,,,,,,
,,,,,,,,,,,,,,,,,
,,,,,,,,,,,,,,,,,
,,,,,,,,,,,,,,,,,
,,,,,,,,,,,,,,,,,
,,,,,,,,,,,,,,,,,
,,,,,,,,,,,,,,,,,
,,,,,,,,,,,,,,,,,
,,,,,,,,,,,,,,,,,
,,,,,,,,,,,,,,,,,
,,,,,,,,,,,,,,,,,
,,,,,,,,,,,,,,,,,
,,,,,,,,,,,,,,,,,
,,,,,,,,,,,,,,,,,
,,,,,,,,,,,,,,,,,
,,,,,,,,,,,,,,,,,
,,,,,,,,,,,,,,,,,
,,,,,,,,,,,,,,,,,
,,,,,,,,,,,,,,,,,
,,,,,,,,,,,,,,,,,
,,,,,,,,,,,,,,,,,
,,,,,,,,,,,,,,,,,
,,,,,,,,,,,,,,,,,
,,,,,,,,,,,,,,,,,
,,,,,,,,,,,,,,,,,
,,,,,,,,,,,,,,,,,
,,,,,,,,,,,,,,,,,
,,,,,,,,,,,,,,,,,
,,,,,,,,,,,,,,,,,
,,,,,,,,,,,,,,,,,
,,,,,,,,,,,,,,,,,
,,,,,,,,,,,,,,,,,
,,,,,,,,,,,,,,,,,
,,,,,,,,,,,,,,,,,
,,,,,,,,,,,,,,,,,
,,,,,,,,,,,,,,,,,
,,,,,,,,,,,,,,,,,
,,,,,,,,,,,,,,,,,
,,,,,,,,,,,,,,,,,
,,,,,,,,,,,,,,,,,
,,,,,,,,,,,,,,,,,
,,,,,,,,,,,,,,,,,
,,,,,,,,,,,,,,,,,
,,,,,,,,,,,,,,,,,
,,,,,,,,,,,,,,,,,
,,,,,,,,,,,,,,,,,
,,,,,,,,,,,,,,,,,
,,,,,,,,,,,,,,,,,
,,,,,,,,,,,,,,,,,
,,,,,,,,,,,,,,,,,
,,,,,,,,,,,,,,,,,
,,,,,,,,,,,,,,,,,
,,,,,,,,,,,,,,,,,
,,,,,,,,,,,,,,,,,
,,,,,,,,,,,,,,,,,
,,,,,,,,,,,,,,,,,
,,,,,,,,,,,,,,,,,
,,,,,,,,,,,,,,,,,
,,,,,,,,,,,,,,,,,
,,,,,,,,,,,,,,,,,
,,,,,,,,,,,,,,,,,
,,,,,,,,,,,,,,,,,
,,,,,,,,,,,,,,,,,
,,,,,,,,,,,,,,,,,
,,,,,,,,,,,,,,,,,
,,,,,,,,,,,,,,,,,
,,,,,,,,,,,,,,,,,
,,,,,,,,,,,,,,,,,
,,,,,,,,,,,,,,,,,
,,,,,,,,,,,,,,,,,
,,,,,,,,,,,,,,,,,
,,,,,,,,,,,,,,,,,
,,,,,,,,,,,,,,,,,
,,,,,,,,,,,,,,,,,
,,,,,,,,,,,,,,,,,
,,,,,,,,,,,,,,,,,
,,,,,,,,,,,,,,,,,
,,,,,,,,,,,,,,,,,
,,,,,,,,,,,,,,,,,
,,,,,,,,,,,,,,,,,
,,,,,,,,,,,,,,,,,
,,,,,,,,,,,,,,,,,
,,,,,,,,,,,,,,,,,
,,,,,,,,,,,,,,,,,
,,,,,,,,,,,,,,,,,
,,,,,,,,,,,,,,,,,
,,,,,,,,,,,,,,,,,
,,,,,,,,,,,,,,,,,
,,,,,,,,,,,,,,,,,
,,,,,,,,,,,,,,,,,
,,,,,,,,,,,,,,,,,
,,,,,,,,,,,,,,,,,
,,,,,,,,,,,,,,,,,
,,,,,,,,,,,,,,,,,
,,,,,,,,,,,,,,,,,
,,,,,,,,,,,,,,,,,
,,,,,,,,,,,,,,,,,
,,,,,,,,,,,,,,,,,
,,,,,,,,,,,,,,,,,
,,,,,,,,,,,,,,,,,
,,,,,,,,,,,,,,,,,
,,,,,,,,,,,,,,,,,
,,,,,,,,,,,,,,,,,
,,,,,,,,,,,,,,,,,
,,,,,,,,,,,,,,,,,
,,,,,,,,,,,,,,,,,
,,,,,,,,,,,,,,,,,
,,,,,,,,,,,,,,,,,
,,,,,,,,,,,,,,,,,
,,,,,,,,,,,,,,,,,
,,,,,,,,,,,,,,,,,
,,,,,,,,,,,,,,,,,
,,,,,,,,,,,,,,,,,
,,,,,,,,,,,,,,,,,
,,,,,,,,,,,,,,,,,
,,,,,,,,,,,,,,,,,
,,,,,,,,,,,,,,,,,
,,,,,,,,,,,,,,,,,
,,,,,,,,,,,,,,,,,
,,,,,,,,,,,,,,,,,
,,,,,,,,,,,,,,,,,
,,,,,,,,,,,,,,,,,
,,,,,,,,,,,,,,,,,
,,,,,,,,,,,,,,,,,
,,,,,,,,,,,,,,,,,
,,,,,,,,,,,,,,,,,
,,,,,,,,,,,,,,,,,
,,,,,,,,,,,,,,,,,
,,,,,,,,,,,,,,,,,
,,,,,,,,,,,,,,,,,
,,,,,,,,,,,,,,,,,
,,,,,,,,,,,,,,,,,
,,,,,,,,,,,,,,,,,
,,,,,,,,,,,,,,,,,
,,,,,,,,,,,,,,,,,
,,,,,,,,,,,,,,,,,
,,,,,,,,,,,,,,,,,
,,,,,,,,,,,,,,,,,
,,,,,,,,,,,,,,,,,
,,,,,,,,,,,,,,,,,
,,,,,,,,,,,,,,,,,
,,,,,,,,,,,,,,,,,
,,,,,,,,,,,,,,,,,
,,,,,,,,,,,,,,,,,
,,,,,,,,,,,,,,,,,
,,,,,,,,,,,,,,,,,
,,,,,,,,,,,,,,,,,
,,,,,,,,,,,,,,,,,
,,,,,,,,,,,,,,,,,
,,,,,,,,,,,,,,,,,
,,,,,,,,,,,,,,,,,
,,,,,,,,,,,,,,,,,
,,,,,,,,,,,,,,,,,
,,,,,,,,,,,,,,,,,
,,,,,,,,,,,,,,,,,
,,,,,,,,,,,,,,,,,
,,,,,,,,,,,,,,,,,
,,,,,,,,,,,,,,,,,
,,,,,,,,,,,,,,,,,
,,,,,,,,,,,,,,,,,
,,,,,,,,,,,,,,,,,
,,,,,,,,,,,,,,,,,
,,,,,,,,,,,,,,,,,
,,,,,,,,,,,,,,,,,
,,,,,,,,,,,,,,,,,
,,,,,,,,,,,,,,,,,
,,,,,,,,,,,,,,,,,
,,,,,,,,,,,,,,,,,
,,,,,,,,,,,,,,,,,
,,,,,,,,,,,,,,,,,
,,,,,,,,,,,,,,,,,
,,,,,,,,,,,,,,,,,
,,,,,,,,,,,,,,,,,
,,,,,,,,,,,,,,,,,
,,,,,,,,,,,,,,,,,
,,,,,,,,,,,,,,,,,
,,,,,,,,,,,,,,,,,
,,,,,,,,,,,,,,,,,
,,,,,,,,,,,,,,,,,
,,,,,,,,,,,,,,,,,
,,,,,,,,,,,,,,,,,
,,,,,,,,,,,,,,,,,
,,,,,,,,,,,,,,,,,
,,,,,,,,,,,,,,,,,
,,,,,,,,,,,,,,,,,
,,,,,,,,,,,,,,,,,
,,,,,,,,,,,,,,,,,
,,,,,,,,,,,,,,,,,
,,,,,,,,,,,,,,,,,
,,,,,,,,,,,,,,,,,
,,,,,,,,,,,,,,,,,
,,,,,,,,,,,,,,,,,
,,,,,,,,,,,,,,,,,
,,,,,,,,,,,,,,,,,
,,,,,,,,,,,,,,,,,
,,,,,,,,,,,,,,,,,
,,,,,,,,,,,,,,,,,
,,,,,,,,,,,,,,,,,
,,,,,,,,,,,,,,,,,
,,,,,,,,,,,,,,,,,
,,,,,,,,,,,,,,,,,
,,,,,,,,,,,,,,,,,
,,,,,,,,,,,,,,,,,
,,,,,,,,,,,,,,,,,
,,,,,,,,,,,,,,,,,
,,,,,,,,,,,,,,,,,
,,,,,,,,,,,,,,,,,
,,,,,,,,,,,,,,,,,
,,,,,,,,,,,,,,,,,
,,,,,,,,,,,,,,,,,
,,,,,,,,,,,,,,,,,
,,,,,,,,,,,,,,,,,
,,,,,,,,,,,,,,,,,
,,,,,,,,,,,,,,,,,
,,,,,,,,,,,,,,,,,
,,,,,,,,,,,,,,,,,
,,,,,,,,,,,,,,,,,
,,,,,,,,,,,,,,,,,
,,,,,,,,,,,,,,,,,
,,,,,,,,,,,,,,,,,
,,,,,,,,,,,,,,,,,
,,,,,,,,,,,,,,,,,
,,,,,,,,,,,,,,,,,
,,,,,,,,,,,,,,,,,
,,,,,,,,,,,,,,,,,
,,,,,,,,,,,,,,,,,
,,,,,,,,,,,,,,,,,
,,,,,,,,,,,,,,,,,
,,,,,,,,,,,,,,,,,
,,,,,,,,,,,,,,,,,
,,,,,,,,,,,,,,,,,
,,,,,,,,,,,,,,,,,
,,,,,,,,,,,,,,,,,
,,,,,,,,,,,,,,,,,
,,,,,,,,,,,,,,,,,
,,,,,,,,,,,,,,,,,
,,,,,,,,,,,,,,,,,
,,,,,,,,,,,,,,,,,
,,,,,,,,,,,,,,,,,
,,,,,,,,,,,,,,,,,
,,,,,,,,,,,,,,,,,
,,,,,,,,,,,,,,,,,
,,,,,,,,,,,,,,,,,
,,,,,,,,,,,,,,,,,
,,,,,,,,,,,,,,,,,
,,,,,,,,,,,,,,,,,
,,,,,,,,,,,,,,,,,
,,,,,,,,,,,,,,,,,
,,,,,,,,,,,,,,,,,
,,,,,,,,,,,,,,,,,
,,,,,,,,,,,,,,,,,
,,,,,,,,,,,,,,,,,
,,,,,,,,,,,,,,,,,
,,,,,,,,,,,,,,,,,
,,,,,,,,,,,,,,,,,
,,,,,,,,,,,,,,,,,
,,,,,,,,,,,,,,,,,
,,,,,,,,,,,,,,,,,
,,,,,,,,,,,,,,,,,
,,,,,,,,,,,,,,,,,
,,,,,,,,,,,,,,,,,
,,,,,,,,,,,,,,,,,
,,,,,,,,,,,,,,,,,
,,,,,,,,,,,,,,,,,
,,,,,,,,,,,,,,,,,
,,,,,,,,,,,,,,,,,
,,,,,,,,,,,,,,,,,
,,,,,,,,,,,,,,,,,
,,,,,,,,,,,,,,,,,
,,,,,,,,,,,,,,,,,
,,,,,,,,,,,,,,,,,
,,,,,,,,,,,,,,,,,
,,,,,,,,,,,,,,,,,
,,,,,,,,,,,,,,,,,
,,,,,,,,,,,,,,,,,
,,,,,,,,,,,,,,,,,
,,,,,,,,,,,,,,,,,
,,,,,,,,,,,,,,,,,
,,,,,,,,,,,,,,,,,
,,,,,,,,,,,,,,,,,
,,,,,,,,,,,,,,,,,
,,,,,,,,,,,,,,,,,
,,,,,,,,,,,,,,,,,
,,,,,,,,,,,,,,,,,
,,,,,,,,,,,,,,,,,
,,,,,,,,,,,,,,,,,
,,,,,,,,,,,,,,,,,
,,,,,,,,,,,,,,,,,
,,,,,,,,,,,,,,,,,
,,,,,,,,,,,,,,,,,
,,,,,,,,,,,,,,,,,
,,,,,,,,,,,,,,,,,
,,,,,,,,,,,,,,,,,
,,,,,,,,,,,,,,,,,
,,,,,,,,,,,,,,,,,
,,,,,,,,,,,,,,,,,
,,,,,,,,,,,,,,,,,
,,,,,,,,,,,,,,,,,
,,,,,,,,,,,,,,,,,
,,,,,,,,,,,,,,,,,
,,,,,,,,,,,,,,,,,
,,,,,,,,,,,,,,,,,
,,,,,,,,,,,,,,,,,
,,,,,,,,,,,,,,,,,
,,,,,,,,,,,,,,,,,
,,,,,,,,,,,,,,,,,
,,,,,,,,,,,,,,,,,
,,,,,,,,,,,,,,,,,
,,,,,,,,,,,,,,,,,
,,,,,,,,,,,,,,,,,
,,,,,,,,,,,,,,,,,
,,,,,,,,,,,,,,,,,
,,,,,,,,,,,,,,,,,
,,,,,,,,,,,,,,,,,
,,,,,,,,,,,,,,,,,
,,,,,,,,,,,,,,,,,
,,,,,,,,,,,,,,,,,
,,,,,,,,,,,,,,,,,
,,,,,,,,,,,,,,,,,
,,,,,,,,,,,,,,,,,
,,,,,,,,,,,,,,,,,
,,,,,,,,,,,,,,,,,
,,,,,,,,,,,,,,,,,
,,,,,,,,,,,,,,,,,
,,,,,,,,,,,,,,,,,
,,,,,,,,,,,,,,,,,
,,,,,,,,,,,,,,,,,
,,,,,,,,,,,,,,,,,
,,,,,,,,,,,,,,,,,
,,,,,,,,,,,,,,,,,
,,,,,,,,,,,,,,,,,
,,,,,,,,,,,,,,,,,
,,,,,,,,,,,,,,,,,
,,,,,,,,,,,,,,,,,
,,,,,,,,,,,,,,,,,
,,,,,,,,,,,,,,,,,
,,,,,,,,,,,,,,,,,
,,,,,,,,,,,,,,,,,
,,,,,,,,,,,,,,,,,
,,,,,,,,,,,,,,,,,
,,,,,,,,,,,,,,,,,
,,,,,,,,,,,,,,,,,
,,,,,,,,,,,,,,,,,
,,,,,,,,,,,,,,,,,
,,,,,,,,,,,,,,,,,
,,,,,,,,,,,,,,,,,
,,,,,,,,,,,,,,,,,
,,,,,,,,,,,,,,,,,
,,,,,,,,,,,,,,,,,
,,,,,,,,,,,,,,,,,
,,,,,,,,,,,,,,,,,
,,,,,,,,,,,,,,,,,
,,,,,,,,,,,,,,,,,
,,,,,,,,,,,,,,,,,
,,,,,,,,,,,,,,,,,
,,,,,,,,,,,,,,,,,
,,,,,,,,,,,,,,,,,
,,,,,,,,,,,,,,,,,
,,,,,,,,,,,,,,,,,
,,,,,,,,,,,,,,,,,
,,,,,,,,,,,,,,,,,
,,,,,,,,,,,,,,,,,
,,,,,,,,,,,,,,,,,
,,,,,,,,,,,,,,,,,
,,,,,,,,,,,,,,,,,
,,,,,,,,,,,,,,,,,
,,,,,,,,,,,,,,,,,
,,,,,,,,,,,,,,,,,
,,,,,,,,,,,,,,,,,
,,,,,,,,,,,,,,,,,
,,,,,,,,,,,,,,,,,
,,,,,,,,,,,,,,,,,
,,,,,,,,,,,,,,,,,
,,,,,,,,,,,,,,,,,
,,,,,,,,,,,,,,,,,
,,,,,,,,,,,,,,,,,
,,,,,,,,,,,,,,,,,
,,,,,,,,,,,,,,,,,
,,,,,,,,,,,,,,,,,
,,,,,,,,,,,,,,,,,
,,,,,,,,,,,,,,,,,
,,,,,,,,,,,,,,,,,
,,,,,,,,,,,,,,,,,
,,,,,,,,,,,,,,,,,
,,,,,,,,,,,,,,,,,
,,,,,,,,,,,,,,,,,
,,,,,,,,,,,,,,,,,
,,,,,,,,,,,,,,,,,
,,,,,,,,,,,,,,,,,
,,,,,,,,,,,,,,,,,
,,,,,,,,,,,,,,,,,
,,,,,,,,,,,,,,,,,
,,,,,,,,,,,,,,,,,
,,,,,,,,,,,,,,,,,
,,,,,,,,,,,,,,,,,
,,,,,,,,,,,,,,,,,
,,,,,,,,,,,,,,,,,
,,,,,,,,,,,,,,,,,
,,,,,,,,,,,,,,,,,
,,,,,,,,,,,,,,,,,
,,,,,,,,,,,,,,,,,
,,,,,,,,,,,,,,,,,
,,,,,,,,,,,,,,,,,
,,,,,,,,,,,,,,,,,
,,,,,,,,,,,,,,,,,
,,,,,,,,,,,,,,,,,
,,,,,,,,,,,,,,,,,
,,,,,,,,,,,,,,,,,
,,,,,,,,,,,,,,,,,
,,,,,,,,,,,,,,,,,
,,,,,,,,,,,,,,,,,
,,,,,,,,,,,,,,,,,
,,,,,,,,,,,,,,,,,
,,,,,,,,,,,,,,,,,
,,,,,,,,,,,,,,,,,
,,,,,,,,,,,,,,,,,
,,,,,,,,,,,,,,,,,
,,,,,,,,,,,,,,,,,
,,,,,,,,,,,,,,,,,
,,,,,,,,,,,,,,,,,
,,,,,,,,,,,,,,,,,
,,,,,,,,,,,,,,,,,
,,,,,,,,,,,,,,,,,
,,,,,,,,,,,,,,,,,
,,,,,,,,,,,,,,,,,
,,,,,,,,,,,,,,,,,
,,,,,,,,,,,,,,,,,
,,,,,,,,,,,,,,,,,
,,,,,,,,,,,,,,,,,
,,,,,,,,,,,,,,,,,
,,,,,,,,,,,,,,,,,
,,,,,,,,,,,,,,,,,
,,,,,,,,,,,,,,,,,
,,,,,,,,,,,,,,,,,
,,,,,,,,,,,,,,,,,
,,,,,,,,,,,,,,,,,
,,,,,,,,,,,,,,,,,
,,,,,,,,,,,,,,,,,
,,,,,,,,,,,,,,,,,
,,,,,,,,,,,,,,,,,
,,,,,,,,,,,,,,,,,
,,,,,,,,,,,,,,,,,
,,,,,,,,,,,,,,,,,
,,,,,,,,,,,,,,,,,
,,,,,,,,,,,,,,,,,
,,,,,,,,,,,,,,,,,
,,,,,,,,,,,,,,,,,
,,,,,,,,,,,,,,,,,
,,,,,,,,,,,,,,,,,
,,,,,,,,,,,,,,,,,
,,,,,,,,,,,,,,,,,
,,,,,,,,,,,,,,,,,
,,,,,,,,,,,,,,,,,
,,,,,,,,,,,,,,,,,
,,,,,,,,,,,,,,,,,
,,,,,,,,,,,,,,,,,
,,,,,,,,,,,,,,,,,
,,,,,,,,,,,,,,,,,
,,,,,,,,,,,,,,,,,
,,,,,,,,,,,,,,,,,
,,,,,,,,,,,,,,,,,
,,,,,,,,,,,,,,,,,
,,,,,,,,,,,,,,,,,
,,,,,,,,,,,,,,,,,
,,,,,,,,,,,,,,,,,
,,,,,,,,,,,,,,,,,
,,,,,,,,,,,,,,,,,
,,,,,,,,,,,,,,,,,
,,,,,,,,,,,,,,,,,
,,,,,,,,,,,,,,,,,
,,,,,,,,,,,,,,,,,
,,,,,,,,,,,,,,,,,
,,,,,,,,,,,,,,,,,
,,,,,,,,,,,,,,,,,
,,,,,,,,,,,,,,,,,
,,,,,,,,,,,,,,,,,
,,,,,,,,,,,,,,,,,
,,,,,,,,,,,,,,,,,
,,,,,,,,,,,,,,,,,
,,,,,,,,,,,,,,,,,
,,,,,,,,,,,,,,,,,
,,,,,,,,,,,,,,,,,
,,,,,,,,,,,,,,,,,
,,,,,,,,,,,,,,,,,
,,,,,,,,,,,,,,,,,
,,,,,,,,,,,,,,,,,
,,,,,,,,,,,,,,,,,
,,,,,,,,,,,,,,,,,
,,,,,,,,,,,,,,,,,
,,,,,,,,,,,,,,,,,
,,,,,,,,,,,,,,,,,
,,,,,,,,,,,,,,,,,
,,,,,,,,,,,,,,,,,
,,,,,,,,,,,,,,,,,
,,,,,,,,,,,,,,,,,
,,,,,,,,,,,,,,,,,
,,,,,,,,,,,,,,,,,
,,,,,,,,,,,,,,,,,
,,,,,,,,,,,,,,,,,
,,,,,,,,,,,,,,,,,
,,,,,,,,,,,,,,,,,
,,,,,,,,,,,,,,,,,
,,,,,,,,,,,,,,,,,
,,,,,,,,,,,,,,,,,
,,,,,,,,,,,,,,,,,
,,,,,,,,,,,,,,,,,
,,,,,,,,,,,,,,,,,
,,,,,,,,,,,,,,,,,
,,,,,,,,,,,,,,,,,
,,,,,,,,,,,,,,,,,
,,,,,,,,,,,,,,,,,
,,,,,,,,,,,,,,,,,
,,,,,,,,,,,,,,,,,
,,,,,,,,,,,,,,,,,
,,,,,,,,,,,,,,,,,
,,,,,,,,,,,,,,,,,
,,,,,,,,,,,,,,,,,
,,,,,,,,,,,,,,,,,
,,,,,,,,,,,,,,,,,
,,,,,,,,,,,,,,,,,
,,,,,,,,,,,,,,,,,
,,,,,,,,,,,,,,,,,
,,,,,,,,,,,,,,,,,
,,,,,,,,,,,,,,,,,
,,,,,,,,,,,,,,,,,
,,,,,,,,,,,,,,,,,
,,,,,,,,,,,,,,,,,
,,,,,,,,,,,,,,,,,
,,,,,,,,,,,,,,,,,
,,,,,,,,,,,,,,,,,
,,,,,,,,,,,,,,,,,
,,,,,,,,,,,,,,,,,
,,,,,,,,,,,,,,,,,
,,,,,,,,,,,,,,,,,
,,,,,,,,,,,,,,,,,
,,,,,,,,,,,,,,,,,
,,,,,,,,,,,,,,,,,
,,,,,,,,,,,,,,,,,
,,,,,,,,,,,,,,,,,
,,,,,,,,,,,,,,,,,
,,,,,,,,,,,,,,,,,
,,,,,,,,,,,,,,,,,
,,,,,,,,,,,,,,,,,
,,,,,,,,,,,,,,,,,
,,,,,,,,,,,,,,,,,
,,,,,,,,,,,,,,,,,
,,,,,,,,,,,,,,,,,
,,,,,,,,,,,,,,,,,
,,,,,,,,,,,,,,,,,
,,,,,,,,,,,,,,,,,
,,,,,,,,,,,,,,,,,
,,,,,,,,,,,,,,,,,
,,,,,,,,,,,,,,,,,
,,,,,,,,,,,,,,,,,
,,,,,,,,,,,,,,,,,
,,,,,,,,,,,,,,,,,
,,,,,,,,,,,,,,,,,
,,,,,,,,,,,,,,,,,
,,,,,,,,,,,,,,,,,
,,,,,,,,,,,,,,,,,
,,,,,,,,,,,,,,,,,
,,,,,,,,,,,,,,,,,
,,,,,,,,,,,,,,,,,
,,,,,,,,,,,,,,,,,
,,,,,,,,,,,,,,,,,
,,,,,,,,,,,,,,,,,
,,,,,,,,,,,,,,,,,
,,,,,,,,,,,,,,,,,
,,,,,,,,,,,,,,,,,
,,,,,,,,,,,,,,,,,
,,,,,,,,,,,,,,,,,
,,,,,,,,,,,,,,,,,
,,,,,,,,,,,,,,,,,
,,,,,,,,,,,,,,,,,
,,,,,,,,,,,,,,,,,
,,,,,,,,,,,,,,,,,
,,,,,,,,,,,,,,,,,
,,,,,,,,,,,,,,,,,
,,,,,,,,,,,,,,,,,
,,,,,,,,,,,,,,,,,
,,,,,,,,,,,,,,,,,
,,,,,,,,,,,,,,,,,
,,,,,,,,,,,,,,,,,
,,,,,,,,,,,,,,,,,
,,,,,,,,,,,,,,,,,
,,,,,,,,,,,,,,,,,
,,,,,,,,,,,,,,,,,
,,,,,,,,,,,,,,,,,
,,,,,,,,,,,,,,,,,
,,,,,,,,,,,,,,,,,
,,,,,,,,,,,,,,,,,
,,,,,,,,,,,,,,,,,
,,,,,,,,,,,,,,,,,
,,,,,,,,,,,,,,,,,
,,,,,,,,,,,,,,,,,
,,,,,,,,,,,,,,,,,
,,,,,,,,,,,,,,,,,
,,,,,,,,,,,,,,,,,
,,,,,,,,,,,,,,,,,
,,,,,,,,,,,,,,,,,
,,,,,,,,,,,,,,,,,
,,,,,,,,,,,,,,,,,
,,,,,,,,,,,,,,,,,
,,,,,,,,,,,,,,,,,
,,,,,,,,,,,,,,,,,
,,,,,,,,,,,,,,,,,
,,,,,,,,,,,,,,,,,
,,,,,,,,,,,,,,,,,
,,,,,,,,,,,,,,,,,
,,,,,,,,,,,,,,,,,
,,,,,,,,,,,,,,,,,
,,,,,,,,,,,,,,,,,
,,,,,,,,,,,,,,,,,
,,,,,,,,,,,,,,,,,
,,,,,,,,,,,,,,,,,
,,,,,,,,,,,,,,,,,
,,,,,,,,,,,,,,,,,
,,,,,,,,,,,,,,,,,
,,,,,,,,,,,,,,,,,
,,,,,,,,,,,,,,,,,
,,,,,,,,,,,,,,,,,
,,,,,,,,,,,,,,,,,
,,,,,,,,,,,,,,,,,
,,,,,,,,,,,,,,,,,
,,,,,,,,,,,,,,,,,
,,,,,,,,,,,,,,,,,
,,,,,,,,,,,,,,,,,
,,,,,,,,,,,,,,,,,
,,,,,,,,,,,,,,,,,
,,,,,,,,,,,,,,,,,
,,,,,,,,,,,,,,,,,
,,,,,,,,,,,,,,,,,
,,,,,,,,,,,,,,,,,
,,,,,,,,,,,,,,,,,
,,,,,,,,,,,,,,,,,
,,,,,,,,,,,,,,,,,
,,,,,,,,,,,,,,,,,
,,,,,,,,,,,,,,,,,
,,,,,,,,,,,,,,,,,
,,,,,,,,,,,,,,,,,
,,,,,,,,,,,,,,,,,
,,,,,,,,,,,,,,,,,
,,,,,,,,,,,,,,,,,
,,,,,,,,,,,,,,,,,
,,,,,,,,,,,,,,,,,
,,,,,,,,,,,,,,,,,
,,,,,,,,,,,,,,,,,
,,,,,,,,,,,,,,,,,
,,,,,,,,,,,,,,,,,
,,,,,,,,,,,,,,,,,
,,,,,,,,,,,,,,,,,
,,,,,,,,,,,,,,,,,
,,,,,,,,,,,,,,,,,
,,,,,,,,,,,,,,,,,
,,,,,,,,,,,,,,,,,
,,,,,,,,,,,,,,,,,
,,,,,,,,,,,,,,,,,
,,,,,,,,,,,,,,,,,
,,,,,,,,,,,,,,,,,
,,,,,,,,,,,,,,,,,
,,,,,,,,,,,,,,,,,
,,,,,,,,,,,,,,,,,
,,,,,,,,,,,,,,,,,
,,,,,,,,,,,,,,,,,
,,,,,,,,,,,,,,,,,
,,,,,,,,,,,,,,,,,
,,,,,,,,,,,,,,,,,
,,,,,,,,,,,,,,,,,
,,,,,,,,,,,,,,,,,
,,,,,,,,,,,,,,,,,
,,,,,,,,,,,,,,,,,
,,,,,,,,,,,,,,,,,
,,,,,,,,,,,,,,,,,
,,,,,,,,,,,,,,,,,
,,,,,,,,,,,,,,,,,
,,,,,,,,,,,,,,,,,
,,,,,,,,,,,,,,,,,
,,,,,,,,,,,,,,,,,
,,,,,,,,,,,,,,,,,
,,,,,,,,,,,,,,,,,
,,,,,,,,,,,,,,,,,
,,,,,,,,,,,,,,,,,
,,,,,,,,,,,,,,,,,
,,,,,,,,,,,,,,,,,
,,,,,,,,,,,,,,,,,
,,,,,,,,,,,,,,,,,
,,,,,,,,,,,,,,,,,
,,,,,,,,,,,,,,,,,
,,,,,,,,,,,,,,,,,
,,,,,,,,,,,,,,,,,
,,,,,,,,,,,,,,,,,
,,,,,,,,,,,,,,,,,
,,,,,,,,,,,,,,,,,
,,,,,,,,,,,,,,,,,
,,,,,,,,,,,,,,,,,
,,,,,,,,,,,,,,,,,
,,,,,,,,,,,,,,,,,
,,,,,,,,,,,,,,,,,
,,,,,,,,,,,,,,,,,
,,,,,,,,,,,,,,,,,
,,,,,,,,,,,,,,,,,
,,,,,,,,,,,,,,,,,
,,,,,,,,,,,,,,,,,
,,,,,,,,,,,,,,,,,
,,,,,,,,,,,,,,,,,
,,,,,,,,,,,,,,,,,
,,,,,,,,,,,,,,,,,
,,,,,,,,,,,,,,,,,
,,,,,,,,,,,,,,,,,
,,,,,,,,,,,,,,,,,
,,,,,,,,,,,,,,,,,
,,,,,,,,,,,,,,,,,
,,,,,,,,,,,,,,,,,
,,,,,,,,,,,,,,,,,
,,,,,,,,,,,,,,,,,
,,,,,,,,,,,,,,,,,
,,,,,,,,,,,,,,,,,
,,,,,,,,,,,,,,,,,
,,,,,,,,,,,,,,,,,
,,,,,,,,,,,,,,,,,
,,,,,,,,,,,,,,,,,
,,,,,,,,,,,,,,,,,
,,,,,,,,,,,,,,,,,
,,,,,,,,,,,,,,,,,
,,,,,,,,,,,,,,,,,
,,,,,,,,,,,,,,,,,
,,,,,,,,,,,,,,,,,
,,,,,,,,,,,,,,,,,
,,,,,,,,,,,,,,,,,
,,,,,,,,,,,,,,,,,
,,,,,,,,,,,,,,,,,
,,,,,,,,,,,,,,,,,
,,,,,,,,,,,,,,,,,
,,,,,,,,,,,,,,,,,
,,,,,,,,,,,,,,,,,
,,,,,,,,,,,,,,,,,
,,,,,,,,,,,,,,,,,
,,,,,,,,,,,,,,,,,
,,,,,,,,,,,,,,,,,
,,,,,,,,,,,,,,,,,
,,,,,,,,,,,,,,,,,
,,,,,,,,,,,,,,,,,
,,,,,,,,,,,,,,,,,
,,,,,,,,,,,,,,,,,
,,,,,,,,,,,,,,,,,
,,,,,,,,,,,,,,,,,
,,,,,,,,,,,,,,,,,
,,,,,,,,,,,,,,,,,
,,,,,,,,,,,,,,,,,
,,,,,,,,,,,,,,,,,
,,,,,,,,,,,,,,,,,
,,,,,,,,,,,,,,,,,
,,,,,,,,,,,,,,,,,
,,,,,,,,,,,,,,,,,
,,,,,,,,,,,,,,,,,
,,,,,,,,,,,,,,,,,
,,,,,,,,,,,,,,,,,
,,,,,,,,,,,,,,,,,
,,,,,,,,,,,,,,,,,
,,,,,,,,,,,,,,,,,
,,,,,,,,,,,,,,,,,
,,,,,,,,,,,,,,,,,
,,,,,,,,,,,,,,,,,
,,,,,,,,,,,,,,,,,
,,,,,,,,,,,,,,,,,
,,,,,,,,,,,,,,,,,
,,,,,,,,,,,,,,,,,
,,,,,,,,,,,,,,,,,
,,,,,,,,,,,,,,,,,
,,,,,,,,,,,,,,,,,
,,,,,,,,,,,,,,,,,
,,,,,,,,,,,,,,,,,
,,,,,,,,,,,,,,,,,
,,,,,,,,,,,,,,,,,
,,,,,,,,,,,,,,,,,
,,,,,,,,,,,,,,,,,
,,,,,,,,,,,,,,,,,
,,,,,,,,,,,,,,,,,
,,,,,,,,,,,,,,,,,
,,,,,,,,,,,,,,,,,
,,,,,,,,,,,,,,,,,
,,,,,,,,,,,,,,,,,
,,,,,,,,,,,,,,,,,
,,,,,,,,,,,,,,,,,
,,,,,,,,,,,,,,,,,
,,,,,,,,,,,,,,,,,
,,,,,,,,,,,,,,,,,
,,,,,,,,,,,,,,,,,
,,,,,,,,,,,,,,,,,
,,,,,,,,,,,,,,,,,
,,,,,,,,,,,,,,,,,
,,,,,,,,,,,,,,,,,
,,,,,,,,,,,,,,,,,
,,,,,,,,,,,,,,,,,
,,,,,,,,,,,,,,,,,
,,,,,,,,,,,,,,,,,
,,,,,,,,,,,,,,,,,
,,,,,,,,,,,,,,,,,
,,,,,,,,,,,,,,,,,
,,,,,,,,,,,,,,,,,
,,,,,,,,,,,,,,,,,
,,,,,,,,,,,,,,,,,
,,,,,,,,,,,,,,,,,
,,,,,,,,,,,,,,,,,
,,,,,,,,,,,,,,,,,
,,,,,,,,,,,,,,,,,
,,,,,,,,,,,,,,,,,
,,,,,,,,,,,,,,,,,
,,,,,,,,,,,,,,,,,
,,,,,,,,,,,,,,,,,
,,,,,,,,,,,,,,,,,
,,,,,,,,,,,,,,,,,
,,,,,,,,,,,,,,,,,
,,,,,,,,,,,,,,,,,
,,,,,,,,,,,,,,,,,
,,,,,,,,,,,,,,,,,
,,,,,,,,,,,,,,,,,
,,,,,,,,,,,,,,,,,
,,,,,,,,,,,,,,,,,
,,,,,,,,,,,,,,,,,
,,,,,,,,,,,,,,,,,
,,,,,,,,,,,,,,,,,
,,,,,,,,,,,,,,,,,
,,,,,,,,,,,,,,,,,
,,,,,,,,,,,,,,,,,
,,,,,,,,,,,,,,,,,
,,,,,,,,,,,,,,,,,
,,,,,,,,,,,,,,,,,
,,,,,,,,,,,,,,,,,
,,,,,,,,,,,,,,,,,
,,,,,,,,,,,,,,,,,
,,,,,,,,,,,,,,,,,
,,,,,,,,,,,,,,,,,
,,,,,,,,,,,,,,,,,
,,,,,,,,,,,,,,,,,
,,,,,,,,,,,,,,,,,
,,,,,,,,,,,,,,,,,
,,,,,,,,,,,,,,,,,
,,,,,,,,,,,,,,,,,
,,,,,,,,,,,,,,,,,
,,,,,,,,,,,,,,,,,
,,,,,,,,,,,,,,,,,
,,,,,,,,,,,,,,,,,
,,,,,,,,,,,,,,,,,
,,,,,,,,,,,,,,,,,
,,,,,,,,,,,,,,,,,
,,,,,,,,,,,,,,,,,
,,,,,,,,,,,,,,,,,
,,,,,,,,,,,,,,,,,
,,,,,,,,,,,,,,,,,
,,,,,,,,,,,,,,,,,
,,,,,,,,,,,,,,,,,
,,,,,,,,,,,,,,,,,
,,,,,,,,,,,,,,,,,
,,,,,,,,,,,,,,,,,
,,,,,,,,,,,,,,,,,
,,,,,,,,,,,,,,,,,
,,,,,,,,,,,,,,,,,
,,,,,,,,,,,,,,,,,
,,,,,,,,,,,,,,,,,
,,,,,,,,,,,,,,,,,
,,,,,,,,,,,,,,,,,
,,,,,,,,,,,,,,,,,
,,,,,,,,,,,,,,,,,
,,,,,,,,,,,,,,,,,
,,,,,,,,,,,,,,,,,
,,,,,,,,,,,,,,,,,
,,,,,,,,,,,,,,,,,
,,,,,,,,,,,,,,,,,
,,,,,,,,,,,,,,,,,
,,,,,,,,,,,,,,,,,
,,,,,,,,,,,,,,,,,
,,,,,,,,,,,,,,,,,
,,,,,,,,,,,,,,,,,
,,,,,,,,,,,,,,,,,
,,,,,,,,,,,,,,,,,
,,,,,,,,,,,,,,,,,
,,,,,,,,,,,,,,,,,
,,,,,,,,,,,,,,,,,
,,,,,,,,,,,,,,,,,
,,,,,,,,,,,,,,,,,
,,,,,,,,,,,,,,,,,
,,,,,,,,,,,,,,,,,
,,,,,,,,,,,,,,,,,
,,,,,,,,,,,,,,,,,
,,,,,,,,,,,,,,,,,
,,,,,,,,,,,,,,,,,
,,,,,,,,,,,,,,,,,
,,,,,,,,,,,,,,,,,
,,,,,,,,,,,,,,,,,
,,,,,,,,,,,,,,,,,
,,,,,,,,,,,,,,,,,
,,,,,,,,,,,,,,,,,
,,,,,,,,,,,,,,,,,
,,,,,,,,,,,,,,,,,
,,,,,,,,,,,,,,,,,
,,,,,,,,,,,,,,,,,
,,,,,,,,,,,,,,,,,
,,,,,,,,,,,,,,,,,
,,,,,,,,,,,,,,,,,
,,,,,,,,,,,,,,,,,
,,,,,,,,,,,,,,,,,
,,,,,,,,,,,,,,,,,
,,,,,,,,,,,,,,,,,
,,,,,,,,,,,,,,,,,
,,,,,,,,,,,,,,,,,
,,,,,,,,,,,,,,,,,
,,,,,,,,,,,,,,,,,
,,,,,,,,,,,,,,,,,
,,,,,,,,,,,,,,,,,
,,,,,,,,,,,,,,,,,
,,,,,,,,,,,,,,,,,
,,,,,,,,,,,,,,,,,
,,,,,,,,,,,,,,,,,
,,,,,,,,,,,,,,,,,
,,,,,,,,,,,,,,,,,
,,,,,,,,,,,,,,,,,
,,,,,,,,,,,,,,,,,
,,,,,,,,,,,,,,,,,
,,,,,,,,,,,,,,,,,
,,,,,,,,,,,,,,,,,
,,,,,,,,,,,,,,,,,
,,,,,,,,,,,,,,,,,
,,,,,,,,,,,,,,,,,
,,,,,,,,,,,,,,,,,
,,,,,,,,,,,,,,,,,
,,,,,,,,,,,,,,,,,
,,,,,,,,,,,,,,,,,
,,,,,,,,,,,,,,,,,
,,,,,,,,,,,,,,,,,
,,,,,,,,,,,,,,,,,
,,,,,,,,,,,,,,,,,
,,,,,,,,,,,,,,,,,
,,,,,,,,,,,,,,,,,
,,,,,,,,,,,,,,,,,
,,,,,,,,,,,,,,,,,
,,,,,,,,,,,,,,,,,
,,,,,,,,,,,,,,,,,
,,,,,,,,,,,,,,,,,
,,,,,,,,,,,,,,,,,
,,,,,,,,,,,,,,,,,
,,,,,,,,,,,,,,,,,
,,,,,,,,,,,,,,,,,
,,,,,,,,,,,,,,,,,
,,,,,,,,,,,,,,,,,
,,,,,,,,,,,,,,,,,
,,,,,,,,,,,,,,,,,
,,,,,,,,,,,,,,,,,
,,,,,,,,,,,,,,,,,
,,,,,,,,,,,,,,,,,
,,,,,,,,,,,,,,,,,
,,,,,,,,,,,,,,,,,
,,,,,,,,,,,,,,,,,
,,,,,,,,,,,,,,,,,
,,,,,,,,,,,,,,,,,
,,,,,,,,,,,,,,,,,
,,,,,,,,,,,,,,,,,
,,,,,,,,,,,,,,,,,
,,,,,,,,,,,,,,,,,
,,,,,,,,,,,,,,,,,
,,,,,,,,,,,,,,,,,
,,,,,,,,,,,,,,,,,
,,,,,,,,,,,,,,,,,
,,,,,,,,,,,,,,,,,
,,,,,,,,,,,,,,,,,
,,,,,,,,,,,,,,,,,
,,,,,,,,,,,,,,,,,
,,,,,,,,,,,,,,,,,
,,,,,,,,,,,,,,,,,
,,,,,,,,,,,,,,,,,
,,,,,,,,,,,,,,,,,
,,,,,,,,,,,,,,,,,
,,,,,,,,,,,,,,,,,
,,,,,,,,,,,,,,,,,
,,,,,,,,,,,,,,,,,
,,,,,,,,,,,,,,,,,
,,,,,,,,,,,,,,,,,
,,,,,,,,,,,,,,,,,
,,,,,,,,,,,,,,,,,
,,,,,,,,,,,,,,,,,
,,,,,,,,,,,,,,,,,
,,,,,,,,,,,,,,,,,
,,,,,,,,,,,,,,,,,
,,,,,,,,,,,,,,,,,
,,,,,,,,,,,,,,,,,
,,,,,,,,,,,,,,,,,
,,,,,,,,,,,,,,,,,
,,,,,,,,,,,,,,,,,
,,,,,,,,,,,,,,,,,
,,,,,,,,,,,,,,,,,
,,,,,,,,,,,,,,,,,
,,,,,,,,,,,,,,,,,
,,,,,,,,,,,,,,,,,
,,,,,,,,,,,,,,,,,
,,,,,,,,,,,,,,,,,
,,,,,,,,,,,,,,,,,
,,,,,,,,,,,,,,,,,
,,,,,,,,,,,,,,,,,
,,,,,,,,,,,,,,,,,
,,,,,,,,,,,,,,,,,
,,,,,,,,,,,,,,,,,
,,,,,,,,,,,,,,,,,
,,,,,,,,,,,,,,,,,
,,,,,,,,,,,,,,,,,
,,,,,,,,,,,,,,,,,
#ERROR!,#ERROR!,#ERROR!,#ERROR!,#ERROR!,,#ERROR!,#ERROR!,#ERROR!,#ERROR!,#ERROR!,#ERROR!,#ERROR!,#ERROR!,#ERROR!,#ERROR!,#ERROR!,#ERROR!
,,,,,,,,,,,,,,,,,
,,,,,,,,,,,,,,,,,
,,,,,,,,,,,,,,,,,
,,,,,,,,,,,,,,,,,
,,,,,,,,,,,,,,,,,
,,,,,,,,,,,,,,,,,
,,,,,,,,,,,,,,,,,
,,,,,,,,,,,,,,,,,
,,,,,,,,,,,,,,,,,
,,,,,,,,,,,,,,,,,
,,,,,,,,,,,,,,,,,
,,,,,,,,,,,,,,,,,
,,,,,,,,,,,,,,,,,
,,,,,,,,,,,,,,,,,
,,,,,,,,,,,,,,,,,
,,,,,,,,,,,,,,,,,
,,,,,,,,,,,,,,,,,
,,,,,,,,,,,,,,,,,
,,,,,,,,,,,,,,,,,
,,,,,,,,,,,,,,,,,
,,,,,,,,,,,,,,,,,
,,,,,,,,,,,,,,,,,
,,,,,,,,,,,,,,,,,
,,,,,,,,,,,,,,,,,
,,,,,,,,,,,,,,,,,
,,,,,,,,,,,,,,,,,
,,,,,,,,,,,,,,,,,
,,,,,,,,,,,,,,,,,
,,,,,,,,,,,,,,,,,
,,,,,,,,,,,,,,,,,
,,,,,,,,,,,,,,,,,
,,,,,,,,,,,,,,,,,
,,,,,,,,,,,,,,,,,
,,,,,,,,,,,,,,,,,
,,,,,,,,,,,,,,,,,
,,,,,,,,,,,,,,,,,
,,,,,,,,,,,,,,,,,
,,,,,,,,,,,,,,,,,
,,,,,,,,,,,,,,,,,
,,,,,,,,,,,,,,,,,
,,,,,,,,,,,,,,,,,
,,,,,,,,,,,,,,,,,
,,,,,,,,,,,,,,,,,
,,,,,,,,,,,,,,,,,
,,,,,,,,,,,,,,,,,
,,,,,,,,,,,,,,,,,
,,,,,,,,,,,,,,,,,
,,,,,,,,,,,,,,,,,
,,,,,,,,,,,,,,,,,
,,,,,,,,,,,,,,,,,
,,,,,,,,,,,,,,,,,
,,,,,,,,,,,,,,,,,
,,,,,,,,,,,,,,,,,
,,,,,,,,,,,,,,,,,
,,,,,,,,,,,,,,,,,
,,,,,,,,,,,,,,,,,
,,,,,,,,,,,,,,,,,
,,,,,,,,,,,,,,,,,
,,,,,,,,,,,,,,,,,
,,,,,,,,,,,,,,,,,
,,,,,,,,,,,,,,,,,
,,,,,,,,,,,,,,,,,
,,,,,,,,,,,,,,,,,
,,,,,,,,,,,,,,,,,
,,,,,,,,,,,,,,,,,
,,,,,,,,,,,,,,,,,
,,,,,,,,,,,,,,,,,
,,,,,,,,,,,,,,,,,
,,,,,,,,,,,,,,,,,
,,,,,,,,,,,,,,,,,
,,,,,,,,,,,,,,,,,
,,,,,,,,,,,,,,,,,
,,,,,,,,,,,,,,,,,
,,,,,,,,,,,,,,,,,
,,,,,,,,,,,,,,,,,
,,,,,,,,,,,,,,,,,
,,,,,,,,,,,,,,,,,
,,,,,,,,,,,,,,,,,
,,,,,,,,,,,,,,,,,
,,,,,,,,,,,,,,,,,
,,,,,,,,,,,,,,,,,
,,,,,,,,,,,,,,,,,
,,,,,,,,,,,,,,,,,
,,,,,,,,,,,,,,,,,
,,,,,,,,,,,,,,,,,
,,,,,,,,,,,,,,,,,
,,,,,,,,,,,,,,,,,
,,,,,,,,,,,,,,,,,
,,,,,,,,,,,,,,,,,
,,,,,,,,,,,,,,,,,
,,,,,,,,,,,,,,,,,
,,,,,,,,,,,,,,,,,
,,,,,,,,,,,,,,,,,
,,,,,,,,,,,,,,,,,
,,,,,,,,,,,,,,,,,
,,,,,,,,,,,,,,,,,
,,,,,,,,,,,,,,,,,
,,,,,,,,,,,,,,,,,
,,,,,,,,,,,,,,,,,
,,,,,,,,,,,,,,,,,
,,,,,,,,,,,,,,,,,
,,,,,,,,,,,,,,,,,
,,,,,,,,,,,,,,,,,
,,,,,,,,,,,,,,,,,
,,,,,,,,,,,,,,,,,
,,,,,,,,,,,,,,,,,
,,,,,,,,,,,,,,,,,
,,,,,,,,,,,,,,,,,
,,,,,,,,,,,,,,,,,
,,,,,,,,,,,,,,,,,
,,,,,,,,,,,,,,,,,
,,,,,,,,,,,,,,,,,
,,,,,,,,,,,,,,,,,
,,,,,,,,,,,,,,,,,
,,,,,,,,,,,,,,,,,
,,,,,,,,,,,,,,,,,
,,,,,,,,,,,,,,,,,
,,,,,,,,,,,,,,,,,
,,,,,,,,,,,,,,,,,
,,,,,,,,,,,,,,,,,
,,,,,,,,,,,,,,,,,
,,,,,,,,,,,,,,,,,
,,,,,,,,,,,,,,,,,
,,,,,,,,,,,,,,,,,
,,,,,,,,,,,,,,,,,
,,,,,,,,,,,,,,,,,
,,,,,,,,,,,,,,,,,
,,,,,,,,,,,,,,,,,
,,,,,,,,,,,,,,,,,
,,,,,,,,,,,,,,,,,
,,,,,,,,,,,,,,,,,
,,,,,,,,,,,,,,,,,
,,,,,,,,,,,,,,,,,
,,,,,,,,,,,,,,,,,
,,,,,,,,,,,,,,,,,
,,,,,,,,,,,,,,,,,
,,,,,,,,,,,,,,,,,
,,,,,,,,,,,,,,,,,
,,,,,,,,,,,,,,,,,
,,,,,,,,,,,,,,,,,
,,,,,,,,,,,,,,,,,
,,,,,,,,,,,,,,,,,
,,,,,,,,,,,,,,,,,
,,,,,,,,,,,,,,,,,
,,,,,,,,,,,,,,,,,
,,,,,,,,,,,,,,,,,
,,,,,,,,,,,,,,,,,
,,,,,,,,,,,,,,,,,
,,,,,,,,,,,,,,,,,
,,,,,,,,,,,,,,,,,
,,,,,,,,,,,,,,,,,
,,,,,,,,,,,,,,,,,
,,,,,,,,,,,,,,,,,
,,,,,,,,,,,,,,,,,
,,,,,,,,,,,,,,,,,
,,,,,,,,,,,,,,,,,
,,,,,,,,,,,,,,,,,
,,,,,,,,,,,,,,,,,
,,,,,,,,,,,,,,,,,
,,,,,,,,,,,,,,,,,
,,,,,,,,,,,,,,,,,
,,,,,,,,,,,,,,,,,
,,,,,,,,,,,,,,,,,
,,,,,,,,,,,,,,,,,
,,,,,,,,,,,,,,,,,
,,,,,,,,,,,,,,,,,
,,,,,,,,,,,,,,,,,
,,,,,,,,,,,,,,,,,
,,,,,,,,,,,,,,,,,
,,,,,,,,,,,,,,,,,
,,,,,,,,,,,,,,,,,
,,,,,,,,,,,,,,,,,
,,,,,,,,,,,,,,,,,
,,,,,,,,,,,,,,,,,
,,,,,,,,,,,,,,,,,
,,,,,,,,,,,,,,,,,
,,,,,,,,,,,,,,,,,
,,,,,,,,,,,,,,,,,
,,,,,,,,,,,,,,,,,
,,,,,,,,,,,,,,,,,
,,,,,,,,,,,,,,,,,
,,,,,,,,,,,,,,,,,
,,,,,,,,,,,,,,,,,
,,,,,,,,,,,,,,,,,
,,,,,,,,,,,,,,,,,
,,,,,,,,,,,,,,,,,
,,,,,,,,,,,,,,,,,
,,,,,,,,,,,,,,,,,
,,,,,,,,,,,,,,,,,
,,,,,,,,,,,,,,,,,
,,,,,,,,,,,,,,,,,
,,,,,,,,,,,,,,,,,
,,,,,,,,,,,,,,,,,
,,,,,,,,,,,,,,,,,
,,,,,,,,,,,,,,,,,
,,,,,,,,,,,,,,,,,
,,,,,,,,,,,,,,,,,
,,,,,,,,,,,,,,,,,
,,,,,,,,,,,,,,,,,
,,,,,,,,,,,,,,,,,
,,,,,,,,,,,,,,,,,
,,,,,,,,,,,,,,,,,
,,,,,,,,,,,,,,,,,
,,,,,,,,,,,,,,,,,
,,,,,,,,,,,,,,,,,
,,,,,,,,,,,,,,,,,
,,,,,,,,,,,,,,,,,
,,,,,,,,,,,,,,,,,
,,,,,,,,,,,,,,,,,
,,,,,,,,,,,,,,,,,
,,,,,,,,,,,,,,,,,
,,,,,,,,,,,,,,,,,
,,,,,,,,,,,,,,,,,
,,,,,,,,,,,,,,,,,
,,,,,,,,,,,,,,,,,
,,,,,,,,,,,,,,,,,
,,,,,,,,,,,,,,,,,
,,,,,,,,,,,,,,,,,
,,,,,,,,,,,,,,,,,
,,,,,,,,,,,,,,,,,
,,,,,,,,,,,,,,,,,
,,,,,,,,,,,,,,,,,
,,,,,,,,,,,,,,,,,
,,,,,,,,,,,,,,,,,
,,,,,,,,,,,,,,,,,
,,,,,,,,,,,,,,,,,
,,,,,,,,,,,,,,,,,
,,,,,,,,,,,,,,,,,
,,,,,,,,,,,,,,,,,
,,,,,,,,,,,,,,,,,
,,,,,,,,,,,,,,,,,
,,,,,,,,,,,,,,,,,
,,,,,,,,,,,,,,,,,
,,,,,,,,,,,,,,,,,
,,,,,,,,,,,,,,,,,
,,,,,,,,,,,,,,,,,
,,,,,,,,,,,,,,,,,
,,,,,,,,,,,,,,,,,
,,,,,,,,,,,,,,,,,
,,,,,,,,,,,,,,,,,
,,,,,,,,,,,,,,,,,
,,,,,,,,,,,,,,,,,
,,,,,,,,,,,,,,,,,
,,,,,,,,,,,,,,,,,
,,,,,,,,,,,,,,,,,
,,,,,,,,,,,,,,,,,
,,,,,,,,,,,,,,,,,
,,,,,,,,,,,,,,,,,
,,,,,,,,,,,,,,,,,
,,,,,,,,,,,,,,,,,
,,,,,,,,,,,,,,,,,
,,,,,,,,,,,,,,,,,
,,,,,,,,,,,,,,,,,
,,,,,,,,,,,,,,,,,
,,,,,,,,,,,,,,,,,
,,,,,,,,,,,,,,,,,
,,,,,,,,,,,,,,,,,
,,,,,,,,,,,,,,,,,
,,,,,,,,,,,,,,,,,
,,,,,,,,,,,,,,,,,
,,,,,,,,,,,,,,,,,
,,,,,,,,,,,,,,,,,
,,,,,,,,,,,,,,,,,
,,,,,,,,,,,,,,,,,
,,,,,,,,,,,,,,,,,
,,,,,,,,,,,,,,,,,
,,,,,,,,,,,,,,,,,
,,,,,,,,,,,,,,,,,
,,,,,,,,,,,,,,,,,
,,,,,,,,,,,,,,,,,
,,,,,,,,,,,,,,,,,
,,,,,,,,,,,,,,,,,
,,,,,,,,,,,,,,,,,
,,,,,,,,,,,,,,,,,
,,,,,,,,,,,,,,,,,
,,,,,,,,,,,,,,,,,
,,,,,,,,,,,,,,,,,
,,,,,,,,,,,,,,,,,
,,,,,,,,,,,,,,,,,
,,,,,,,,,,,,,,,,,
,,,,,,,,,,,,,,,,,
,,,,,,,,,,,,,,,,,
,,,,,,,,,,,,,,,,,
,,,,,,,,,,,,,,,,,
,,,,,,,,,,,,,,,,,
,,,,,,,,,,,,,,,,,
,,,,,,,,,,,,,,,,,
,,,,,,,,,,,,,,,,,
,,,,,,,,,,,,,,,,,
,,,,,,,,,,,,,,,,,
,,,,,,,,,,,,,,,,,
,,,,,,,,,,,,,,,,,
,,,,,,,,,,,,,,,,,
,,,,,,,,,,,,,,,,,
,,,,,,,,,,,,,,,,,
,,,,,,,,,,,,,,,,,
,,,,,,,,,,,,,,,,,
,,,,,,,,,,,,,,,,,
,,,,,,,,,,,,,,,,,
,,,,,,,,,,,,,,,,,
,,,,,,,,,,,,,,,,,
,,,,,,,,,,,,,,,,,
,,,,,,,,,,,,,,,,,
,,,,,,,,,,,,,,,,,
,,,,,,,,,,,,,,,,,
,,,,,,,,,,,,,,,,,
,,,,,,,,,,,,,,,,,
,,,,,,,,,,,,,,,,,
,,,,,,,,,,,,,,,,,
,,,,,,,,,,,,,,,,,
,,,,,,,,,,,,,,,,,
,,,,,,,,,,,,,,,,,
,,,,,,,,,,,,,,,,,
,,,,,,,,,,,,,,,,,
,,,,,,,,,,,,,,,,,
,,,,,,,,,,,,,,,,,
,,,,,,,,,,,,,,,,,
,,,,,,,,,,,,,,,,,
,,,,,,,,,,,,,,,,,
,,,,,,,,,,,,,,,,,
,,,,,,,,,,,,,,,,,
,,,,,,,,,,,,,,,,,
,,,,,,,,,,,,,,,,,
,,,,,,,,,,,,,,,,,
,,,,,,,,,,,,,,,,,
,,,,,,,,,,,,,,,,,
,,,,,,,,,,,,,,,,,
,,,,,,,,,,,,,,,,,
,,,,,,,,,,,,,,,,,
,,,,,,,,,,,,,,,,,
,,,,,,,,,,,,,,,,,
,,,,,,,,,,,,,,,,,
,,,,,,,,,,,,,,,,,
,,,,,,,,,,,,,,,,,
,,,,,,,,,,,,,,,,,
,,,,,,,,,,,,,,,,,
,,,,,,,,,,,,,,,,,
,,,,,,,,,,,,,,,,,
,,,,,,,,,,,,,,,,,
,,,,,,,,,,,,,,,,,
,,,,,,,,,,,,,,,,,
,,,,,,,,,,,,,,,,,
,,,,,,,,,,,,,,,,,
,,,,,,,,,,,,,,,,,
,,,,,,,,,,,,,,,,,
,,,,,,,,,,,,,,,,,
,,,,,,,,,,,,,,,,,
,,,,,,,,,,,,,,,,,
,,,,,,,,,,,,,,,,,
,,,,,,,,,,,,,,,,,
,,,,,,,,,,,,,,,,,
,,,,,,,,,,,,,,,,,
,,,,,,,,,,,,,,,,,
,,,,,,,,,,,,,,,,,
,,,,,,,,,,,,,,,,,
,,,,,,,,,,,,,,,,,
,,,,,,,,,,,,,,,,,
,,,,,,,,,,,,,,,,,
,,,,,,,,,,,,,,,,,
,,,,,,,,,,,,,,,,,
,,,,,,,,,,,,,,,,,
,,,,,,,,,,,,,,,,,
,,,,,,,,,,,,,,,,,
,,,,,,,,,,,,,,,,,
,,,,,,,,,,,,,,,,,
,,,,,,,,,,,,,,,,,
,,,,,,,,,,,,,,,,,
,,,,,,,,,,,,,,,,,
,,,,,,,,,,,,,,,,,
,,,,,,,,,,,,,,,,,
,,,,,,,,,,,,,,,,,
,,,,,,,,,,,,,,,,,
,,,,,,,,,,,,,,,,,
,,,,,,,,,,,,,,,,,
,,,,,,,,,,,,,,,,,
,,,,,,,,,,,,,,,,,
,,,,,,,,,,,,,,,,,
,,,,,,,,,,,,,,,,,
,,,,,,,,,,,,,,,,,
,,,,,,,,,,,,,,,,,
,,,,,,,,,,,,,,,,,
,,,,,,,,,,,,,,,,,
,,,,,,,,,,,,,,,,,
,,,,,,,,,,,,,,,,,
,,,,,,,,,,,,,,,,,
,,,,,,,,,,,,,,,,,
,,,,,,,,,,,,,,,,,
,,,,,,,,,,,,,,,,,
,,,,,,,,,,,,,,,,,
,,,,,,,,,,,,,,,,,
,,,,,,,,,,,,,,,,,
,,,,,,,,,,,,,,,,,
,,,,,,,,,,,,,,,,,
,,,,,,,,,,,,,,,,,
,,,,,,,,,,,,,,,,,
,,,,,,,,,,,,,,,,,
,,,,,,,,,,,,,,,,,
,,,,,,,,,,,,,,,,,
,,,,,,,,,,,,,,,,,
,,,,,,,,,,,,,,,,,
,,,,,,,,,,,,,,,,,
,,,,,,,,,,,,,,,,,
,,,,,,,,,,,,,,,,,
,,,,,,,,,,,,,,,,,
,,,,,,,,,,,,,,,,,
,,,,,,,,,,,,,,,,,
,,,,,,,,,,,,,,,,,
,,,,,,,,,,,,,,,,,
,,,,,,,,,,,,,,,,,
,,,,,,,,,,,,,,,,,
,,,,,,,,,,,,,,,,,
,,,,,,,,,,,,,,,,,
,,,,,,,,,,,,,,,,,
,,,,,,,,,,,,,,,,,
,,,,,,,,,,,,,,,,,
,,,,,,,,,,,,,,,,,
,,,,,,,,,,,,,,,,,
,,,,,,,,,,,,,,,,,
,,,,,,,,,,,,,,,,,
,,,,,,,,,,,,,,,,,
,,,,,,,,,,,,,,,,,
,,,,,,,,,,,,,,,,,
,,,,,,,,,,,,,,,,,
,,,,,,,,,,,,,,,,,
,,,,,,,,,,,,,,,,,
,,,,,,,,,,,,,,,,,
,,,,,,,,,,,,,,,,,
,,,,,,,,,,,,,,,,,
,,,,,,,,,,,,,,,,,
,,,,,,,,,,,,,,,,,
,,,,,,,,,,,,,,,,,
,,,,,,,,,,,,,,,,,
,,,,,,,,,,,,,,,,,
,,,,,,,,,,,,,,,,,
,,,,,,,,,,,,,,,,,
,,,,,,,,,,,,,,,,,
,,,,,,,,,,,,,,,,,
,,,,,,,,,,,,,,,,,
,,,,,,,,,,,,,,,,,
,,,,,,,,,,,,,,,,,
,,,,,,,,,,,,,,,,,
,,,,,,,,,,,,,,,,,
,,,,,,,,,,,,,,,,,
,,,,,,,,,,,,,,,,,
,,,,,,,,,,,,,,,,,
,,,,,,,,,,,,,,,,,
,,,,,,,,,,,,,,,,,
,,,,,,,,,,,,,,,,,
,,,,,,,,,,,,,,,,,
,,,,,,,,,,,,,,,,,
,,,,,,,,,,,,,,,,,
,,,,,,,,,,,,,,,,,
,,,,,,,,,,,,,,,,,
,,,,,,,,,,,,,,,,,
,,,,,,,,,,,,,,,,,
,,,,,,,,,,,,,,,,,
,,,,,,,,,,,,,,,,,
,,,,,,,,,,,,,,,,,
,,,,,,,,,,,,,,,,,
,,,,,,,,,,,,,,,,,
,,,,,,,,,,,,,,,,,
,,,,,,,,,,,,,,,,,
,,,,,,,,,,,,,,,,,
,,,,,,,,,,,,,,,,,
,,,,,,,,,,,,,,,,,
,,,,,,,,,,,,,,,,,
,,,,,,,,,,,,,,,,,
,,,,,,,,,,,,,,,,,
,,,,,,,,,,,,,,,,,
,,,,,,,,,,,,,,,,,
,,,,,,,,,,,,,,,,,
,,,,,,,,,,,,,,,,,
,,,,,,,,,,,,,,,,,
,,,,,,,,,,,,,,,,,
,,,,,,,,,,,,,,,,,
,,,,,,,,,,,,,,,,,
,,,,,,,,,,,,,,,,,
,,,,,,,,,,,,,,,,,
,,,,,,,,,,,,,,,,,
,,,,,,,,,,,,,,,,,
,,,,,,,,,,,,,,,,,
,,,,,,,,,,,,,,,,,
,,,,,,,,,,,,,,,,,
,,,,,,,,,,,,,,,,,
,,,,,,,,,,,,,,,,,
,,,,,,,,,,,,,,,,,
,,,,,,,,,,,,,,,,,
,,,,,,,,,,,,,,,,,
,,,,,,,,,,,,,,,,,
,,,,,,,,,,,,,,,,,
,,,,,,,,,,,,,,,,,
,,,,,,,,,,,,,,,,,
,,,,,,,,,,,,,,,,,
,,,,,,,,,,,,,,,,,
,,,,,,,,,,,,,,,,,
,,,,,,,,,,,,,,,,,
,,,,,,,,,,,,,,,,,
,,,,,,,,,,,,,,,,,
,,,,,,,,,,,,,,,,,
,,,,,,,,,,,,,,,,,
,,,,,,,,,,,,,,,,,
,,,,,,,,,,,,,,,,,
,,,,,,,,,,,,,,,,,
,,,,,,,,,,,,,,,,,
,,,,,,,,,,,,,,,,,
,,,,,,,,,,,,,,,,,
,,,,,,,,,,,,,,,,,
,,,,,,,,,,,,,,,,,
,,,,,,,,,,,,,,,,,
,,,,,,,,,,,,,,,,,
,,,,,,,,,,,,,,,,,
,,,,,,,,,,,,,,,,,
,,,,,,,,,,,,,,,,,
,,,,,,,,,,,,,,,,,
,,,,,,,,,,,,,,,,,
,,,,,,,,,,,,,,,,,
,,,,,,,,,,,,,,,,,
,,,,,,,,,,,,,,,,,
,,,,,,,,,,,,,,,,,
,,,,,,,,,,,,,,,,,
,,,,,,,,,,,,,,,,,
,,,,,,,,,,,,,,,,,
,,,,,,,,,,,,,,,,,
,,,,,,,,,,,,,,,,,
,,,,,,,,,,,,,,,,,
,,,,,,,,,,,,,,,,,
,,,,,,,,,,,,,,,,,
,,,,,,,,,,,,,,,,,
,,,,,,,,,,,,,,,,,
,,,,,,,,,,,,,,,,,
,,,,,,,,,,,,,,,,,
,,,,,,,,,,,,,,,,,
,,,,,,,,,,,,,,,,,
,,,,,,,,,,,,,,,,,
,,,,,,,,,,,,,,,,,
,,,,,,,,,,,,,,,,,
,,,,,,,,,,,,,,,,,
,,,,,,,,,,,,,,,,,
,,,,,,,,,,,,,,,,,
,,,,,,,,,,,,,,,,,
,,,,,,,,,,,,,,,,,
,,,,,,,,,,,,,,,,,
,,,,,,,,,,,,,,,,,
,,,,,,,,,,,,,,,,,
,,,,,,,,,,,,,,,,,
,,,,,,,,,,,,,,,,,
,,,,,,,,,,,,,,,,,
,,,,,,,,,,,,,,,,,
,,,,,,,,,,,,,,,,,
,,,,,,,,,,,,,,,,,
,,,,,,,,,,,,,,,,,
,,,,,,,,,,,,,,,,,
,,,,,,,,,,,,,,,,,
,,,,,,,,,,,,,,,,,
,,,,,,,,,,,,,,,,,
,,,,,,,,,,,,,,,,,
,,,,,,,,,,,,,,,,,
,,,,,,,,,,,,,,,,,
,,,,,,,,,,,,,,,,,
,,,,,,,,,,,,,,,,,
,,,,,,,,,,,,,,,,,
,,,,,,,,,,,,,,,,,
,,,,,,,,,,,,,,,,,
,,,,,,,,,,,,,,,,,
,,,,,,,,,,,,,,,,,
,,,,,,,,,,,,,,,,,
,,,,,,,,,,,,,,,,,
,,,,,,,,,,,,,,,,,
,,,,,,,,,,,,,,,,,
,,,,,,,,,,,,,,,,,
,,,,,,,,,,,,,,,,,
,,,,,,,,,,,,,,,,,
,,,,,,,,,,,,,,,,,
,,,,,,,,,,,,,,,,,
,,,,,,,,,,,,,,,,,
,,,,,,,,,,,,,,,,,
,,,,,,,,,,,,,,,,,
,,,,,,,,,,,,,,,,,
,,,,,,,,,,,,,,,,,
,,,,,,,,,,,,,,,,,
,,,,,,,,,,,,,,,,,
,,,,,,,,,,,,,,,,,
,,,,,,,,,,,,,,,,,
,,,,,,,,,,,,,,,,,
,,,,,,,,,,,,,,,,,
,,,,,,,,,,,,,,,,,
#ERROR!,#ERROR!,#ERROR!,#ERROR!,#ERROR!,,#ERROR!,#ERROR!,#ERROR!,#ERROR!,#ERROR!,#ERROR!,#ERROR!,#ERROR!,#ERROR!,#ERROR!,#ERROR!,#ERROR!
,,,,,,,,,,,,,,,,,
,,,,,,,,,,,,,,,,,
,,,,,,,,,,,,,,,,,
,,,,,,,,,,,,,,,,,
,,,,,,,,,,,,,,,,,
,,,,,,,,,,,,,,,,,
,,,,,,,,,,,,,,,,,
,,,,,,,,,,,,,,,,,
,,,,,,,,,,,,,,,,,
,,,,,,,,,,,,,,,,,
,,,,,,,,,,,,,,,,,
,,,,,,,,,,,,,,,,,
,,,,,,,,,,,,,,,,,
,,,,,,,,,,,,,,,,,
,,,,,,,,,,,,,,,,,
,,,,,,,,,,,,,,,,,
,,,,,,,,,,,,,,,,,
,,,,,,,,,,,,,,,,,
,,,,,,,,,,,,,,,,,
,,,,,,,,,,,,,,,,,
,,,,,,,,,,,,,,,,,
,,,,,,,,,,,,,,,,,
,,,,,,,,,,,,,,,,,
,,,,,,,,,,,,,,,,,
,,,,,,,,,,,,,,,,,
,,,,,,,,,,,,,,,,,
,,,,,,,,,,,,,,,,,
,,,,,,,,,,,,,,,,,
,,,,,,,,,,,,,,,,,
,,,,,,,,,,,,,,,,,
,,,,,,,,,,,,,,,,,
,,,,,,,,,,,,,,,,,
,,,,,,,,,,,,,,,,,
,,,,,,,,,,,,,,,,,
,,,,,,,,,,,,,,,,,
,,,,,,,,,,,,,,,,,
,,,,,,,,,,,,,,,,,
,,,,,,,,,,,,,,,,,
,,,,,,,,,,,,,,,,,
,,,,,,,,,,,,,,,,,
,,,,,,,,,,,,,,,,,
,,,,,,,,,,,,,,,,,
,,,,,,,,,,,,,,,,,
,,,,,,,,,,,,,,,,,
,,,,,,,,,,,,,,,,,
,,,,,,,,,,,,,,,,,
,,,,,,,,,,,,,,,,,
,,,,,,,,,,,,,,,,,
,,,,,,,,,,,,,,,,,
,,,,,,,,,,,,,,,,,
,,,,,,,,,,,,,,,,,
,,,,,,,,,,,,,,,,,
,,,,,,,,,,,,,,,,,
,,,,,,,,,,,,,,,,,
,,,,,,,,,,,,,,,,,
,,,,,,,,,,,,,,,,,
,,,,,,,,,,,,,,,,,
,,,,,,,,,,,,,,,,,
,,,,,,,,,,,,,,,,,
,,,,,,,,,,,,,,,,,
,,,,,,,,,,,,,,,,,
,,,,,,,,,,,,,,,,,
,,,,,,,,,,,,,,,,,
,,,,,,,,,,,,,,,,,
,,,,,,,,,,,,,,,,,
,,,,,,,,,,,,,,,,,
,,,,,,,,,,,,,,,,,
,,,,,,,,,,,,,,,,,
,,,,,,,,,,,,,,,,,
,,,,,,,,,,,,,,,,,
,,,,,,,,,,,,,,,,,
,,,,,,,,,,,,,,,,,
,,,,,,,,,,,,,,,,,
,,,,,,,,,,,,,,,,,
,,,,,,,,,,,,,,,,,
,,,,,,,,,,,,,,,,,
,,,,,,,,,,,,,,,,,
,,,,,,,,,,,,,,,,,
,,,,,,,,,,,,,,,,,
,,,,,,,,,,,,,,,,,
,,,,,,,,,,,,,,,,,
,,,,,,,,,,,,,,,,,
,,,,,,,,,,,,,,,,,
,,,,,,,,,,,,,,,,,
,,,,,,,,,,,,,,,,,
,,,,,,,,,,,,,,,,,
,,,,,,,,,,,,,,,,,
,,,,,,,,,,,,,,,,,
,,,,,,,,,,,,,,,,,
,,,,,,,,,,,,,,,,,
,,,,,,,,,,,,,,,,,
,,,,,,,,,,,,,,,,,
,,,,,,,,,,,,,,,,,
,,,,,,,,,,,,,,,,,
,,,,,,,,,,,,,,,,,
,,,,,,,,,,,,,,,,,
,,,,,,,,,,,,,,,,,
,,,,,,,,,,,,,,,,,
,,,,,,,,,,,,,,,,,
,,,,,,,,,,,,,,,,,
,,,,,,,,,,,,,,,,,
,,,,,,,,,,,,,,,,,
,,,,,,,,,,,,,,,,,
,,,,,,,,,,,,,,,,,
,,,,,,,,,,,,,,,,,
,,,,,,,,,,,,,,,,,
,,,,,,,,,,,,,,,,,
,,,,,,,,,,,,,,,,,
,,,,,,,,,,,,,,,,,
,,,,,,,,,,,,,,,,,
,,,,,,,,,,,,,,,,,
,,,,,,,,,,,,,,,,,
,,,,,,,,,,,,,,,,,
,,,,,,,,,,,,,,,,,
,,,,,,,,,,,,,,,,,
,,,,,,,,,,,,,,,,,
,,,,,,,,,,,,,,,,,
,,,,,,,,,,,,,,,,,
,,,,,,,,,,,,,,,,,
,,,,,,,,,,,,,,,,,
,,,,,,,,,,,,,,,,,
,,,,,,,,,,,,,,,,,
,,,,,,,,,,,,,,,,,
,,,,,,,,,,,,,,,,,
,,,,,,,,,,,,,,,,,
,,,,,,,,,,,,,,,,,
,,,,,,,,,,,,,,,,,
,,,,,,,,,,,,,,,,,
,,,,,,,,,,,,,,,,,
,,,,,,,,,,,,,,,,,
,,,,,,,,,,,,,,,,,
,,,,,,,,,,,,,,,,,
#ERROR!,#ERROR!,#ERROR!,#ERROR!,#ERROR!,,#ERROR!,#ERROR!,#ERROR!,#ERROR!,#ERROR!,#ERROR!,#ERROR!,#ERROR!,#ERROR!,#ERROR!,#ERROR!,#ERROR!
,,,,,,,,,,,,,,,,,
,,,,,,,,,,,,,,,,,
,,,,,,,,,,,,,,,,,
,,,,,,,,,,,,,,,,,
,,,,,,,,,,,,,,,,,
,,,,,,,,,,,,,,,,,
,,,,,,,,,,,,,,,,,
,,,,,,,,,,,,,,,,,
,,,,,,,,,,,,,,,,,
,,,,,,,,,,,,,,,,,
,,,,,,,,,,,,,,,,,
,,,,,,,,,,,,,,,,,
,,,,,,,,,,,,,,,,,
,,,,,,,,,,,,,,,,,
,,,,,,,,,,,,,,,,,
,,,,,,,,,,,,,,,,,
,,,,,,,,,,,,,,,,,
,,,,,,,,,,,,,,,,,
,,,,,,,,,,,,,,,,,
,,,,,,,,,,,,,,,,,
,,,,,,,,,,,,,,,,,
,,,,,,,,,,,,,,,,,
,,,,,,,,,,,,,,,,,
,,,,,,,,,,,,,,,,,
,,,,,,,,,,,,,,,,,
,,,,,,,,,,,,,,,,,
,,,,,,,,,,,,,,,,,
,,,,,,,,,,,,,,,,,
,,,,,,,,,,,,,,,,,
,,,,,,,,,,,,,,,,,
,,,,,,,,,,,,,,,,,
,,,,,,,,,,,,,,,,,
,,,,,,,,,,,,,,,,,
,,,,,,,,,,,,,,,,,
,,,,,,,,,,,,,,,,,
,,,,,,,,,,,,,,,,,
,,,,,,,,,,,,,,,,,
,,,,,,,,,,,,,,,,,
,,,,,,,,,,,,,,,,,
,,,,,,,,,,,,,,,,,
,,,,,,,,,,,,,,,,,
,,,,,,,,,,,,,,,,,
,,,,,,,,,,,,,,,,,
,,,,,,,,,,,,,,,,,
,,,,,,,,,,,,,,,,,
,,,,,,,,,,,,,,,,,
,,,,,,,,,,,,,,,,,
,,,,,,,,,,,,,,,,,
,,,,,,,,,,,,,,,,,
,,,,,,,,,,,,,,,,,
,,,,,,,,,,,,,,,,,
,,,,,,,,,,,,,,,,,
,,,,,,,,,,,,,,,,,
,,,,,,,,,,,,,,,,,
,,,,,,,,,,,,,,,,,
,,,,,,,,,,,,,,,,,
,,,,,,,,,,,,,,,,,
,,,,,,,,,,,,,,,,,
,,,,,,,,,,,,,,,,,
,,,,,,,,,,,,,,,,,
,,,,,,,,,,,,,,,,,
,,,,,,,,,,,,,,,,,
,,,,,,,,,,,,,,,,,
,,,,,,,,,,,,,,,,,
,,,,,,,,,,,,,,,,,
,,,,,,,,,,,,,,,,,
,,,,,,,,,,,,,,,,,
,,,,,,,,,,,,,,,,,
,,,,,,,,,,,,,,,,,
,,,,,,,,,,,,,,,,,
,,,,,,,,,,,,,,,,,
,,,,,,,,,,,,,,,,,
,,,,,,,,,,,,,,,,,
,,,,,,,,,,,,,,,,,
,,,,,,,,,,,,,,,,,
,,,,,,,,,,,,,,,,,
,,,,,,,,,,,,,,,,,
,,,,,,,,,,,,,,,,,
,,,,,,,,,,,,,,,,,
,,,,,,,,,,,,,,,,,
,,,,,,,,,,,,,,,,,
,,,,,,,,,,,,,,,,,
,,,,,,,,,,,,,,,,,
,,,,,,,,,,,,,,,,,
,,,,,,,,,,,,,,,,,
,,,,,,,,,,,,,,,,,
,,,,,,,,,,,,,,,,,
,,,,,,,,,,,,,,,,,
,,,,,,,,,,,,,,,,,
,,,,,,,,,,,,,,,,,
,,,,,,,,,,,,,,,,,
,,,,,,,,,,,,,,,,,
,,,,,,,,,,,,,,,,,
,,,,,,,,,,,,,,,,,
,,,,,,,,,,,,,,,,,
,,,,,,,,,,,,,,,,,
,,,,,,,,,,,,,,,,,
,,,,,,,,,,,,,,,,,
,,,,,,,,,,,,,,,,,
,,,,,,,,,,,,,,,,,
,,,,,,,,,,,,,,,,,
,,,,,,,,,,,,,,,,,
,,,,,,,,,,,,,,,,,
,,,,,,,,,,,,,,,,,
,,,,,,,,,,,,,,,,,
,,,,,,,,,,,,,,,,,
,,,,,,,,,,,,,,,,,
,,,,,,,,,,,,,,,,,
,,,,,,,,,,,,,,,,,
,,,,,,,,,,,,,,,,,
,,,,,,,,,,,,,,,,,
,,,,,,,,,,,,,,,,,
,,,,,,,,,,,,,,,,,
,,,,,,,,,,,,,,,,,
,,,,,,,,,,,,,,,,,
,,,,,,,,,,,,,,,,,
,,,,,,,,,,,,,,,,,
,,,,,,,,,,,,,,,,,
,,,,,,,,,,,,,,,,,
,,,,,,,,,,,,,,,,,
,,,,,,,,,,,,,,,,,
,,,,,,,,,,,,,,,,,
,,,,,,,,,,,,,,,,,
,,,,,,,,,,,,,,,,,
,,,,,,,,,,,,,,,,,
,,,,,,,,,,,,,,,,,
,,,,,,,,,,,,,,,,,
,,,,,,,,,,,,,,,,,
,,,,,,,,,,,,,,,,,
,,,,,,,,,,,,,,,,,
,,,,,,,,,,,,,,,,,
,,,,,,,,,,,,,,,,,
,,,,,,,,,,,,,,,,,
,,,,,,,,,,,,,,,,,
,,,,,,,,,,,,,,,,,
,,,,,,,,,,,,,,,,,
,,,,,,,,,,,,,,,,,
,,,,,,,,,,,,,,,,,
,,,,,,,,,,,,,,,,,
,,,,,,,,,,,,,,,,,
,,,,,,,,,,,,,,,,,
,,,,,,,,,,,,,,,,,
,,,,,,,,,,,,,,,,,
,,,,,,,,,,,,,,,,,
,,,,,,,,,,,,,,,,,
,,,,,,,,,,,,,,,,,
,,,,,,,,,,,,,,,,,
,,,,,,,,,,,,,,,,,
,,,,,,,,,,,,,,,,,
,,,,,,,,,,,,,,,,,
,,,,,,,,,,,,,,,,,
,,,,,,,,,,,,,,,,,
,,,,,,,,,,,,,,,,,
,,,,,,,,,,,,,,,,,
,,,,,,,,,,,,,,,,,
,,,,,,,,,,,,,,,,,
,,,,,,,,,,,,,,,,,
,,,,,,,,,,,,,,,,,
,,,,,,,,,,,,,,,,,
,,,,,,,,,,,,,,,,,
,,,,,,,,,,,,,,,,,
,,,,,,,,,,,,,,,,,
,,,,,,,,,,,,,,,,,
,,,,,,,,,,,,,,,,,
,,,,,,,,,,,,,,,,,
,,,,,,,,,,,,,,,,,
,,,,,,,,,,,,,,,,,
,,,,,,,,,,,,,,,,,
,,,,,,,,,,,,,,,,,
,,,,,,,,,,,,,,,,,
,,,,,,,,,,,,,,,,,
,,,,,,,,,,,,,,,,,
,,,,,,,,,,,,,,,,,
,,,,,,,,,,,,,,,,,
,,,,,,,,,,,,,,,,,
,,,,,,,,,,,,,,,,,
,,,,,,,,,,,,,,,,,
,,,,,,,,,,,,,,,,,
,,,,,,,,,,,,,,,,,
,,,,,,,,,,,,,,,,,
,,,,,,,,,,,,,,,,,
,,,,,,,,,,,,,,,,,
,,,,,,,,,,,,,,,,,
,,,,,,,,,,,,,,,,,
,,,,,,,,,,,,,,,,,
,,,,,,,,,,,,,,,,,
,,,,,,,,,,,,,,,,,
,,,,,,,,,,,,,,,,,
,,,,,,,,,,,,,,,,,
,,,,,,,,,,,,,,,,,
,,,,,,,,,,,,,,,,,
,,,,,,,,,,,,,,,,,
,,,,,,,,,,,,,,,,,
,,,,,,,,,,,,,,,,,
,,,,,,,,,,,,,,,,,
,,,,,,,,,,,,,,,,,
,,,,,,,,,,,,,,,,,
,,,,,,,,,,,,,,,,,
,,,,,,,,,,,,,,,,,
,,,,,,,,,,,,,,,,,
,,,,,,,,,,,,,,,,,
,,,,,,,,,,,,,,,,,
,,,,,,,,,,,,,,,,,
,,,,,,,,,,,,,,,,,
,,,,,,,,,,,,,,,,,
,,,,,,,,,,,,,,,,,
,,,,,,,,,,,,,,,,,
,,,,,,,,,,,,,,,,,
,,,,,,,,,,,,,,,,,
,,,,,,,,,,,,,,,,,
,,,,,,,,,,,,,,,,,
,,,,,,,,,,,,,,,,,
,,,,,,,,,,,,,,,,,
,,,,,,,,,,,,,,,,,
,,,,,,,,,,,,,,,,,
,,,,,,,,,,,,,,,,,
,,,,,,,,,,,,,,,,,
,,,,,,,,,,,,,,,,,
,,,,,,,,,,,,,,,,,
,,,,,,,,,,,,,,,,,
,,,,,,,,,,,,,,,,,
,,,,,,,,,,,,,,,,,
,,,,,,,,,,,,,,,,,
,,,,,,,,,,,,,,,,,
,,,,,,,,,,,,,,,,,
,,,,,,,,,,,,,,,,,
,,,,,,,,,,,,,,,,,
,,,,,,,,,,,,,,,,,
,,,,,,,,,,,,,,,,,
,,,,,,,,,,,,,,,,,
,,,,,,,,,,,,,,,,,
,,,,,,,,,,,,,,,,,
,,,,,,,,,,,,,,,,,
,,,,,,,,,,,,,,,,,
,,,,,,,,,,,,,,,,,
,,,,,,,,,,,,,,,,,
,,,,,,,,,,,,,,,,,
,,,,,,,,,,,,,,,,,
,,,,,,,,,,,,,,,,,
,,,,,,,,,,,,,,,,,
,,,,,,,,,,,,,,,,,
,,,,,,,,,,,,,,,,,
,,,,,,,,,,,,,,,,,
,,,,,,,,,,,,,,,,,
,,,,,,,,,,,,,,,,,
,,,,,,,,,,,,,,,,,
,,,,,,,,,,,,,,,,,
,,,,,,,,,,,,,,,,,
,,,,,,,,,,,,,,,,,
,,,,,,,,,,,,,,,,,
,,,,,,,,,,,,,,,,,
,,,,,,,,,,,,,,,,,
,,,,,,,,,,,,,,,,,
,,,,,,,,,,,,,,,,,
,,,,,,,,,,,,,,,,,
,,,,,,,,,,,,,,,,,
,,,,,,,,,,,,,,,,,
,,,,,,,,,,,,,,,,,
,,,,,,,,,,,,,,,,,
,,,,,,,,,,,,,,,,,
,,,,,,,,,,,,,,,,,
,,,,,,,,,,,,,,,,,
,,,,,,,,,,,,,,,,,
,,,,,,,,,,,,,,,,,
,,,,,,,,,,,,,,,,,
,,,,,,,,,,,,,,,,,
,,,,,,,,,,,,,,,,,
,,,,,,,,,,,,,,,,,
,,,,,,,,,,,,,,,,,
,,,,,,,,,,,,,,,,,
,,,,,,,,,,,,,,,,,
,,,,,,,,,,,,,,,,,
,,,,,,,,,,,,,,,,,
,,,,,,,,,,,,,,,,,
,,,,,,,,,,,,,,,,,
,,,,,,,,,,,,,,,,,
,,,,,,,,,,,,,,,,,
,,,,,,,,,,,,,,,,,
,,,,,,,,,,,,,,,,,
,,,,,,,,,,,,,,,,,
,,,,,,,,,,,,,,,,,
,,,,,,,,,,,,,,,,,
,,,,,,,,,,,,,,,,,
,,,,,,,,,,,,,,,,,
,,,,,,,,,,,,,,,,,
,,,,,,,,,,,,,,,,,
,,,,,,,,,,,,,,,,,
,,,,,,,,,,,,,,,,,
,,,,,,,,,,,,,,,,,
,,,,,,,,,,,,,,,,,
,,,,,,,,,,,,,,,,,
,,,,,,,,,,,,,,,,,
,,,,,,,,,,,,,,,,,
,,,,,,,,,,,,,,,,,
,,,,,,,,,,,,,,,,,
,,,,,,,,,,,,,,,,,
,,,,,,,,,,,,,,,,,
,,,,,,,,,,,,,,,,,
,,,,,,,,,,,,,,,,,
,,,,,,,,,,,,,,,,,
,,,,,,,,,,,,,,,,,
,,,,,,,,,,,,,,,,,
,,,,,,,,,,,,,,,,,
,,,,,,,,,,,,,,,,,
,,,,,,,,,,,,,,,,,
,,,,,,,,,,,,,,,,,
,,,,,,,,,,,,,,,,,
,,,,,,,,,,,,,,,,,
,,,,,,,,,,,,,,,,,
,,,,,,,,,,,,,,,,,
,,,,,,,,,,,,,,,,,
,,,,,,,,,,,,,,,,,
,,,,,,,,,,,,,,,,,
,,,,,,,,,,,,,,,,,
,,,,,,,,,,,,,,,,,
,,,,,,,,,,,,,,,,,
,,,,,,,,,,,,,,,,,
,,,,,,,,,,,,,,,,,
,,,,,,,,,,,,,,,,,
,,,,,,,,,,,,,,,,,
,,,,,,,,,,,,,,,,,
,,,,,,,,,,,,,,,,,
,,,,,,,,,,,,,,,,,
,,,,,,,,,,,,,,,,,
,,,,,,,,,,,,,,,,,
,,,,,,,,,,,,,,,,,
,,,,,,,,,,,,,,,,,
,,,,,,,,,,,,,,,,,
,,,,,,,,,,,,,,,,,
,,,,,,,,,,,,,,,,,
,,,,,,,,,,,,,,,,,
,,,,,,,,,,,,,,,,,
,,,,,,,,,,,,,,,,,
,,,,,,,,,,,,,,,,,
,,,,,,,,,,,,,,,,,
,,,,,,,,,,,,,,,,,
,,,,,,,,,,,,,,,,,
,,,,,,,,,,,,,,,,,
,,,,,,,,,,,,,,,,,
,,,,,,,,,,,,,,,,,
,,,,,,,,,,,,,,,,,
,,,,,,,,,,,,,,,,,
,,,,,,,,,,,,,,,,,
,,,,,,,,,,,,,,,,,
,,,,,,,,,,,,,,,,,
,,,,,,,,,,,,,,,,,
,,,,,,,,,,,,,,,,,
,,,,,,,,,,,,,,,,,
,,,,,,,,,,,,,,,,,
,,,,,,,,,,,,,,,,,
,,,,,,,,,,,,,,,,,
,,,,,,,,,,,,,,,,,
,,,,,,,,,,,,,,,,,
,,,,,,,,,,,,,,,,,
,,,,,,,,,,,,,,,,,
,,,,,,,,,,,,,,,,,
,,,,,,,,,,,,,,,,,
,,,,,,,,,,,,,,,,,
,,,,,,,,,,,,,,,,,
,,,,,,,,,,,,,,,,,
,,,,,,,,,,,,,,,,,
,,,,,,,,,,,,,,,,,
,,,,,,,,,,,,,,,,,
,,,,,,,,,,,,,,,,,
,,,,,,,,,,,,,,,,,
,,,,,,,,,,,,,,,,,
,,,,,,,,,,,,,,,,,
,,,,,,,,,,,,,,,,,
,,,,,,,,,,,,,,,,,
,,,,,,,,,,,,,,,,,
,,,,,,,,,,,,,,,,,
,,,,,,,,,,,,,,,,,
,,,,,,,,,,,,,,,,,
,,,,,,,,,,,,,,,,,
,,,,,,,,,,,,,,,,,
,,,,,,,,,,,,,,,,,
,,,,,,,,,,,,,,,,,
,,,,,,,,,,,,,,,,,
,,,,,,,,,,,,,,,,,
,,,,,,,,,,,,,,,,,
,,,,,,,,,,,,,,,,,
,,,,,,,,,,,,,,,,,
,,,,,,,,,,,,,,,,,
,,,,,,,,,,,,,,,,,
,,,,,,,,,,,,,,,,,
,,,,,,,,,,,,,,,,,
,,,,,,,,,,,,,,,,,
,,,,,,,,,,,,,,,,,
,,,,,,,,,,,,,,,,,
,,,,,,,,,,,,,,,,,
,,,,,,,,,,,,,,,,,
,,,,,,,,,,,,,,,,,
,,,,,,,,,,,,,,,,,
,,,,,,,,,,,,,,,,,
,,,,,,,,,,,,,,,,,
,,,,,,,,,,,,,,,,,
,,,,,,,,,,,,,,,,,
,,,,,,,,,,,,,,,,,
,,,,,,,,,,,,,,,,,
,,,,,,,,,,,,,,,,,
,,,,,,,,,,,,,,,,,
,,,,,,,,,,,,,,,,,
,,,,,,,,,,,,,,,,,
,,,,,,,,,,,,,,,,,
,,,,,,,,,,,,,,,,,
,,,,,,,,,,,,,,,,,
,,,,,,,,,,,,,,,,,
,,,,,,,,,,,,,,,,,
,,,,,,,,,,,,,,,,,
,,,,,,,,,,,,,,,,,
,,,,,,,,,,,,,,,,,
,,,,,,,,,,,,,,,,,
,,,,,,,,,,,,,,,,,
,,,,,,,,,,,,,,,,,
,,,,,,,,,,,,,,,,,
,,,,,,,,,,,,,,,,,
,,,,,,,,,,,,,,,,,
,,,,,,,,,,,,,,,,,
,,,,,,,,,,,,,,,,,
,,,,,,,,,,,,,,,,,
,,,,,,,,,,,,,,,,,
,,,,,,,,,,,,,,,,,
,,,,,,,,,,,,,,,,,
,,,,,,,,,,,,,,,,,
,,,,,,,,,,,,,,,,,
,,,,,,,,,,,,,,,,,
,,,,,,,,,,,,,,,,,
,,,,,,,,,,,,,,,,,
,,,,,,,,,,,,,,,,,
,,,,,,,,,,,,,,,,,
,,,,,,,,,,,,,,,,,
,,,,,,,,,,,,,,,,,
,,,,,,,,,,,,,,,,,
,,,,,,,,,,,,,,,,,
,,,,,,,,,,,,,,,,,
,,,,,,,,,,,,,,,,,
,,,,,,,,,,,,,,,,,
,,,,,,,,,,,,,,,,,
,,,,,,,,,,,,,,,,,
,,,,,,,,,,,,,,,,,
,,,,,,,,,,,,,,,,,
,,,,,,,,,,,,,,,,,
,,,,,,,,,,,,,,,,,
,,,,,,,,,,,,,,,,,
,,,,,,,,,,,,,,,,,
,,,,,,,,,,,,,,,,,
,,,,,,,,,,,,,,,,,
,,,,,,,,,,,,,,,,,
,,,,,,,,,,,,,,,,,
,,,,,,,,,,,,,,,,,
,,,,,,,,,,,,,,,,,
,,,,,,,,,,,,,,,,,
,,,,,,,,,,,,,,,,,
,,,,,,,,,,,,,,,,,
,,,,,,,,,,,,,,,,,
,,,,,,,,,,,,,,,,,
,,,,,,,,,,,,,,,,,
,,,,,,,,,,,,,,,,,
,,,,,,,,,,,,,,,,,
,,,,,,,,,,,,,,,,,
,,,,,,,,,,,,,,,,,
,,,,,,,,,,,,,,,,,
,,,,,,,,,,,,,,,,,
,,,,,,,,,,,,,,,,,
,,,,,,,,,,,,,,,,,
,,,,,,,,,,,,,,,,,
,,,,,,,,,,,,,,,,,
,,,,,,,,,,,,,,,,,
,,,,,,,,,,,,,,,,,
,,,,,,,,,,,,,,,,,
,,,,,,,,,,,,,,,,,
,,,,,,,,,,,,,,,,,
,,,,,,,,,,,,,,,,,
,,,,,,,,,,,,,,,,,
,,,,,,,,,,,,,,,,,
,,,,,,,,,,,,,,,,,
,,,,,,,,,,,,,,,,,
,,,,,,,,,,,,,,,,,
,,,,,,,,,,,,,,,,,
,,,,,,,,,,,,,,,,,
,,,,,,,,,,,,,,,,,
,,,,,,,,,,,,,,,,,
,,,,,,,,,,,,,,,,,
,,,,,,,,,,,,,,,,,
,,,,,,,,,,,,,,,,,
,,,,,,,,,,,,,,,,,
,,,,,,,,,,,,,,,,,
,,,,,,,,,,,,,,,,,
,,,,,,,,,,,,,,,,,
,,,,,,,,,,,,,,,,,
,,,,,,,,,,,,,,,,,
,,,,,,,,,,,,,,,,,
,,,,,,,,,,,,,,,,,
,,,,,,,,,,,,,,,,,
,,,,,,,,,,,,,,,,,
,,,,,,,,,,,,,,,,,
,,,,,,,,,,,,,,,,,
,,,,,,,,,,,,,,,,,
,,,,,,,,,,,,,,,,,
,,,,,,,,,,,,,,,,,
,,,,,,,,,,,,,,,,,
,,,,,,,,,,,,,,,,,
,,,,,,,,,,,,,,,,,
,,,,,,,,,,,,,,,,,
,,,,,,,,,,,,,,,,,
,,,,,,,,,,,,,,,,,
,,,,,,,,,,,,,,,,,
,,,,,,,,,,,,,,,,,
,,,,,,,,,,,,,,,,,
,,,,,,,,,,,,,,,,,
,,,,,,,,,,,,,,,,,
,,,,,,,,,,,,,,,,,
,,,,,,,,,,,,,,,,,
,,,,,,,,,,,,,,,,,
,,,,,,,,,,,,,,,,,
,,,,,,,,,,,,,,,,,
,,,,,,,,,,,,,,,,,
,,,,,,,,,,,,,,,,,
,,,,,,,,,,,,,,,,,
,,,,,,,,,,,,,,,,,
,,,,,,,,,,,,,,,,,
,,,,,,,,,,,,,,,,,
,,,,,,,,,,,,,,,,,
,,,,,,,,,,,,,,,,,
,,,,,,,,,,,,,,,,,
,,,,,,,,,,,,,,,,,
,,,,,,,,,,,,,,,,,
,,,,,,,,,,,,,,,,,
,,,,,,,,,,,,,,,,,
,,,,,,,,,,,,,,,,,
,,,,,,,,,,,,,,,,,
,,,,,,,,,,,,,,,,,
,,,,,,,,,,,,,,,,,
,,,,,,,,,,,,,,,,,
,,,,,,,,,,,,,,,,,
,,,,,,,,,,,,,,,,,
,,,,,,,,,,,,,,,,,
,,,,,,,,,,,,,,,,,
,,,,,,,,,,,,,,,,,
,,,,,,,,,,,,,,,,,
,,,,,,,,,,,,,,,,,
,,,,,,,,,,,,,,,,,
,,,,,,,,,,,,,,,,,
,,,,,,,,,,,,,,,,,
,,,,,,,,,,,,,,,,,
,,,,,,,,,,,,,,,,,
,,,,,,,,,,,,,,,,,
,,,,,,,,,,,,,,,,,
,,,,,,,,,,,,,,,,,
,,,,,,,,,,,,,,,,,
,,,,,,,,,,,,,,,,,
,,,,,,,,,,,,,,,,,
,,,,,,,,,,,,,,,,,
,,,,,,,,,,,,,,,,,
,,,,,,,,,,,,,,,,,
,,,,,,,,,,,,,,,,,
,,,,,,,,,,,,,,,,,
,,,,,,,,,,,,,,,,,
,,,,,,,,,,,,,,,,,
,,,,,,,,,,,,,,,,,
,,,,,,,,,,,,,,,,,
,,,,,,,,,,,,,,,,,
,,,,,,,,,,,,,,,,,
,,,,,,,,,,,,,,,,,
,,,,,,,,,,,,,,,,,
,,,,,,,,,,,,,,,,,
,,,,,,,,,,,,,,,,,
,,,,,,,,,,,,,,,,,
,,,,,,,,,,,,,,,,,
,,,,,,,,,,,,,,,,,
,,,,,,,,,,,,,,,,,
,,,,,,,,,,,,,,,,,
,,,,,,,,,,,,,,,,,
,,,,,,,,,,,,,,,,,
,,,,,,,,,,,,,,,,,
,,,,,,,,,,,,,,,,,
,,,,,,,,,,,,,,,,,
,,,,,,,,,,,,,,,,,
,,,,,,,,,,,,,,,,,
,,,,,,,,,,,,,,,,,
,,,,,,,,,,,,,,,,,
,,,,,,,,,,,,,,,,,
,,,,,,,,,,,,,,,,,
,,,,,,,,,,,,,,,,,
,,,,,,,,,,,,,,,,,
,,,,,,,,,,,,,,,,,
,,,,,,,,,,,,,,,,,
,,,,,,,,,,,,,,,,,
,,,,,,,,,,,,,,,,,
,,,,,,,,,,,,,,,,,
,,,,,,,,,,,,,,,,,
,,,,,,,,,,,,,,,,,
,,,,,,,,,,,,,,,,,
,,,,,,,,,,,,,,,,,
,,,,,,,,,,,,,,,,,
,,,,,,,,,,,,,,,,,
,,,,,,,,,,,,,,,,,
,,,,,,,,,,,,,,,,,
,,,,,,,,,,,,,,,,,
,,,,,,,,,,,,,,,,,
,,,,,,,,,,,,,,,,,
,,,,,,,,,,,,,,,,,
,,,,,,,,,,,,,,,,,
,,,,,,,,,,,,,,,,,
,,,,,,,,,,,,,,,,,
,,,,,,,,,,,,,,,,,
,,,,,,,,,,,,,,,,,
,,,,,,,,,,,,,,,,,
,,,,,,,,,,,,,,,,,
,,,,,,,,,,,,,,,,,
,,,,,,,,,,,,,,,,,
,,,,,,,,,,,,,,,,,
,,,,,,,,,,,,,,,,,
,,,,,,,,,,,,,,,,,
,,,,,,,,,,,,,,,,,
,,,,,,,,,,,,,,,,,
,,,,,,,,,,,,,,,,,
,,,,,,,,,,,,,,,,,
,,,,,,,,,,,,,,,,,
,,,,,,,,,,,,,,,,,
,,,,,,,,,,,,,,,,,
,,,,,,,,,,,,,,,,,
,,,,,,,,,,,,,,,,,
,,,,,,,,,,,,,,,,,
,,,,,,,,,,,,,,,,,
,,,,,,,,,,,,,,,,,
,,,,,,,,,,,,,,,,,
,,,,,,,,,,,,,,,,,
,,,,,,,,,,,,,,,,,
,,,,,,,,,,,,,,,,,
,,,,,,,,,,,,,,,,,
,,,,,,,,,,,,,,,,,
,,,,,,,,,,,,,,,,,
,,,,,,,,,,,,,,,,,
,,,,,,,,,,,,,,,,,
,,,,,,,,,,,,,,,,,
,,,,,,,,,,,,,,,,,
,,,,,,,,,,,,,,,,,
,,,,,,,,,,,,,,,,,
,,,,,,,,,,,,,,,,,
,,,,,,,,,,,,,,,,,
,,,,,,,,,,,,,,,,,
,,,,,,,,,,,,,,,,,
,,,,,,,,,,,,,,,,,
,,,,,,,,,,,,,,,,,
,,,,,,,,,,,,,,,,,
,,,,,,,,,,,,,,,,,
,,,,,,,,,,,,,,,,,
,,,,,,,,,,,,,,,,,
,,,,,,,,,,,,,,,,,
,,,,,,,,,,,,,,,,,
,,,,,,,,,,,,,,,,,
,,,,,,,,,,,,,,,,,
,,,,,,,,,,,,,,,,,
,,,,,,,,,,,,,,,,,
,,,,,,,,,,,,,,,,,
,,,,,,,,,,,,,,,,,
,,,,,,,,,,,,,,,,,
,,,,,,,,,,,,,,,,,
,,,,,,,,,,,,,,,,,
,,,,,,,,,,,,,,,,,
,,,,,,,,,,,,,,,,,
,,,,,,,,,,,,,,,,,
,,,,,,,,,,,,,,,,,
,,,,,,,,,,,,,,,,,
,,,,,,,,,,,,,,,,,
,,,,,,,,,,,,,,,,,
,,,,,,,,,,,,,,,,,
,,,,,,,,,,,,,,,,,
,,,,,,,,,,,,,,,,,
,,,,,,,,,,,,,,,,,
,,,,,,,,,,,,,,,,,
,,,,,,,,,,,,,,,,,
,,,,,,,,,,,,,,,,,
,,,,,,,,,,,,,,,,,
,,,,,,,,,,,,,,,,,
,,,,,,,,,,,,,,,,,
,,,,,,,,,,,,,,,,,
,,,,,,,,,,,,,,,,,
,,,,,,,,,,,,,,,,,
,,,,,,,,,,,,,,,,,
,,,,,,,,,,,,,,,,,
,,,,,,,,,,,,,,,,,
,,,,,,,,,,,,,,,,,
,,,,,,,,,,,,,,,,,
,,,,,,,,,,,,,,,,,
,,,,,,,,,,,,,,,,,
,,,,,,,,,,,,,,,,,
,,,,,,,,,,,,,,,,,
,,,,,,,,,,,,,,,,,
,,,,,,,,,,,,,,,,,
,,,,,,,,,,,,,,,,,
,,,,,,,,,,,,,,,,,
,,,,,,,,,,,,,,,,,
,,,,,,,,,,,,,,,,,
,,,,,,,,,,,,,,,,,
,,,,,,,,,,,,,,,,,
,,,,,,,,,,,,,,,,,
,,,,,,,,,,,,,,,,,
,,,,,,,,,,,,,,,,,
,,,,,,,,,,,,,,,,,
,,,,,,,,,,,,,,,,,
,,,,,,,,,,,,,,,,,
,,,,,,,,,,,,,,,,,
,,,,,,,,,,,,,,,,,
,,,,,,,,,,,,,,,,,
,,,,,,,,,,,,,,,,,
,,,,,,,,,,,,,,,,,
,,,,,,,,,,,,,,,,,
,,,,,,,,,,,,,,,,,
,,,,,,,,,,,,,,,,,
,,,,,,,,,,,,,,,,,
,,,,,,,,,,,,,,,,,
,,,,,,,,,,,,,,,,,
,,,,,,,,,,,,,,,,,
,,,,,,,,,,,,,,,,,
,,,,,,,,,,,,,,,,,
,,,,,,,,,,,,,,,,,
,,,,,,,,,,,,,,,,,
,,,,,,,,,,,,,,,,,
,,,,,,,,,,,,,,,,,
,,,,,,,,,,,,,,,,,
,,,,,,,,,,,,,,,,,
,,,,,,,,,,,,,,,,,
,,,,,,,,,,,,,,,,,
,,,,,,,,,,,,,,,,,
,,,,,,,,,,,,,,,,,
,,,,,,,,,,,,,,,,,
,,,,,,,,,,,,,,,,,
,,,,,,,,,,,,,,,,,
,,,,,,,,,,,,,,,,,
,,,,,,,,,,,,,,,,,
,,,,,,,,,,,,,,,,,
,,,,,,,,,,,,,,,,,
,,,,,,,,,,,,,,,,,
,,,,,,,,,,,,,,,,,
,,,,,,,,,,,,,,,,,
,,,,,,,,,,,,,,,,,
,,,,,,,,,,,,,,,,,
,,,,,,,,,,,,,,,,,
,,,,,,,,,,,,,,,,,
,,,,,,,,,,,,,,,,,
,,,,,,,,,,,,,,,,,
,,,,,,,,,,,,,,,,,
,,,,,,,,,,,,,,,,,
,,,,,,,,,,,,,,,,,
,,,,,,,,,,,,,,,,,
,,,,,,,,,,,,,,,,,
,,,,,,,,,,,,,,,,,
,,,,,,,,,,,,,,,,,
,,,,,,,,,,,,,,,,,
,,,,,,,,,,,,,,,,,
,,,,,,,,,,,,,,,,,
,,,,,,,,,,,,,,,,,
,,,,,,,,,,,,,,,,,
,,,,,,,,,,,,,,,,,
,,,,,,,,,,,,,,,,,
,,,,,,,,,,,,,,,,,
,,,,,,,,,,,,,,,,,
,,,,,,,,,,,,,,,,,
,,,,,,,,,,,,,,,,,
,,,,,,,,,,,,,,,,,
,,,,,,,,,,,,,,,,,
,,,,,,,,,,,,,,,,,
,,,,,,,,,,,,,,,,,
,,,,,,,,,,,,,,,,,
,,,,,,,,,,,,,,,,,
,,,,,,,,,,,,,,,,,
,,,,,,,,,,,,,,,,,
,,,,,,,,,,,,,,,,,
,,,,,,,,,,,,,,,,,
,,,,,,,,,,,,,,,,,
,,,,,,,,,,,,,,,,,
,,,,,,,,,,,,,,,,,
,,,,,,,,,,,,,,,,,
,,,,,,,,,,,,,,,,,
,,,,,,,,,,,,,,,,,
,,,,,,,,,,,,,,,,,
,,,,,,,,,,,,,,,,,
,,,,,,,,,,,,,,,,,
,,,,,,,,,,,,,,,,,
,,,,,,,,,,,,,,,,,
,,,,,,,,,,,,,,,,,
,,,,,,,,,,,,,,,,,
,,,,,,,,,,,,,,,,,
,,,,,,,,,,,,,,,,,
,,,,,,,,,,,,,,,,,
,,,,,,,,,,,,,,,,,
,,,,,,,,,,,,,,,,,
,,,,,,,,,,,,,,,,,
,,,,,,,,,,,,,,,,,
,,,,,,,,,,,,,,,,,
,,,,,,,,,,,,,,,,,
,,,,,,,,,,,,,,,,,
,,,,,,,,,,,,,,,,,
,,,,,,,,,,,,,,,,,
,,,,,,,,,,,,,,,,,
,,,,,,,,,,,,,,,,,
,,,,,,,,,,,,,,,,,
,,,,,,,,,,,,,,,,,
,,,,,,,,,,,,,,,,,
,,,,,,,,,,,,,,,,,
,,,,,,,,,,,,,,,,,
,,,,,,,,,,,,,,,,,
,,,,,,,,,,,,,,,,,
,,,,,,,,,,,,,,,,,
,,,,,,,,,,,,,,,,,
,,,,,,,,,,,,,,,,,
,,,,,,,,,,,,,,,,,
,,,,,,,,,,,,,,,,,
,,,,,,,,,,,,,,,,,
,,,,,,,,,,,,,,,,,
,,,,,,,,,,,,,,,,,
,,,,,,,,,,,,,,,,,
,,,,,,,,,,,,,,,,,
,,,,,,,,,,,,,,,,,
,,,,,,,,,,,,,,,,,
,,,,,,,,,,,,,,,,,
,,,,,,,,,,,,,,,,,
,,,,,,,,,,,,,,,,,
,,,,,,,,,,,,,,,,,
,,,,,,,,,,,,,,,,,
,,,,,,,,,,,,,,,,,
,,,,,,,,,,,,,,,,,
,,,,,,,,,,,,,,,,,
,,,,,,,,,,,,,,,,,
,,,,,,,,,,,,,,,,,
,,,,,,,,,,,,,,,,,
,,,,,,,,,,,,,,,,,
,,,,,,,,,,,,,,,,,
,,,,,,,,,,,,,,,,,
,,,,,,,,,,,,,,,,,
,,,,,,,,,,,,,,,,,
,,,,,,,,,,,,,,,,,
,,,,,,,,,,,,,,,,,
,,,,,,,,,,,,,,,,,
,,,,,,,,,,,,,,,,,
,,,,,,,,,,,,,,,,,
,,,,,,,,,,,,,,,,,
,,,,,,,,,,,,,,,,,
,,,,,,,,,,,,,,,,,
,,,,,,,,,,,,,,,,,
,,,,,,,,,,,,,,,,,
,,,,,,,,,,,,,,,,,
,,,,,,,,,,,,,,,,,
,,,,,,,,,,,,,,,,,
,,,,,,,,,,,,,,,,,
,,,,,,,,,,,,,,,,,
,,,,,,,,,,,,,,,,,
,,,,,,,,,,,,,,,,,
,,,,,,,,,,,,,,,,,
,,,,,,,,,,,,,,,,,
,,,,,,,,,,,,,,,,,
,,,,,,,,,,,,,,,,,
,,,,,,,,,,,,,,,,,
,,,,,,,,,,,,,,,,,
,,,,,,,,,,,,,,,,,
,,,,,,,,,,,,,,,,,
,,,,,,,,,,,,,,,,,
,,,,,,,,,,,,,,,,,
,,,,,,,,,,,,,,,,,
,,,,,,,,,,,,,,,,,
,,,,,,,,,,,,,,,,,
,,,,,,,,,,,,,,,,,
,,,,,,,,,,,,,,,,,
,,,,,,,,,,,,,,,,,
,,,,,,,,,,,,,,,,,
,,,,,,,,,,,,,,,,,
,,,,,,,,,,,,,,,,,
,,,,,,,,,,,,,,,,,
,,,,,,,,,,,,,,,,,
,,,,,,,,,,,,,,,,,
,,,,,,,,,,,,,,,,,
,,,,,,,,,,,,,,,,,
,,,,,,,,,,,,,,,,,
,,,,,,,,,,,,,,,,,
,,,,,,,,,,,,,,,,,
,,,,,,,,,,,,,,,,,
,,,,,,,,,,,,,,,,,
,,,,,,,,,,,,,,,,,
,,,,,,,,,,,,,,,,,
,,,,,,,,,,,,,,,,,
,,,,,,,,,,,,,,,,,
,,,,,,,,,,,,,,,,,
,,,,,,,,,,,,,,,,,
,,,,,,,,,,,,,,,,,
,,,,,,,,,,,,,,,,,
,,,,,,,,,,,,,,,,,
,,,,,,,,,,,,,,,,,
,,,,,,,,,,,,,,,,,
,,,,,,,,,,,,,,,,,
,,,,,,,,,,,,,,,,,
,,,,,,,,,,,,,,,,,
,,,,,,,,,,,,,,,,,
,,,,,,,,,,,,,,,,,
,,,,,,,,,,,,,,,,,
,,,,,,,,,,,,,,,,,
,,,,,,,,,,,,,,,,,
,,,,,,,,,,,,,,,,,
,,,,,,,,,,,,,,,,,
,,,,,,,,,,,,,,,,,
,,,,,,,,,,,,,,,,,
,,,,,,,,,,,,,,,,,
,,,,,,,,,,,,,,,,,
,,,,,,,,,,,,,,,,,
,,,,,,,,,,,,,,,,,
,,,,,,,,,,,,,,,,,
,,,,,,,,,,,,,,,,,
,,,,,,,,,,,,,,,,,
,,,,,,,,,,,,,,,,,
,,,,,,,,,,,,,,,,,
,,,,,,,,,,,,,,,,,
,,,,,,,,,,,,,,,,,
,,,,,,,,,,,,,,,,,
,,,,,,,,,,,,,,,,,
,,,,,,,,,,,,,,,,,
,,,,,,,,,,,,,,,,,
,,,,,,,,,,,,,,,,,
,,,,,,,,,,,,,,,,,
,,,,,,,,,,,,,,,,,
,,,,,,,,,,,,,,,,,
,,,,,,,,,,,,,,,,,
,,,,,,,,,,,,,,,,,
,,,,,,,,,,,,,,,,,
,,,,,,,,,,,,,,,,,
,,,,,,,,,,,,,,,,,
,,,,,,,,,,,,,,,,,
,,,,,,,,,,,,,,,,,
,,,,,,,,,,,,,,,,,
,,,,,,,,,,,,,,,,,
,,,,,,,,,,,,,,,,,
,,,,,,,,,,,,,,,,,
,,,,,,,,,,,,,,,,,
,,,,,,,,,,,,,,,,,
,,,,,,,,,,,,,,,,,
,,,,,,,,,,,,,,,,,
,,,,,,,,,,,,,,,,,
,,,,,,,,,,,,,,,,,
,,,,,,,,,,,,,,,,,
,,,,,,,,,,,,,,,,,
,,,,,,,,,,,,,,,,,
,,,,,,,,,,,,,,,,,
,,,,,,,,,,,,,,,,,
,,,,,,,,,,,,,,,,,
,,,,,,,,,,,,,,,,,
,,,,,,,,,,,,,,,,,
,,,,,,,,,,,,,,,,,
,,,,,,,,,,,,,,,,,
,,,,,,,,,,,,,,,,,
,,,,,,,,,,,,,,,,,
,,,,,,,,,,,,,,,,,
,,,,,,,,,,,,,,,,,
,,,,,,,,,,,,,,,,,
,,,,,,,,,,,,,,,,,
,,,,,,,,,,,,,,,,,
,,,,,,,,,,,,,,,,,
,,,,,,,,,,,,,,,,,
,,,,,,,,,,,,,,,,,
,,,,,,,,,,,,,,,,,
,,,,,,,,,,,,,,,,,
,,,,,,,,,,,,,,,,,
,,,,,,,,,,,,,,,,,
,,,,,,,,,,,,,,,,,
,,,,,,,,,,,,,,,,,
,,,,,,,,,,,,,,,,,
,,,,,,,,,,,,,,,,,
,,,,,,,,,,,,,,,,,
,,,,,,,,,,,,,,,,,
,,,,,,,,,,,,,,,,,
,,,,,,,,,,,,,,,,,
,,,,,,,,,,,,,,,,,
,,,,,,,,,,,,,,,,,
,,,,,,,,,,,,,,,,,
,,,,,,,,,,,,,,,,,
,,,,,,,,,,,,,,,,,
,,,,,,,,,,,,,,,,,
,,,,,,,,,,,,,,,,,
,,,,,,,,,,,,,,,,,
,,,,,,,,,,,,,,,,,
,,,,,,,,,,,,,,,,,
,,,,,,,,,,,,,,,,,
,,,,,,,,,,,,,,,,,
,,,,,,,,,,,,,,,,,
,,,,,,,,,,,,,,,,,
,,,,,,,,,,,,,,,,,
,,,,,,,,,,,,,,,,,
,,,,,,,,,,,,,,,,,
,,,,,,,,,,,,,,,,,
,,,,,,,,,,,,,,,,,
,,,,,,,,,,,,,,,,,
,,,,,,,,,,,,,,,,,
,,,,,,,,,,,,,,,,,
,,,,,,,,,,,,,,,,,
,,,,,,,,,,,,,,,,,
,,,,,,,,,,,,,,,,,
,,,,,,,,,,,,,,,,,
,,,,,,,,,,,,,,,,,
,,,,,,,,,,,,,,,,,
,,,,,,,,,,,,,,,,,
,,,,,,,,,,,,,,,,,
,,,,,,,,,,,,,,,,,
,,,,,,,,,,,,,,,,,
,,,,,,,,,,,,,,,,,
,,,,,,,,,,,,,,,,,
,,,,,,,,,,,,,,,,,
,,,,,,,,,,,,,,,,,
,,,,,,,,,,,,,,,,,
,,,,,,,,,,,,,,,,,
,,,,,,,,,,,,,,,,,
,,,,,,,,,,,,,,,,,
,,,,,,,,,,,,,,,,,
,,,,,,,,,,,,,,,,,
,,,,,,,,,,,,,,,,,
,,,,,,,,,,,,,,,,,
,,,,,,,,,,,,,,,,,
,,,,,,,,,,,,,,,,,
,,,,,,,,,,,,,,,,,
,,,,,,,,,,,,,,,,,
,,,,,,,,,,,,,,,,,
,,,,,,,,,,,,,,,,,
,,,,,,,,,,,,,,,,,
,,,,,,,,,,,,,,,,,
,,,,,,,,,,,,,,,,,
,,,,,,,,,,,,,,,,,
,,,,,,,,,,,,,,,,,
,,,,,,,,,,,,,,,,,
,,,,,,,,,,,,,,,,,
,,,,,,,,,,,,,,,,,
,,,,,,,,,,,,,,,,,
,,,,,,,,,,,,,,,,,
,,,,,,,,,,,,,,,,,
,,,,,,,,,,,,,,,,,
,,,,,,,,,,,,,,,,,
,,,,,,,,,,,,,,,,,
,,,,,,,,,,,,,,,,,
,,,,,,,,,,,,,,,,,
,,,,,,,,,,,,,,,,,
,,,,,,,,,,,,,,,,,
,,,,,,,,,,,,,,,,,
,,,,,,,,,,,,,,,,,
,,,,,,,,,,,,,,,,,
,,,,,,,,,,,,,,,,,
,,,,,,,,,,,,,,,,,
,,,,,,,,,,,,,,,,,
,,,,,,,,,,,,,,,,,
,,,,,,,,,,,,,,,,,
,,,,,,,,,,,,,,,,,
,,,,,,,,,,,,,,,,,
,,,,,,,,,,,,,,,,,
,,,,,,,,,,,,,,,,,
,,,,,,,,,,,,,,,,,
,,,,,,,,,,,,,,,,,
,,,,,,,,,,,,,,,,,
,,,,,,,,,,,,,,,,,
,,,,,,,,,,,,,,,,,
,,,,,,,,,,,,,,,,,
,,,,,,,,,,,,,,,,,
,,,,,,,,,,,,,,,,,
,,,,,,,,,,,,,,,,,
,,,,,,,,,,,,,,,,,
,,,,,,,,,,,,,,,,,
,,,,,,,,,,,,,,,,,
,,,,,,,,,,,,,,,,,
,,,,,,,,,,,,,,,,,
,,,,,,,,,,,,,,,,,
,,,,,,,,,,,,,,,,,
,,,,,,,,,,,,,,,,,
,,,,,,,,,,,,,,,,,
,,,,,,,,,,,,,,,,,
,,,,,,,,,,,,,,,,,
,,,,,,,,,,,,,,,,,
,,,,,,,,,,,,,,,,,
,,,,,,,,,,,,,,,,,
,,,,,,,,,,,,,,,,,
,,,,,,,,,,,,,,,,,
,,,,,,,,,,,,,,,,,
,,,,,,,,,,,,,,,,,
,,,,,,,,,,,,,,,,,
,,,,,,,,,,,,,,,,,
,,,,,,,,,,,,,,,,,
,,,,,,,,,,,,,,,,,
,,,,,,,,,,,,,,,,,
,,,,,,,,,,,,,,,,,
,,,,,,,,,,,,,,,,,
,,,,,,,,,,,,,,,,,
,,,,,,,,,,,,,,,,,
,,,,,,,,,,,,,,,,,
,,,,,,,,,,,,,,,,,
,,,,,,,,,,,,,,,,,
,,,,,,,,,,,,,,,,,
,,,,,,,,,,,,,,,,,
,,,,,,,,,,,,,,,,,
,,,,,,,,,,,,,,,,,
,,,,,,,,,,,,,,,,,
,,,,,,,,,,,,,,,,,
,,,,,,,,,,,,,,,,,
,,,,,,,,,,,,,,,,,
,,,,,,,,,,,,,,,,,
,,,,,,,,,,,,,,,,,
,,,,,,,,,,,,,,,,,
,,,,,,,,,,,,,,,,,
,,,,,,,,,,,,,,,,,
,,,,,,,,,,,,,,,,,
,,,,,,,,,,,,,,,,,
,,,,,,,,,,,,,,,,,
,,,,,,,,,,,,,,,,,
,,,,,,,,,,,,,,,,,
,,,,,,,,,,,,,,,,,
,,,,,,,,,,,,,,,,,
,,,,,,,,,,,,,,,,,
,,,,,,,,,,,,,,,,,
,,,,,,,,,,,,,,,,,
,,,,,,,,,,,,,,,,,
,,,,,,,,,,,,,,,,,
,,,,,,,,,,,,,,,,,
,,,,,,,,,,,,,,,,,
,,,,,,,,,,,,,,,,,
,,,,,,,,,,,,,,,,,
,,,,,,,,,,,,,,,,,
,,,,,,,,,,,,,,,,,
,,,,,,,,,,,,,,,,,
,,,,,,,,,,,,,,,,,
,,,,,,,,,,,,,,,,,
,,,,,,,,,,,,,,,,,
,,,,,,,,,,,,,,,,,
,,,,,,,,,,,,,,,,,
,,,,,,,,,,,,,,,,,
,,,,,,,,,,,,,,,,,
,,,,,,,,,,,,,,,,,
,,,,,,,,,,,,,,,,,
,,,,,,,,,,,,,,,,,
,,,,,,,,,,,,,,,,,
,,,,,,,,,,,,,,,,,
,,,,,,,,,,,,,,,,,
,,,,,,,,,,,,,,,,,
,,,,,,,,,,,,,,,,,
,,,,,,,,,,,,,,,,,
,,,,,,,,,,,,,,,,,
,,,,,,,,,,,,,,,,,
,,,,,,,,,,,,,,,,,
,,,,,,,,,,,,,,,,,
,,,,,,,,,,,,,,,,,
,,,,,,,,,,,,,,,,,
,,,,,,,,,,,,,,,,,
,,,,,,,,,,,,,,,,,
,,,,,,,,,,,,,,,,,
,,,,,,,,,,,,,,,,,
,,,,,,,,,,,,,,,,,
,,,,,,,,,,,,,,,,,
,,,,,,,,,,,,,,,,,
,,,,,,,,,,,,,,,,,
,,,,,,,,,,,,,,,,,
,,,,,,,,,,,,,,,,,
,,,,,,,,,,,,,,,,,
,,,,,,,,,,,,,,,,,
,,,,,,,,,,,,,,,,,
,,,,,,,,,,,,,,,,,
,,,,,,,,,,,,,,,,,
,,,,,,,,,,,,,,,,,
,,,,,,,,,,,,,,,,,
,,,,,,,,,,,,,,,,,
,,,,,,,,,,,,,,,,,
,,,,,,,,,,,,,,,,,
,,,,,,,,,,,,,,,,,
,,,,,,,,,,,,,,,,,
,,,,,,,,,,,,,,,,,
,,,,,,,,,,,,,,,,,
,,,,,,,,,,,,,,,,,
,,,,,,,,,,,,,,,,,
,,,,,,,,,,,,,,,,,
,,,,,,,,,,,,,,,,,
,,,,,,,,,,,,,,,,,
,,,,,,,,,,,,,,,,,
,,,,,,,,,,,,,,,,,
,,,,,,,,,,,,,,,,,
,,,,,,,,,,,,,,,,,
,,,,,,,,,,,,,,,,,
,,,,,,,,,,,,,,,,,
,,,,,,,,,,,,,,,,,
,,,,,,,,,,,,,,,,,
,,,,,,,,,,,,,,,,,
,,,,,,,,,,,,,,,,,
,,,,,,,,,,,,,,,,,
,,,,,,,,,,,,,,,,,
,,,,,,,,,,,,,,,,,
,,,,,,,,,,,,,,,,,
,,,,,,,,,,,,,,,,,
,,,,,,,,,,,,,,,,,
,,,,,,,,,,,,,,,,,
,,,,,,,,,,,,,,,,,
,,,,,,,,,,,,,,,,,
,,,,,,,,,,,,,,,,,
,,,,,,,,,,,,,,,,,
,,,,,,,,,,,,,,,,,
,,,,,,,,,,,,,,,,,
,,,,,,,,,,,,,,,,,
,,,,,,,,,,,,,,,,,
,,,,,,,,,,,,,,,,,
,,,,,,,,,,,,,,,,,
,,,,,,,,,,,,,,,,,
,,,,,,,,,,,,,,,,,
,,,,,,,,,,,,,,,,,
,,,,,,,,,,,,,,,,,
,,,,,,,,,,,,,,,,,
,,,,,,,,,,,,,,,,,
,,,,,,,,,,,,,,,,,
,,,,,,,,,,,,,,,,,
,,,,,,,,,,,,,,,,,
,,,,,,,,,,,,,,,,,
,,,,,,,,,,,,,,,,,
,,,,,,,,,,,,,,,,,
,,,,,,,,,,,,,,,,,
,,,,,,,,,,,,,,,,,
,,,,,,,,,,,,,,,,,
,,,,,,,,,,,,,,,,,
,,,,,,,,,,,,,,,,,
,,,,,,,,,,,,,,,,,
,,,,,,,,,,,,,,,,,
,,,,,,,,,,,,,,,,,
,,,,,,,,,,,,,,,,,
,,,,,,,,,,,,,,,,,
,,,,,,,,,,,,,,,,,
,,,,,,,,,,,,,,,,,
,,,,,,,,,,,,,,,,,
,,,,,,,,,,,,,,,,,
,,,,,,,,,,,,,,,,,
,,,,,,,,,,,,,,,,,
,,,,,,,,,,,,,,,,,
,,,,,,,,,,,,,,,,,
,,,,,,,,,,,,,,,,,
,,,,,,,,,,,,,,,,,
,,,,,,,,,,,,,,,,,
,,,,,,,,,,,,,,,,,
,,,,,,,,,,,,,,,,,
,,,,,,,,,,,,,,,,,
,,,,,,,,,,,,,,,,,
,,,,,,,,,,,,,,,,,
,,,,,,,,,,,,,,,,,
,,,,,,,,,,,,,,,,,
,,,,,,,,,,,,,,,,,
,,,,,,,,,,,,,,,,,
,,,,,,,,,,,,,,,,,
,,,,,,,,,,,,,,,,,
,,,,,,,,,,,,,,,,,
,,,,,,,,,,,,,,,,,
,,,,,,,,,,,,,,,,,
,,,,,,,,,,,,,,,,,
,,,,,,,,,,,,,,,,,
,,,,,,,,,,,,,,,,,
,,,,,,,,,,,,,,,,,
,,,,,,,,,,,,,,,,,
,,,,,,,,,,,,,,,,,
,,,,,,,,,,,,,,,,,
,,,,,,,,,,,,,,,,,
,,,,,,,,,,,,,,,,,
,,,,,,,,,,,,,,,,,
,,,,,,,,,,,,,,,,,
,,,,,,,,,,,,,,,,,
,,,,,,,,,,,,,,,,,
,,,,,,,,,,,,,,,,,
,,,,,,,,,,,,,,,,,
,,,,,,,,,,,,,,,,,
,,,,,,,,,,,,,,,,,
,,,,,,,,,,,,,,,,,
,,,,,,,,,,,,,,,,,
,,,,,,,,,,,,,,,,,
,,,,,,,,,,,,,,,,,
,,,,,,,,,,,,,,,,,
,,,,,,,,,,,,,,,,,
,,,,,,,,,,,,,,,,,
,,,,,,,,,,,,,,,,,
,,,,,,,,,,,,,,,,,
,,,,,,,,,,,,,,,,,
,,,,,,,,,,,,,,,,,
,,,,,,,,,,,,,,,,,
,,,,,,,,,,,,,,,,,
,,,,,,,,,,,,,,,,,
,,,,,,,,,,,,,,,,,
,,,,,,,,,,,,,,,,,
,,,,,,,,,,,,,,,,,
,,,,,,,,,,,,,,,,,
,,,,,,,,,,,,,,,,,
,,,,,,,,,,,,,,,,,
,,,,,,,,,,,,,,,,,
,,,,,,,,,,,,,,,,,
,,,,,,,,,,,,,,,,,
,,,,,,,,,,,,,,,,,
,,,,,,,,,,,,,,,,,
,,,,,,,,,,,,,,,,,
,,,,,,,,,,,,,,,,,
,,,,,,,,,,,,,,,,,
,,,,,,,,,,,,,,,,,
,,,,,,,,,,,,,,,,,
,,,,,,,,,,,,,,,,,
,,,,,,,,,,,,,,,,,
,,,,,,,,,,,,,,,,,
,,,,,,,,,,,,,,,,,
,,,,,,,,,,,,,,,,,
,,,,,,,,,,,,,,,,,
,,,,,,,,,,,,,,,,,
,,,,,,,,,,,,,,,,,
,,,,,,,,,,,,,,,,,
,,,,,,,,,,,,,,,,,
,,,,,,,,,,,,,,,,,
,,,,,,,,,,,,,,,,,
,,,,,,,,,,,,,,,,,
,,,,,,,,,,,,,,,,,
,,,,,,,,,,,,,,,,,
,,,,,,,,,,,,,,,,,
,,,,,,,,,,,,,,,,,
,,,,,,,,,,,,,,,,,
,,,,,,,,,,,,,,,,,
,,,,,,,,,,,,,,,,,
,,,,,,,,,,,,,,,,,
,,,,,,,,,,,,,,,,,
,,,,,,,,,,,,,,,,,
,,,,,,,,,,,,,,,,,
,,,,,,,,,,,,,,,,,
,,,,,,,,,,,,,,,,,
,,,,,,,,,,,,,,,,,
,,,,,,,,,,,,,,,,,
,,,,,,,,,,,,,,,,,
,,,,,,,,,,,,,,,,,
,,,,,,,,,,,,,,,,,
,,,,,,,,,,,,,,,,,
,,,,,,,,,,,,,,,,,
,,,,,,,,,,,,,,,,,
,,,,,,,,,,,,,,,,,
,,,,,,,,,,,,,,,,,
,,,,,,,,,,,,,,,,,
,,,,,,,,,,,,,,,,,
,,,,,,,,,,,,,,,,,
,,,,,,,,,,,,,,,,,
,,,,,,,,,,,,,,,,,
,,,,,,,,,,,,,,,,,
,,,,,,,,,,,,,,,,,
,,,,,,,,,,,,,,,,,
,,,,,,,,,,,,,,,,,
,,,,,,,,,,,,,,,,,
,,,,,,,,,,,,,,,,,
,,,,,,,,,,,,,,,,,
,,,,,,,,,,,,,,,,,
,,,,,,,,,,,,,,,,,
,,,,,,,,,,,,,,,,,
,,,,,,,,,,,,,,,,,
,,,,,,,,,,,,,,,,,
,,,,,,,,,,,,,,,,,
,,,,,,,,,,,,,,,,,
,,,,,,,,,,,,,,,,,
,,,,,,,,,,,,,,,,,
,,,,,,,,,,,,,,,,,
,,,,,,,,,,,,,,,,,
,,,,,,,,,,,,,,,,,
,,,,,,,,,,,,,,,,,
,,,,,,,,,,,,,,,,,
,,,,,,,,,,,,,,,,,
,,,,,,,,,,,,,,,,,
,,,,,,,,,,,,,,,,,
,,,,,,,,,,,,,,,,,
,,,,,,,,,,,,,,,,,
,,,,,,,,,,,,,,,,,
,,,,,,,,,,,,,,,,,
,,,,,,,,,,,,,,,,,
,,,,,,,,,,,,,,,,,
,,,,,,,,,,,,,,,,,
,,,,,,,,,,,,,,,,,
,,,,,,,,,,,,,,,,,
,,,,,,,,,,,,,,,,,
,,,,,,,,,,,,,,,,,
,,,,,,,,,,,,,,,,,
,,,,,,,,,,,,,,,,,
,,,,,,,,,,,,,,,,,
,,,,,,,,,,,,,,,,,
,,,,,,,,,,,,,,,,,
,,,,,,,,,,,,,,,,,
,,,,,,,,,,,,,,,,,
,,,,,,,,,,,,,,,,,
,,,,,,,,,,,,,,,,,
,,,,,,,,,,,,,,,,,
,,,,,,,,,,,,,,,,,
,,,,,,,,,,,,,,,,,
,,,,,,,,,,,,,,,,,
,,,,,,,,,,,,,,,,,
,,,,,,,,,,,,,,,,,
,,,,,,,,,,,,,,,,,
,,,,,,,,,,,,,,,,,
,,,,,,,,,,,,,,,,,
,,,,,,,,,,,,,,,,,
,,,,,,,,,,,,,,,,,
,,,,,,,,,,,,,,,,,
,,,,,,,,,,,,,,,,,
,,,,,,,,,,,,,,,,,
,,,,,,,,,,,,,,,,,
,,,,,,,,,,,,,,,,,
,,,,,,,,,,,,,,,,,
,,,,,,,,,,,,,,,,,
,,,,,,,,,,,,,,,,,
,,,,,,,,,,,,,,,,,
,,,,,,,,,,,,,,,,,
,,,,,,,,,,,,,,,,,
,,,,,,,,,,,,,,,,,
,,,,,,,,,,,,,,,,,
,,,,,,,,,,,,,,,,,
,,,,,,,,,,,,,,,,,
,,,,,,,,,,,,,,,,,
,,,,,,,,,,,,,,,,,
,,,,,,,,,,,,,,,,,
,,,,,,,,,,,,,,,,,
,,,,,,,,,,,,,,,,,
,,,,,,,,,,,,,,,,,
,,,,,,,,,,,,,,,,,
,,,,,,,,,,,,,,,,,
,,,,,,,,,,,,,,,,,
,,,,,,,,,,,,,,,,,
,,,,,,,,,,,,,,,,,
,,,,,,,,,,,,,,,,,
,,,,,,,,,,,,,,,,,
,,,,,,,,,,,,,,,,,
,,,,,,,,,,,,,,,,,
,,,,,,,,,,,,,,,,,
,,,,,,,,,,,,,,,,,
,,,,,,,,,,,,,,,,,
,,,,,,,,,,,,,,,,,
,,,,,,,,,,,,,,,,,
,,,,,,,,,,,,,,,,,
,,,,,,,,,,,,,,,,,
,,,,,,,,,,,,,,,,,
,,,,,,,,,,,,,,,,,
,,,,,,,,,,,,,,,,,
,,,,,,,,,,,,,,,,,
,,,,,,,,,,,,,,,,,
,,,,,,,,,,,,,,,,,
,,,,,,,,,,,,,,,,,
,,,,,,,,,,,,,,,,,
,,,,,,,,,,,,,,,,,
,,,,,,,,,,,,,,,,,
,,,,,,,,,,,,,,,,,
,,,,,,,,,,,,,,,,,
,,,,,,,,,,,,,,,,,
,,,,,,,,,,,,,,,,,
,,,,,,,,,,,,,,,,,
,,,,,,,,,,,,,,,,,
,,,,,,,,,,,,,,,,,
,,,,,,,,,,,,,,,,,
,,,,,,,,,,,,,,,,,
,,,,,,,,,,,,,,,,,
,,,,,,,,,,,,,,,,,
,,,,,,,,,,,,,,,,,
,,,,,,,,,,,,,,,,,
,,,,,,,,,,,,,,,,,
,,,,,,,,,,,,,,,,,
,,,,,,,,,,,,,,,,,
,,,,,,,,,,,,,,,,,
,,,,,,,,,,,,,,,,,
,,,,,,,,,,,,,,,,,
,,,,,,,,,,,,,,,,,
,,,,,,,,,,,,,,,,,
,,,,,,,,,,,,,,,,,
,,,,,,,,,,,,,,,,,
,,,,,,,,,,,,,,,,,
,,,,,,,,,,,,,,,,,
,,,,,,,,,,,,,,,,,
,,,,,,,,,,,,,,,,,
,,,,,,,,,,,,,,,,,
,,,,,,,,,,,,,,,,,
,,,,,,,,,,,,,,,,,
,,,,,,,,,,,,,,,,,
,,,,,,,,,,,,,,,,,
,,,,,,,,,,,,,,,,,
,,,,,,,,,,,,,,,,,
,,,,,,,,,,,,,,,,,
,,,,,,,,,,,,,,,,,
,,,,,,,,,,,,,,,,,
,,,,,,,,,,,,,,,,,
,,,,,,,,,,,,,,,,,
,,,,,,,,,,,,,,,,,
,,,,,,,,,,,,,,,,,
,,,,,,,,,,,,,,,,,
,,,,,,,,,,,,,,,,,
,,,,,,,,,,,,,,,,,
,,,,,,,,,,,,,,,,,
,,,,,,,,,,,,,,,,,
,,,,,,,,,,,,,,,,,
,,,,,,,,,,,,,,,,,
,,,,,,,,,,,,,,,,,
,,,,,,,,,,,,,,,,,
,,,,,,,,,,,,,,,,,
,,,,,,,,,,,,,,,,,
,,,,,,,,,,,,,,,,,
,,,,,,,,,,,,,,,,,
,,,,,,,,,,,,,,,,,
,,,,,,,,,,,,,,,,,
,,,,,,,,,,,,,,,,,
,,,,,,,,,,,,,,,,,
,,,,,,,,,,,,,,,,,
,,,,,,,,,,,,,,,,,
,,,,,,,,,,,,,,,,,
,,,,,,,,,,,,,,,,,
,,,,,,,,,,,,,,,,,
,,,,,,,,,,,,,,,,,
,,,,,,,,,,,,,,,,,
,,,,,,,,,,,,,,,,,
,,,,,,,,,,,,,,,,,
,,,,,,,,,,,,,,,,,
,,,,,,,,,,,,,,,,,
,,,,,,,,,,,,,,,,,
,,,,,,,,,,,,,,,,,
,,,,,,,,,,,,,,,,,
,,,,,,,,,,,,,,,,,
,,,,,,,,,,,,,,,,,
,,,,,,,,,,,,,,,,,
,,,,,,,,,,,,,,,,,
,,,,,,,,,,,,,,,,,
,,,,,,,,,,,,,,,,,
,,,,,,,,,,,,,,,,,
,,,,,,,,,,,,,,,,,
,,,,,,,,,,,,,,,,,
,,,,,,,,,,,,,,,,,
,,,,,,,,,,,,,,,,,
,,,,,,,,,,,,,,,,,
,,,,,,,,,,,,,,,,,
,,,,,,,,,,,,,,,,,
,,,,,,,,,,,,,,,,,
,,,,,,,,,,,,,,,,,
,,,,,,,,,,,,,,,,,
,,,,,,,,,,,,,,,,,
,,,,,,,,,,,,,,,,,
,,,,,,,,,,,,,,,,,
,,,,,,,,,,,,,,,,,
,,,,,,,,,,,,,,,,,
,,,,,,,,,,,,,,,,,
,,,,,,,,,,,,,,,,,
,,,,,,,,,,,,,,,,,
,,,,,,,,,,,,,,,,,
,,,,,,,,,,,,,,,,,
,,,,,,,,,,,,,,,,,
,,,,,,,,,,,,,,,,,
,,,,,,,,,,,,,,,,,
,,,,,,,,,,,,,,,,,
,,,,,,,,,,,,,,,,,
,,,,,,,,,,,,,,,,,
,,,,,,,,,,,,,,,,,
,,,,,,,,,,,,,,,,,
,,,,,,,,,,,,,,,,,
,,,,,,,,,,,,,,,,,
,,,,,,,,,,,,,,,,,
,,,,,,,,,,,,,,,,,
,,,,,,,,,,,,,,,,,
,,,,,,,,,,,,,,,,,
,,,,,,,,,,,,,,,,,
,,,,,,,,,,,,,,,,,
,,,,,,,,,,,,,,,,,
,,,,,,,,,,,,,,,,,
,,,,,,,,,,,,,,,,,
,,,,,,,,,,,,,,,,,
,,,,,,,,,,,,,,,,,
,,,,,,,,,,,,,,,,,
,,,,,,,,,,,,,,,,,
,,,,,,,,,,,,,,,,,
,,,,,,,,,,,,,,,,,
,,,,,,,,,,,,,,,,,
,,,,,,,,,,,,,,,,,
,,,,,,,,,,,,,,,,,
,,,,,,,,,,,,,,,,,
,,,,,,,,,,,,,,,,,
,,,,,,,,,,,,,,,,,
,,,,,,,,,,,,,,,,,
,,,,,,,,,,,,,,,,,
,,,,,,,,,,,,,,,,,
,,,,,,,,,,,,,,,,,
,,,,,,,,,,,,,,,,,
,,,,,,,,,,,,,,,,,
,,,,,,,,,,,,,,,,,
,,,,,,,,,,,,,,,,,
,,,,,,,,,,,,,,,,,
,,,,,,,,,,,,,,,,,
,,,,,,,,,,,,,,,,,
,,,,,,,,,,,,,,,,,
,,,,,,,,,,,,,,,,,
,,,,,,,,,,,,,,,,,
,,,,,,,,,,,,,,,,,
,,,,,,,,,,,,,,,,,
,,,,,,,,,,,,,,,,,
,,,,,,,,,,,,,,,,,
,,,,,,,,,,,,,,,,,
,,,,,,,,,,,,,,,,,
,,,,,,,,,,,,,,,,,
,,,,,,,,,,,,,,,,,
,,,,,,,,,,,,,,,,,
,,,,,,,,,,,,,,,,,
,,,,,,,,,,,,,,,,,
,,,,,,,,,,,,,,,,,
,,,,,,,,,,,,,,,,,
,,,,,,,,,,,,,,,,,
,,,,,,,,,,,,,,,,,
,,,,,,,,,,,,,,,,,
,,,,,,,,,,,,,,,,,
,,,,,,,,,,,,,,,,,
,,,,,,,,,,,,,,,,,
,,,,,,,,,,,,,,,,,
,,,,,,,,,,,,,,,,,
,,,,,,,,,,,,,,,,,
,,,,,,,,,,,,,,,,,
,,,,,,,,,,,,,,,,,
,,,,,,,,,,,,,,,,,
,,,,,,,,,,,,,,,,,
,,,,,,,,,,,,,,,,,
,,,,,,,,,,,,,,,,,
,,,,,,,,,,,,,,,,,
,,,,,,,,,,,,,,,,,
,,,,,,,,,,,,,,,,,
,,,,,,,,,,,,,,,,,
,,,,,,,,,,,,,,,,,
,,,,,,,,,,,,,,,,,
,,,,,,,,,,,,,,,,,
,,,,,,,,,,,,,,,,,
,,,,,,,,,,,,,,,,,
,,,,,,,,,,,,,,,,,
,,,,,,,,,,,,,,,,,
,,,,,,,,,,,,,,,,,
,,,,,,,,,,,,,,,,,
,,,,,,,,,,,,,,,,,
,,,,,,,,,,,,,,,,,
,,,,,,,,,,,,,,,,,
,,,,,,,,,,,,,,,,,
,,,,,,,,,,,,,,,,,
,,,,,,,,,,,,,,,,,
,,,,,,,,,,,,,,,,,
,,,,,,,,,,,,,,,,,
,,,,,,,,,,,,,,,,,
,,,,,,,,,,,,,,,,,
,,,,,,,,,,,,,,,,,
,,,,,,,,,,,,,,,,,
,,,,,,,,,,,,,,,,,
,,,,,,,,,,,,,,,,,
,,,,,,,,,,,,,,,,,
,,,,,,,,,,,,,,,,,
,,,,,,,,,,,,,,,,,
,,,,,,,,,,,,,,,,,
,,,,,,,,,,,,,,,,,
,,,,,,,,,,,,,,,,,
,,,,,,,,,,,,,,,,,
,,,,,,,,,,,,,,,,,
,,,,,,,,,,,,,,,,,
,,,,,,,,,,,,,,,,,
,,,,,,,,,,,,,,,,,
,,,,,,,,,,,,,,,,,
,,,,,,,,,,,,,,,,,
,,,,,,,,,,,,,,,,,
,,,,,,,,,,,,,,,,,
,,,,,,,,,,,,,,,,,
,,,,,,,,,,,,,,,,,
,,,,,,,,,,,,,,,,,
,,,,,,,,,,,,,,,,,
,,,,,,,,,,,,,,,,,
,,,,,,,,,,,,,,,,,
,,,,,,,,,,,,,,,,,
,,,,,,,,,,,,,,,,,
,,,,,,,,,,,,,,,,,
,,,,,,,,,,,,,,,,,
,,,,,,,,,,,,,,,,,
,,,,,,,,,,,,,,,,,
,,,,,,,,,,,,,,,,,
,,,,,,,,,,,,,,,,,
,,,,,,,,,,,,,,,,,
,,,,,,,,,,,,,,,,,
,,,,,,,,,,,,,,,,,
,,,,,,,,,,,,,,,,,
,,,,,,,,,,,,,,,,,
,,,,,,,,,,,,,,,,,
,,,,,,,,,,,,,,,,,
,,,,,,,,,,,,,,,,,
,,,,,,,,,,,,,,,,,
,,,,,,,,,,,,,,,,,
,,,,,,,,,,,,,,,,,
,,,,,,,,,,,,,,,,,
,,,,,,,,,,,,,,,,,
,,,,,,,,,,,,,,,,,
,,,,,,,,,,,,,,,,,
,,,,,,,,,,,,,,,,,
,,,,,,,,,,,,,,,,,
,,,,,,,,,,,,,,,,,
,,,,,,,,,,,,,,,,,
,,,,,,,,,,,,,,,,,
,,,,,,,,,,,,,,,,,
,,,,,,,,,,,,,,,,,
,,,,,,,,,,,,,,,,,
,,,,,,,,,,,,,,,,,
,,,,,,,,,,,,,,,,,
,,,,,,,,,,,,,,,,,
,,,,,,,,,,,,,,,,,
,,,,,,,,,,,,,,,,,
,,,,,,,,,,,,,,,,,
,,,,,,,,,,,,,,,,,
,,,,,,,,,,,,,,,,,
,,,,,,,,,,,,,,,,,
,,,,,,,,,,,,,,,,,
,,,,,,,,,,,,,,,,,
,,,,,,,,,,,,,,,,,
,,,,,,,,,,,,,,,,,
,,,,,,,,,,,,,,,,,
,,,,,,,,,,,,,,,,,
,,,,,,,,,,,,,,,,,
,,,,,,,,,,,,,,,,,
,,,,,,,,,,,,,,,,,
,,,,,,,,,,,,,,,,,
,,,,,,,,,,,,,,,,,
,,,,,,,,,,,,,,,,,
,,,,,,,,,,,,,,,,,
,,,,,,,,,,,,,,,,,
,,,,,,,,,,,,,,,,,
,,,,,,,,,,,,,,,,,
,,,,,,,,,,,,,,,,,
,,,,,,,,,,,,,,,,,
,,,,,,,,,,,,,,,,,
,,,,,,,,,,,,,,,,,
,,,,,,,,,,,,,,,,,
,,,,,,,,,,,,,,,,,
,,,,,,,,,,,,,,,,,
,,,,,,,,,,,,,,,,,
,,,,,,,,,,,,,,,,,
,,,,,,,,,,,,,,,,,
,,,,,,,,,,,,,,,,,
,,,,,,,,,,,,,,,,,
,,,,,,,,,,,,,,,,,
,,,,,,,,,,,,,,,,,
,,,,,,,,,,,,,,,,,
,,,,,,,,,,,,,,,,,
,,,,,,,,,,,,,,,,,
,,,,,,,,,,,,,,,,,
,,,,,,,,,,,,,,,,,
,,,,,,,,,,,,,,,,,
,,,,,,,,,,,,,,,,,
,,,,,,,,,,,,,,,,,
,,,,,,,,,,,,,,,,,
,,,,,,,,,,,,,,,,,
,,,,,,,,,,,,,,,,,
,,,,,,,,,,,,,,,,,
,,,,,,,,,,,,,,,,,
,,,,,,,,,,,,,,,,,
,,,,,,,,,,,,,,,,,
,,,,,,,,,,,,,,,,,
,,,,,,,,,,,,,,,,,
,,,,,,,,,,,,,,,,,
,,,,,,,,,,,,,,,,,
,,,,,,,,,,,,,,,,,
,,,,,,,,,,,,,,,,,
,,,,,,,,,,,,,,,,,
,,,,,,,,,,,,,,,,,
,,,,,,,,,,,,,,,,,
,,,,,,,,,,,,,,,,,
,,,,,,,,,,,,,,,,,
,,,,,,,,,,,,,,,,,
,,,,,,,,,,,,,,,,,
,,,,,,,,,,,,,,,,,
,,,,,,,,,,,,,,,,,
,,,,,,,,,,,,,,,,,
,,,,,,,,,,,,,,,,,
,,,,,,,,,,,,,,,,,
,,,,,,,,,,,,,,,,,
,,,,,,,,,,,,,,,,,
,,,,,,,,,,,,,,,,,
,,,,,,,,,,,,,,,,,
,,,,,,,,,,,,,,,,,
,,,,,,,,,,,,,,,,,
,,,,,,,,,,,,,,,,,
,,,,,,,,,,,,,,,,,
,,,,,,,,,,,,,,,,,
,,,,,,,,,,,,,,,,,
,,,,,,,,,,,,,,,,,
,,,,,,,,,,,,,,,,,
,,,,,,,,,,,,,,,,,
,,,,,,,,,,,,,,,,,
,,,,,,,,,,,,,,,,,
,,,,,,,,,,,,,,,,,
,,,,,,,,,,,,,,,,,
,,,,,,,,,,,,,,,,,
,,,,,,,,,,,,,,,,,
,,,,,,,,,,,,,,,,,
,,,,,,,,,,,,,,,,,
,,,,,,,,,,,,,,,,,
,,,,,,,,,,,,,,,,,
,,,,,,,,,,,,,,,,,
,,,,,,,,,,,,,,,,,
,,,,,,,,,,,,,,,,,
,,,,,,,,,,,,,,,,,
,,,,,,,,,,,,,,,,,
,,,,,,,,,,,,,,,,,
,,,,,,,,,,,,,,,,,
,,,,,,,,,,,,,,,,,
,,,,,,,,,,,,,,,,,
,,,,,,,,,,,,,,,,,
,,,,,,,,,,,,,,,,,
,,,,,,,,,,,,,,,,,
,,,,,,,,,,,,,,,,,
,,,,,,,,,,,,,,,,,
,,,,,,,,,,,,,,,,,
,,,,,,,,,,,,,,,,,
,,,,,,,,,,,,,,,,,
,,,,,,,,,,,,,,,,,
,,,,,,,,,,,,,,,,,
,,,,,,,,,,,,,,,,,
,,,,,,,,,,,,,,,,,
,,,,,,,,,,,,,,,,,
,,,,,,,,,,,,,,,,,
,,,,,,,,,,,,,,,,,
,,,,,,,,,,,,,,,,,
,,,,,,,,,,,,,,,,,
,,,,,,,,,,,,,,,,,
,,,,,,,,,,,,,,,,,
,,,,,,,,,,,,,,,,,
,,,,,,,,,,,,,,,,,
,,,,,,,,,,,,,,,,,
,,,,,,,,,,,,,,,,,
,,,,,,,,,,,,,,,,,
,,,,,,,,,,,,,,,,,
,,,,,,,,,,,,,,,,,
,,,,,,,,,,,,,,,,,
,,,,,,,,,,,,,,,,,
,,,,,,,,,,,,,,,,,
,,,,,,,,,,,,,,,,,
,,,,,,,,,,,,,,,,,
,,,,,,,,,,,,,,,,,
,,,,,,,,,,,,,,,,,
,,,,,,,,,,,,,,,,,
,,,,,,,,,,,,,,,,,
,,,,,,,,,,,,,,,,,
,,,,,,,,,,,,,,,,,
,,,,,,,,,,,,,,,,,
,,,,,,,,,,,,,,,,,
,,,,,,,,,,,,,,,,,
,,,,,,,,,,,,,,,,,
,,,,,,,,,,,,,,,,,
,,,,,,,,,,,,,,,,,
,,,,,,,,,,,,,,,,,
,,,,,,,,,,,,,,,,,
,,,,,,,,,,,,,,,,,
,,,,,,,,,,,,,,,,,
,,,,,,,,,,,,,,,,,
,,,,,,,,,,,,,,,,,
,,,,,,,,,,,,,,,,,
,,,,,,,,,,,,,,,,,
,,,,,,,,,,,,,,,,,
,,,,,,,,,,,,,,,,,
,,,,,,,,,,,,,,,,,
,,,,,,,,,,,,,,,,,
,,,,,,,,,,,,,,,,,
,,,,,,,,,,,,,,,,,
,,,,,,,,,,,,,,,,,
,,,,,,,,,,,,,,,,,
,,,,,,,,,,,,,,,,,
,,,,,,,,,,,,,,,,,
,,,,,,,,,,,,,,,,,
,,,,,,,,,,,,,,,,,
,,,,,,,,,,,,,,,,,
,,,,,,,,,,,,,,,,,
,,,,,,,,,,,,,,,,,
,,,,,,,,,,,,,,,,,
,,,,,,,,,,,,,,,,,
,,,,,,,,,,,,,,,,,
,,,,,,,,,,,,,,,,,
,,,,,,,,,,,,,,,,,
,,,,,,,,,,,,,,,,,
,,,,,,,,,,,,,,,,,
,,,,,,,,,,,,,,,,,
,,,,,,,,,,,,,,,,,
,,,,,,,,,,,,,,,,,
,,,,,,,,,,,,,,,,,
,,,,,,,,,,,,,,,,,
,,,,,,,,,,,,,,,,,
,,,,,,,,,,,,,,,,,
,,,,,,,,,,,,,,,,,
,,,,,,,,,,,,,,,,,
,,,,,,,,,,,,,,,,,
,,,,,,,,,,,,,,,,,
,,,,,,,,,,,,,,,,,
,,,,,,,,,,,,,,,,,
,,,,,,,,,,,,,,,,,
,,,,,,,,,,,,,,,,,
,,,,,,,,,,,,,,,,,
,,,,,,,,,,,,,,,,,
,,,,,,,,,,,,,,,,,
,,,,,,,,,,,,,,,,,
,,,,,,,,,,,,,,,,,
,,,,,,,,,,,,,,,,,
,,,,,,,,,,,,,,,,,
,,,,,,,,,,,,,,,,,
,,,,,,,,,,,,,,,,,
,,,,,,,,,,,,,,,,,
,,,,,,,,,,,,,,,,,
,,,,,,,,,,,,,,,,,
,,,,,,,,,,,,,,,,,
,,,,,,,,,,,,,,,,,
,,,,,,,,,,,,,,,,,
,,,,,,,,,,,,,,,,,
,,,,,,,,,,,,,,,,,
,,,,,,,,,,,,,,,,,
,,,,,,,,,,,,,,,,,
,,,,,,,,,,,,,,,,,
,,,,,,,,,,,,,,,,,
,,,,,,,,,,,,,,,,,
,,,,,,,,,,,,,,,,,
,,,,,,,,,,,,,,,,,
,,,,,,,,,,,,,,,,,
,,,,,,,,,,,,,,,,,
,,,,,,,,,,,,,,,,,
,,,,,,,,,,,,,,,,,
,,,,,,,,,,,,,,,,,
,,,,,,,,,,,,,,,,,
,,,,,,,,,,,,,,,,,
,,,,,,,,,,,,,,,,,
,,,,,,,,,,,,,,,,,
,,,,,,,,,,,,,,,,,
,,,,,,,,,,,,,,,,,
,,,,,,,,,,,,,,,,,
,,,,,,,,,,,,,,,,,
,,,,,,,,,,,,,,,,,
,,,,,,,,,,,,,,,,,
,,,,,,,,,,,,,,,,,
,,,,,,,,,,,,,,,,,
,,,,,,,,,,,,,,,,,
,,,,,,,,,,,,,,,,,
,,,,,,,,,,,,,,,,,
,,,,,,,,,,,,,,,,,
,,,,,,,,,,,,,,,,,
,,,,,,,,,,,,,,,,,
,,,,,,,,,,,,,,,,,
,,,,,,,,,,,,,,,,,
,,,,,,,,,,,,,,,,,
,,,,,,,,,,,,,,,,,
,,,,,,,,,,,,,,,,,
,,,,,,,,,,,,,,,,,
,,,,,,,,,,,,,,,,,
,,,,,,,,,,,,,,,,,
,,,,,,,,,,,,,,,,,
,,,,,,,,,,,,,,,,,
,,,,,,,,,,,,,,,,,
,,,,,,,,,,,,,,,,,
,,,,,,,,,,,,,,,,,
,,,,,,,,,,,,,,,,,
,,,,,,,,,,,,,,,,,
,,,,,,,,,,,,,,,,,
,,,,,,,,,,,,,,,,,
,,,,,,,,,,,,,,,,,
,,,,,,,,,,,,,,,,,
,,,,,,,,,,,,,,,,,
,,,,,,,,,,,,,,,,,
,,,,,,,,,,,,,,,,,
,,,,,,,,,,,,,,,,,
,,,,,,,,,,,,,,,,,
,,,,,,,,,,,,,,,,,
,,,,,,,,,,,,,,,,,
,,,,,,,,,,,,,,,,,
,,,,,,,,,,,,,,,,,
,,,,,,,,,,,,,,,,,
,,,,,,,,,,,,,,,,,
,,,,,,,,,,,,,,,,,
,,,,,,,,,,,,,,,,,
,,,,,,,,,,,,,,,,,
,,,,,,,,,,,,,,,,,
,,,,,,,,,,,,,,,,,
,,,,,,,,,,,,,,,,,
,,,,,,,,,,,,,,,,,
,,,,,,,,,,,,,,,,,
,,,,,,,,,,,,,,,,,
,,,,,,,,,,,,,,,,,
,,,,,,,,,,,,,,,,,
,,,,,,,,,,,,,,,,,
,,,,,,,,,,,,,,,,,
,,,,,,,,,,,,,,,,,
,,,,,,,,,,,,,,,,,
,,,,,,,,,,,,,,,,,
,,,,,,,,,,,,,,,,,
,,,,,,,,,,,,,,,,,
,,,,,,,,,,,,,,,,,
,,,,,,,,,,,,,,,,,
,,,,,,,,,,,,,,,,,
,,,,,,,,,,,,,,,,,
,,,,,,,,,,,,,,,,,
,,,,,,,,,,,,,,,,,
,,,,,,,,,,,,,,,,,
,,,,,,,,,,,,,,,,,
,,,,,,,,,,,,,,,,,
,,,,,,,,,,,,,,,,,
,,,,,,,,,,,,,,,,,
,,,,,,,,,,,,,,,,,
,,,,,,,,,,,,,,,,,
,,,,,,,,,,,,,,,,,
,,,,,,,,,,,,,,,,,
,,,,,,,,,,,,,,,,,
,,,,,,,,,,,,,,,,,
,,,,,,,,,,,,,,,,,
,,,,,,,,,,,,,,,,,
,,,,,,,,,,,,,,,,,
,,,,,,,,,,,,,,,,,
,,,,,,,,,,,,,,,,,
,,,,,,,,,,,,,,,,,
,,,,,,,,,,,,,,,,,
,,,,,,,,,,,,,,,,,
,,,,,,,,,,,,,,,,,
,,,,,,,,,,,,,,,,,
,,,,,,,,,,,,,,,,,
,,,,,,,,,,,,,,,,,
,,,,,,,,,,,,,,,,,
,,,,,,,,,,,,,,,,,
,,,,,,,,,,,,,,,,,
,,,,,,,,,,,,,,,,,
,,,,,,,,,,,,,,,,,
,,,,,,,,,,,,,,,,,
,,,,,,,,,,,,,,,,,
,,,,,,,,,,,,,,,,,
,,,,,,,,,,,,,,,,,
,,,,,,,,,,,,,,,,,
,,,,,,,,,,,,,,,,,
,,,,,,,,,,,,,,,,,
,,,,,,,,,,,,,,,,,
,,,,,,,,,,,,,,,,,
,,,,,,,,,,,,,,,,,
,,,,,,,,,,,,,,,,,
,,,,,,,,,,,,,,,,,
,,,,,,,,,,,,,,,,,
,,,,,,,,,,,,,,,,,
,,,,,,,,,,,,,,,,,
,,,,,,,,,,,,,,,,,
,,,,,,,,,,,,,,,,,
,,,,,,,,,,,,,,,,,
,,,,,,,,,,,,,,,,,
,,,,,,,,,,,,,,,,,
,,,,,,,,,,,,,,,,,
,,,,,,,,,,,,,,,,,
,,,,,,,,,,,,,,,,,
,,,,,,,,,,,,,,,,,
,,,,,,,,,,,,,,,,,
,,,,,,,,,,,,,,,,,
,,,,,,,,,,,,,,,,,
,,,,,,,,,,,,,,,,,
,,,,,,,,,,,,,,,,,
,,,,,,,,,,,,,,,,,
,,,,,,,,,,,,,,,,,
,,,,,,,,,,,,,,,,,
,,,,,,,,,,,,,,,,,
,,,,,,,,,,,,,,,,,
,,,,,,,,,,,,,,,,,
,,,,,,,,,,,,,,,,,
,,,,,,,,,,,,,,,,,
,,,,,,,,,,,,,,,,,
,,,,,,,,,,,,,,,,,
,,,,,,,,,,,,,,,,,
,,,,,,,,,,,,,,,,,
,,,,,,,,,,,,,,,,,
,,,,,,,,,,,,,,,,,
,,,,,,,,,,,,,,,,,
,,,,,,,,,,,,,,,,,
,,,,,,,,,,,,,,,,,
,,,,,,,,,,,,,,,,,
,,,,,,,,,,,,,,,,,
,,,,,,,,,,,,,,,,,
,,,,,,,,,,,,,,,,,
,,,,,,,,,,,,,,,,,
,,,,,,,,,,,,,,,,,
,,,,,,,,,,,,,,,,,
,,,,,,,,,,,,,,,,,
,,,,,,,,,,,,,,,,,
,,,,,,,,,,,,,,,,,
,,,,,,,,,,,,,,,,,
,,,,,,,,,,,,,,,,,
,,,,,,,,,,,,,,,,,
,,,,,,,,,,,,,,,,,
,,,,,,,,,,,,,,,,,
,,,,,,,,,,,,,,,,,
,,,,,,,,,,,,,,,,,
,,,,,,,,,,,,,,,,,
,,,,,,,,,,,,,,,,,
,,,,,,,,,,,,,,,,,
,,,,,,,,,,,,,,,,,
,,,,,,,,,,,,,,,,,
,,,,,,,,,,,,,,,,,
,,,,,,,,,,,,,,,,,
,,,,,,,,,,,,,,,,,
,,,,,,,,,,,,,,,,,
,,,,,,,,,,,,,,,,,
,,,,,,,,,,,,,,,,,
,,,,,,,,,,,,,,,,,
,,,,,,,,,,,,,,,,,
,,,,,,,,,,,,,,,,,
,,,,,,,,,,,,,,,,,
,,,,,,,,,,,,,,,,,
,,,,,,,,,,,,,,,,,
,,,,,,,,,,,,,,,,,
,,,,,,,,,,,,,,,,,
,,,,,,,,,,,,,,,,,
,,,,,,,,,,,,,,,,,
,,,,,,,,,,,,,,,,,
,,,,,,,,,,,,,,,,,
,,,,,,,,,,,,,,,,,
,,,,,,,,,,,,,,,,,
,,,,,,,,,,,,,,,,,
,,,,,,,,,,,,,,,,,
,,,,,,,,,,,,,,,,,
,,,,,,,,,,,,,,,,,
,,,,,,,,,,,,,,,,,
,,,,,,,,,,,,,,,,,
,,,,,,,,,,,,,,,,,
,,,,,,,,,,,,,,,,,
,,,,,,,,,,,,,,,,,
,,,,,,,,,,,,,,,,,
,,,,,,,,,,,,,,,,,
,,,,,,,,,,,,,,,,,
,,,,,,,,,,,,,,,,,
,,,,,,,,,,,,,,,,,
,,,,,,,,,,,,,,,,,
,,,,,,,,,,,,,,,,,
,,,,,,,,,,,,,,,,,
,,,,,,,,,,,,,,,,,
,,,,,,,,,,,,,,,,,
,,,,,,,,,,,,,,,,,
,,,,,,,,,,,,,,,,,
,,,,,,,,,,,,,,,,,
,,,,,,,,,,,,,,,,,
,,,,,,,,,,,,,,,,,
,,,,,,,,,,,,,,,,,
,,,,,,,,,,,,,,,,,
,,,,,,,,,,,,,,,,,
,,,,,,,,,,,,,,,,,
,,,,,,,,,,,,,,,,,
,,,,,,,,,,,,,,,,,
,,,,,,,,,,,,,,,,,
,,,,,,,,,,,,,,,,,
,,,,,,,,,,,,,,,,,
,,,,,,,,,,,,,,,,,
,,,,,,,,,,,,,,,,,
,,,,,,,,,,,,,,,,,
,,,,,,,,,,,,,,,,,
,,,,,,,,,,,,,,,,,
,,,,,,,,,,,,,,,,,
,,,,,,,,,,,,,,,,,
,,,,,,,,,,,,,,,,,
,,,,,,,,,,,,,,,,,
,,,,,,,,,,,,,,,,,
,,,,,,,,,,,,,,,,,
,,,,,,,,,,,,,,,,,
,,,,,,,,,,,,,,,,,
,,,,,,,,,,,,,,,,,
,,,,,,,,,,,,,,,,,
,,,,,,,,,,,,,,,,,
,,,,,,,,,,,,,,,,,
,,,,,,,,,,,,,,,,,
,,,,,,,,,,,,,,,,,
,,,,,,,,,,,,,,,,,
,,,,,,,,,,,,,,,,,
,,,,,,,,,,,,,,,,,
,,,,,,,,,,,,,,,,,
,,,,,,,,,,,,,,,,,
,,,,,,,,,,,,,,,,,
,,,,,,,,,,,,,,,,,
,,,,,,,,,,,,,,,,,
,,,,,,,,,,,,,,,,,
,,,,,,,,,,,,,,,,,
,,,,,,,,,,,,,,,,,
,,,,,,,,,,,,,,,,,
,,,,,,,,,,,,,,,,,
,,,,,,,,,,,,,,,,,
,,,,,,,,,,,,,,,,,
,,,,,,,,,,,,,,,,,
,,,,,,,,,,,,,,,,,
,,,,,,,,,,,,,,,,,
,,,,,,,,,,,,,,,,,
,,,,,,,,,,,,,,,,,
,,,,,,,,,,,,,,,,,
,,,,,,,,,,,,,,,,,
,,,,,,,,,,,,,,,,,
,,,,,,,,,,,,,,,,,
,,,,,,,,,,,,,,,,,
,,,,,,,,,,,,,,,,,
,,,,,,,,,,,,,,,,,
,,,,,,,,,,,,,,,,,
,,,,,,,,,,,,,,,,,
,,,,,,,,,,,,,,,,,
,,,,,,,,,,,,,,,,,
,,,,,,,,,,,,,,,,,
,,,,,,,,,,,,,,,,,
,,,,,,,,,,,,,,,,,
,,,,,,,,,,,,,,,,,
,,,,,,,,,,,,,,,,,
,,,,,,,,,,,,,,,,,
,,,,,,,,,,,,,,,,,
,,,,,,,,,,,,,,,,,
,,,,,,,,,,,,,,,,,
,,,,,,,,,,,,,,,,,
,,,,,,,,,,,,,,,,,
,,,,,,,,,,,,,,,,,
,,,,,,,,,,,,,,,,,
,,,,,,,,,,,,,,,,,
,,,,,,,,,,,,,,,,,
,,,,,,,,,,,,,,,,,
,,,,,,,,,,,,,,,,,
,,,,,,,,,,,,,,,,,
,,,,,,,,,,,,,,,,,
,,,,,,,,,,,,,,,,,
,,,,,,,,,,,,,,,,,
,,,,,,,,,,,,,,,,,
,,,,,,,,,,,,,,,,,
,,,,,,,,,,,,,,,,,
,,,,,,,,,,,,,,,,,
,,,,,,,,,,,,,,,,,
,,,,,,,,,,,,,,,,,
,,,,,,,,,,,,,,,,,
,,,,,,,,,,,,,,,,,
,,,,,,,,,,,,,,,,,
,,,,,,,,,,,,,,,,,
,,,,,,,,,,,,,,,,,
,,,,,,,,,,,,,,,,,
,,,,,,,,,,,,,,,,,
,,,,,,,,,,,,,,,,,
,,,,,,,,,,,,,,,,,
,,,,,,,,,,,,,,,,,
,,,,,,,,,,,,,,,,,
,,,,,,,,,,,,,,,,,
,,,,,,,,,,,,,,,,,
,,,,,,,,,,,,,,,,,
,,,,,,,,,,,,,,,,,
,,,,,,,,,,,,,,,,,
,,,,,,,,,,,,,,,,,
,,,,,,,,,,,,,,,,,
,,,,,,,,,,,,,,,,,
,,,,,,,,,,,,,,,,,
,,,,,,,,,,,,,,,,,
,,,,,,,,,,,,,,,,,
,,,,,,,,,,,,,,,,,
,,,,,,,,,,,,,,,,,
,,,,,,,,,,,,,,,,,
,,,,,,,,,,,,,,,,,
,,,,,,,,,,,,,,,,,
,,,,,,,,,,,,,,,,,
,,,,,,,,,,,,,,,,,
,,,,,,,,,,,,,,,,,
,,,,,,,,,,,,,,,,,
,,,,,,,,,,,,,,,,,
,,,,,,,,,,,,,,,,,
,,,,,,,,,,,,,,,,,
,,,,,,,,,,,,,,,,,
,,,,,,,,,,,,,,,,,
,,,,,,,,,,,,,,,,,
,,,,,,,,,,,,,,,,,
,,,,,,,,,,,,,,,,,
,,,,,,,,,,,,,,,,,
,,,,,,,,,,,,,,,,,
,,,,,,,,,,,,,,,,,
,,,,,,,,,,,,,,,,,
,,,,,,,,,,,,,,,,,
,,,,,,,,,,,,,,,,,
,,,,,,,,,,,,,,,,,
,,,,,,,,,,,,,,,,,
,,,,,,,,,,,,,,,,,
,,,,,,,,,,,,,,,,,
,,,,,,,,,,,,,,,,,
,,,,,,,,,,,,,,,,,
,,,,,,,,,,,,,,,,,
,,,,,,,,,,,,,,,,,
,,,,,,,,,,,,,,,,,
,,,,,,,,,,,,,,,,,
,,,,,,,,,,,,,,,,,
,,,,,,,,,,,,,,,,,
,,,,,,,,,,,,,,,,,
,,,,,,,,,,,,,,,,,
,,,,,,,,,,,,,,,,,
,,,,,,,,,,,,,,,,,
,,,,,,,,,,,,,,,,,
,,,,,,,,,,,,,,,,,
,,,,,,,,,,,,,,,,,
,,,,,,,,,,,,,,,,,
,,,,,,,,,,,,,,,,,
,,,,,,,,,,,,,,,,,
,,,,,,,,,,,,,,,,,
,,,,,,,,,,,,,,,,,
,,,,,,,,,,,,,,,,,
,,,,,,,,,,,,,,,,,
,,,,,,,,,,,,,,,,,
,,,,,,,,,,,,,,,,,
,,,,,,,,,,,,,,,,,
,,,,,,,,,,,,,,,,,
,,,,,,,,,,,,,,,,,
,,,,,,,,,,,,,,,,,
,,,,,,,,,,,,,,,,,
,,,,,,,,,,,,,,,,,
,,,,,,,,,,,,,,,,,
,,,,,,,,,,,,,,,,,
,,,,,,,,,,,,,,,,,
,,,,,,,,,,,,,,,,,
,,,,,,,,,,,,,,,,,
,,,,,,,,,,,,,,,,,
,,,,,,,,,,,,,,,,,
,,,,,,,,,,,,,,,,,
,,,,,,,,,,,,,,,,,
,,,,,,,,,,,,,,,,,
,,,,,,,,,,,,,,,,,
,,,,,,,,,,,,,,,,,
,,,,,,,,,,,,,,,,,
,,,,,,,,,,,,,,,,,
,,,,,,,,,,,,,,,,,
,,,,,,,,,,,,,,,,,
,,,,,,,,,,,,,,,,,
,,,,,,,,,,,,,,,,,
,,,,,,,,,,,,,,,,,
,,,,,,,,,,,,,,,,,
,,,,,,,,,,,,,,,,,
,,,,,,,,,,,,,,,,,
,,,,,,,,,,,,,,,,,
,,,,,,,,,,,,,,,,,
,,,,,,,,,,,,,,,,,
,,,,,,,,,,,,,,,,,
,,,,,,,,,,,,,,,,,
,,,,,,,,,,,,,,,,,
,,,,,,,,,,,,,,,,,
,,,,,,,,,,,,,,,,,
,,,,,,,,,,,,,,,,,
,,,,,,,,,,,,,,,,,
,,,,,,,,,,,,,,,,,
,,,,,,,,,,,,,,,,,
,,,,,,,,,,,,,,,,,
,,,,,,,,,,,,,,,,,
,,,,,,,,,,,,,,,,,
,,,,,,,,,,,,,,,,,
,,,,,,,,,,,,,,,,,
,,,,,,,,,,,,,,,,,
,,,,,,,,,,,,,,,,,
,,,,,,,,,,,,,,,,,
,,,,,,,,,,,,,,,,,
,,,,,,,,,,,,,,,,,
,,,,,,,,,,,,,,,,,
,,,,,,,,,,,,,,,,,
,,,,,,,,,,,,,,,,,
,,,,,,,,,,,,,,,,,
,,,,,,,,,,,,,,,,,
,,,,,,,,,,,,,,,,,
,,,,,,,,,,,,,,,,,
,,,,,,,,,,,,,,,,,
,,,,,,,,,,,,,,,,,
,,,,,,,,,,,,,,,,,
,,,,,,,,,,,,,,,,,
,,,,,,,,,,,,,,,,,
,,,,,,,,,,,,,,,,,
,,,,,,,,,,,,,,,,,
,,,,,,,,,,,,,,,,,
,,,,,,,,,,,,,,,,,
,,,,,,,,,,,,,,,,,
,,,,,,,,,,,,,,,,,
,,,,,,,,,,,,,,,,,
,,,,,,,,,,,,,,,,,
,,,,,,,,,,,,,,,,,
,,,,,,,,,,,,,,,,,
,,,,,,,,,,,,,,,,,
,,,,,,,,,,,,,,,,,
,,,,,,,,,,,,,,,,,
,,,,,,,,,,,,,,,,,
,,,,,,,,,,,,,,,,,
,,,,,,,,,,,,,,,,,
,,,,,,,,,,,,,,,,,
,,,,,,,,,,,,,,,,,
,,,,,,,,,,,,,,,,,
,,,,,,,,,,,,,,,,,
,,,,,,,,,,,,,,,,,
,,,,,,,,,,,,,,,,,
,,,,,,,,,,,,,,,,,
,,,,,,,,,,,,,,,,,
,,,,,,,,,,,,,,,,,
,,,,,,,,,,,,,,,,,
,,,,,,,,,,,,,,,,,
,,,,,,,,,,,,,,,,,
,,,,,,,,,,,,,,,,,
,,,,,,,,,,,,,,,,,
,,,,,,,,,,,,,,,,,
,,,,,,,,,,,,,,,,,
,,,,,,,,,,,,,,,,,
,,,,,,,,,,,,,,,,,
,,,,,,,,,,,,,,,,,
,,,,,,,,,,,,,,,,,
,,,,,,,,,,,,,,,,,
,,,,,,,,,,,,,,,,,
,,,,,,,,,,,,,,,,,
,,,,,,,,,,,,,,,,,
,,,,,,,,,,,,,,,,,
,,,,,,,,,,,,,,,,,
,,,,,,,,,,,,,,,,,
,,,,,,,,,,,,,,,,,
,,,,,,,,,,,,,,,,,
,,,,,,,,,,,,,,,,,
,,,,,,,,,,,,,,,,,
,,,,,,,,,,,,,,,,,
,,,,,,,,,,,,,,,,,
,,,,,,,,,,,,,,,,,
,,,,,,,,,,,,,,,,,
,,,,,,,,,,,,,,,,,
,,,,,,,,,,,,,,,,,
,,,,,,,,,,,,,,,,,
,,,,,,,,,,,,,,,,,
,,,,,,,,,,,,,,,,,
,,,,,,,,,,,,,,,,,
,,,,,,,,,,,,,,,,,
,,,,,,,,,,,,,,,,,
,,,,,,,,,,,,,,,,,
,,,,,,,,,,,,,,,,,
,,,,,,,,,,,,,,,,,
,,,,,,,,,,,,,,,,,
,,,,,,,,,,,,,,,,,
,,,,,,,,,,,,,,,,,
,,,,,,,,,,,,,,,,,
,,,,,,,,,,,,,,,,,
,,,,,,,,,,,,,,,,,
,,,,,,,,,,,,,,,,,
,,,,,,,,,,,,,,,,,
,,,,,,,,,,,,,,,,,
,,,,,,,,,,,,,,,,,
,,,,,,,,,,,,,,,,,
,,,,,,,,,,,,,,,,,
,,,,,,,,,,,,,,,,,
,,,,,,,,,,,,,,,,,
,,,,,,,,,,,,,,,,,
,,,,,,,,,,,,,,,,,
,,,,,,,,,,,,,,,,,
,,,,,,,,,,,,,,,,,
,,,,,,,,,,,,,,,,,
,,,,,,,,,,,,,,,,,
,,,,,,,,,,,,,,,,,
,,,,,,,,,,,,,,,,,
,,,,,,,,,,,,,,,,,
,,,,,,,,,,,,,,,,,
,,,,,,,,,,,,,,,,,
,,,,,,,,,,,,,,,,,
,,,,,,,,,,,,,,,,,
,,,,,,,,,,,,,,,,,
,,,,,,,,,,,,,,,,,
,,,,,,,,,,,,,,,,,
,,,,,,,,,,,,,,,,,
,,,,,,,,,,,,,,,,,
,,,,,,,,,,,,,,,,,
,,,,,,,,,,,,,,,,,
,,,,,,,,,,,,,,,,,
,,,,,,,,,,,,,,,,,
,,,,,,,,,,,,,,,,,
,,,,,,,,,,,,,,,,,
,,,,,,,,,,,,,,,,,
,,,,,,,,,,,,,,,,,
,,,,,,,,,,,,,,,,,
,,,,,,,,,,,,,,,,,
,,,,,,,,,,,,,,,,,
,,,,,,,,,,,,,,,,,
,,,,,,,,,,,,,,,,,
,,,,,,,,,,,,,,,,,
,,,,,,,,,,,,,,,,,
,,,,,,,,,,,,,,,,,
,,,,,,,,,,,,,,,,,
,,,,,,,,,,,,,,,,,
,,,,,,,,,,,,,,,,,
,,,,,,,,,,,,,,,,,
,,,,,,,,,,,,,,,,,
,,,,,,,,,,,,,,,,,
,,,,,,,,,,,,,,,,,
,,,,,,,,,,,,,,,,,
,,,,,,,,,,,,,,,,,
,,,,,,,,,,,,,,,,,
,,,,,,,,,,,,,,,,,
,,,,,,,,,,,,,,,,,
,,,,,,,,,,,,,,,,,
,,,,,,,,,,,,,,,,,
,,,,,,,,,,,,,,,,,
,,,,,,,,,,,,,,,,,
,,,,,,,,,,,,,,,,,
,,,,,,,,,,,,,,,,,
,,,,,,,,,,,,,,,,,
,,,,,,,,,,,,,,,,,
,,,,,,,,,,,,,,,,,
,,,,,,,,,,,,,,,,,
,,,,,,,,,,,,,,,,,
,,,,,,,,,,,,,,,,,
,,,,,,,,,,,,,,,,,
,,,,,,,,,,,,,,,,,
,,,,,,,,,,,,,,,,,
,,,,,,,,,,,,,,,,,
,,,,,,,,,,,,,,,,,
,,,,,,,,,,,,,,,,,
,,,,,,,,,,,,,,,,,
,,,,,,,,,,,,,,,,,
,,,,,,,,,,,,,,,,,
,,,,,,,,,,,,,,,,,
,,,,,,,,,,,,,,,,,
,,,,,,,,,,,,,,,,,
,,,,,,,,,,,,,,,,,
,,,,,,,,,,,,,,,,,
,,,,,,,,,,,,,,,,,
,,,,,,,,,,,,,,,,,
,,,,,,,,,,,,,,,,,
,,,,,,,,,,,,,,,,,
,,,,,,,,,,,,,,,,,
,,,,,,,,,,,,,,,,,
,,,,,,,,,,,,,,,,,
,,,,,,,,,,,,,,,,,
,,,,,,,,,,,,,,,,,
,,,,,,,,,,,,,,,,,
,,,,,,,,,,,,,,,,,
,,,,,,,,,,,,,,,,,
,,,,,,,,,,,,,,,,,
,,,,,,,,,,,,,,,,,
,,,,,,,,,,,,,,,,,
,,,,,,,,,,,,,,,,,
,,,,,,,,,,,,,,,,,
,,,,,,,,,,,,,,,,,
,,,,,,,,,,,,,,,,,
,,,,,,,,,,,,,,,,,
,,,,,,,,,,,,,,,,,
,,,,,,,,,,,,,,,,,
,,,,,,,,,,,,,,,,,
,,,,,,,,,,,,,,,,,
,,,,,,,,,,,,,,,,,
,,,,,,,,,,,,,,,,,
,,,,,,,,,,,,,,,,,
,,,,,,,,,,,,,,,,,
,,,,,,,,,,,,,,,,,
,,,,,,,,,,,,,,,,,
,,,,,,,,,,,,,,,,,
,,,,,,,,,,,,,,,,,
,,,,,,,,,,,,,,,,,
,,,,,,,,,,,,,,,,,
,,,,,,,,,,,,,,,,,
,,,,,,,,,,,,,,,,,
,,,,,,,,,,,,,,,,,
,,,,,,,,,,,,,,,,,
,,,,,,,,,,,,,,,,,
,,,,,,,,,,,,,,,,,
,,,,,,,,,,,,,,,,,
,,,,,,,,,,,,,,,,,
,,,,,,,,,,,,,,,,,
,,,,,,,,,,,,,,,,,
,,,,,,,,,,,,,,,,,
,,,,,,,,,,,,,,,,,
,,,,,,,,,,,,,,,,,
,,,,,,,,,,,,,,,,,
,,,,,,,,,,,,,,,,,
,,,,,,,,,,,,,,,,,
,,,,,,,,,,,,,,,,,
,,,,,,,,,,,,,,,,,
,,,,,,,,,,,,,,,,,
,,,,,,,,,,,,,,,,,
,,,,,,,,,,,,,,,,,
,,,,,,,,,,,,,,,,,
,,,,,,,,,,,,,,,,,
,,,,,,,,,,,,,,,,,
,,,,,,,,,,,,,,,,,
,,,,,,,,,,,,,,,,,
,,,,,,,,,,,,,,,,,
,,,,,,,,,,,,,,,,,
,,,,,,,,,,,,,,,,,
,,,,,,,,,,,,,,,,,
,,,,,,,,,,,,,,,,,
,,,,,,,,,,,,,,,,,
,,,,,,,,,,,,,,,,,
,,,,,,,,,,,,,,,,,
,,,,,,,,,,,,,,,,,
,,,,,,,,,,,,,,,,,
,,,,,,,,,,,,,,,,,
,,,,,,,,,,,,,,,,,
,,,,,,,,,,,,,,,,,
,,,,,,,,,,,,,,,,,
,,,,,,,,,,,,,,,,,
,,,,,,,,,,,,,,,,,
,,,,,,,,,,,,,,,,,
,,,,,,,,,,,,,,,,,
,,,,,,,,,,,,,,,,,
,,,,,,,,,,,,,,,,,
,,,,,,,,,,,,,,,,,
,,,,,,,,,,,,,,,,,
,,,,,,,,,,,,,,,,,
,,,,,,,,,,,,,,,,,
,,,,,,,,,,,,,,,,,
,,,,,,,,,,,,,,,,,
,,,,,,,,,,,,,,,,,
,,,,,,,,,,,,,,,,,
,,,,,,,,,,,,,,,,,
,,,,,,,,,,,,,,,,,
,,,,,,,,,,,,,,,,,
,,,,,,,,,,,,,,,,,
,,,,,,,,,,,,,,,,,
,,,,,,,,,,,,,,,,,
,,,,,,,,,,,,,,,,,
,,,,,,,,,,,,,,,,,
,,,,,,,,,,,,,,,,,
,,,,,,,,,,,,,,,,,
,,,,,,,,,,,,,,,,,
,,,,,,,,,,,,,,,,,
,,,,,,,,,,,,,,,,,
,,,,,,,,,,,,,,,,,
,,,,,,,,,,,,,,,,,
,,,,,,,,,,,,,,,,,
,,,,,,,,,,,,,,,,,
,,,,,,,,,,,,,,,,,
,,,,,,,,,,,,,,,,,
,,,,,,,,,,,,,,,,,
,,,,,,,,,,,,,,,,,
,,,,,,,,,,,,,,,,,
,,,,,,,,,,,,,,,,,
,,,,,,,,,,,,,,,,,
,,,,,,,,,,,,,,,,,
,,,,,,,,,,,,,,,,,
,,,,,,,,,,,,,,,,,
,,,,,,,,,,,,,,,,,
,,,,,,,,,,,,,,,,,
,,,,,,,,,,,,,,,,,
,,,,,,,,,,,,,,,,,
,,,,,,,,,,,,,,,,,
,,,,,,,,,,,,,,,,,
,,,,,,,,,,,,,,,,,
,,,,,,,,,,,,,,,,,
,,,,,,,,,,,,,,,,,
,,,,,,,,,,,,,,,,,
,,,,,,,,,,,,,,,,,
,,,,,,,,,,,,,,,,,
,,,,,,,,,,,,,,,,,
,,,,,,,,,,,,,,,,,
,,,,,,,,,,,,,,,,,
,,,,,,,,,,,,,,,,,
,,,,,,,,,,,,,,,,,
,,,,,,,,,,,,,,,,,
,,,,,,,,,,,,,,,,,
,,,,,,,,,,,,,,,,,
,,,,,,,,,,,,,,,,,
,,,,,,,,,,,,,,,,,
,,,,,,,,,,,,,,,,,
,,,,,,,,,,,,,,,,,
,,,,,,,,,,,,,,,,,
,,,,,,,,,,,,,,,,,
,,,,,,,,,,,,,,,,,
,,,,,,,,,,,,,,,,,
,,,,,,,,,,,,,,,,,
,,,,,,,,,,,,,,,,,
,,,,,,,,,,,,,,,,,
,,,,,,,,,,,,,,,,,
,,,,,,,,,,,,,,,,,
,,,,,,,,,,,,,,,,,
,,,,,,,,,,,,,,,,,
,,,,,,,,,,,,,,,,,
,,,,,,,,,,,,,,,,,
,,,,,,,,,,,,,,,,,
,,,,,,,,,,,,,,,,,
,,,,,,,,,,,,,,,,,
,,,,,,,,,,,,,,,,,
,,,,,,,,,,,,,,,,,
,,,,,,,,,,,,,,,,,
,,,,,,,,,,,,,,,,,
,,,,,,,,,,,,,,,,,
,,,,,,,,,,,,,,,,,
,,,,,,,,,,,,,,,,,
,,,,,,,,,,,,,,,,,
,,,,,,,,,,,,,,,,,
,,,,,,,,,,,,,,,,,
,,,,,,,,,,,,,,,,,
,,,,,,,,,,,,,,,,,
,,,,,,,,,,,,,,,,,
,,,,,,,,,,,,,,,,,
,,,,,,,,,,,,,,,,,
,,,,,,,,,,,,,,,,,
,,,,,,,,,,,,,,,,,
,,,,,,,,,,,,,,,,,
,,,,,,,,,,,,,,,,,
,,,,,,,,,,,,,,,,,
,,,,,,,,,,,,,,,,,
,,,,,,,,,,,,,,,,,
,,,,,,,,,,,,,,,,,
,,,,,,,,,,,,,,,,,
,,,,,,,,,,,,,,,,,
,,,,,,,,,,,,,,,,,
,,,,,,,,,,,,,,,,,
,,,,,,,,,,,,,,,,,
,,,,,,,,,,,,,,,,,
,,,,,,,,,,,,,,,,,
,,,,,,,,,,,,,,,,,
,,,,,,,,,,,,,,,,,
,,,,,,,,,,,,,,,,,
,,,,,,,,,,,,,,,,,
,,,,,,,,,,,,,,,,,
,,,,,,,,,,,,,,,,,
,,,,,,,,,,,,,,,,,
,,,,,,,,,,,,,,,,,
,,,,,,,,,,,,,,,,,
,,,,,,,,,,,,,,,,,
,,,,,,,,,,,,,,,,,
,,,,,,,,,,,,,,,,,
,,,,,,,,,,,,,,,,,
,,,,,,,,,,,,,,,,,
,,,,,,,,,,,,,,,,,
,,,,,,,,,,,,,,,,,
,,,,,,,,,,,,,,,,,
,,,,,,,,,,,,,,,,,
,,,,,,,,,,,,,,,,,
,,,,,,,,,,,,,,,,,
,,,,,,,,,,,,,,,,,
,,,,,,,,,,,,,,,,,
,,,,,,,,,,,,,,,,,
,,,,,,,,,,,,,,,,,
,,,,,,,,,,,,,,,,,
,,,,,,,,,,,,,,,,,
,,,,,,,,,,,,,,,,,
,,,,,,,,,,,,,,,,,
,,,,,,,,,,,,,,,,,
,,,,,,,,,,,,,,,,,
,,,,,,,,,,,,,,,,,
,,,,,,,,,,,,,,,,,
,,,,,,,,,,,,,,,,,
,,,,,,,,,,,,,,,,,
,,,,,,,,,,,,,,,,,
,,,,,,,,,,,,,,,,,
,,,,,,,,,,,,,,,,,
,,,,,,,,,,,,,,,,,
,,,,,,,,,,,,,,,,,
,,,,,,,,,,,,,,,,,
,,,,,,,,,,,,,,,,,
,,,,,,,,,,,,,,,,,
,,,,,,,,,,,,,,,,,
,,,,,,,,,,,,,,,,,
,,,,,,,,,,,,,,,,,
,,,,,,,,,,,,,,,,,
,,,,,,,,,,,,,,,,,
,,,,,,,,,,,,,,,,,
,,,,,,,,,,,,,,,,,
,,,,,,,,,,,,,,,,,
,,,,,,,,,,,,,,,,,
,,,,,,,,,,,,,,,,,
,,,,,,,,,,,,,,,,,
,,,,,,,,,,,,,,,,,
,,,,,,,,,,,,,,,,,
,,,,,,,,,,,,,,,,,
,,,,,,,,,,,,,,,,,
,,,,,,,,,,,,,,,,,
,,,,,,,,,,,,,,,,,
,,,,,,,,,,,,,,,,,
,,,,,,,,,,,,,,,,,
,,,,,,,,,,,,,,,,,
,,,,,,,,,,,,,,,,,
,,,,,,,,,,,,,,,,,
,,,,,,,,,,,,,,,,,
,,,,,,,,,,,,,,,,,
,,,,,,,,,,,,,,,,,
,,,,,,,,,,,,,,,,,
,,,,,,,,,,,,,,,,,
,,,,,,,,,,,,,,,,,
,,,,,,,,,,,,,,,,,
,,,,,,,,,,,,,,,,,
,,,,,,,,,,,,,,,,,
,,,,,,,,,,,,,,,,,
,,,,,,,,,,,,,,,,,
,,,,,,,,,,,,,,,,,
,,,,,,,,,,,,,,,,,
,,,,,,,,,,,,,,,,,
,,,,,,,,,,,,,,,,,
,,,,,,,,,,,,,,,,,
,,,,,,,,,,,,,,,,,
,,,,,,,,,,,,,,,,,
,,,,,,,,,,,,,,,,,
,,,,,,,,,,,,,,,,,
,,,,,,,,,,,,,,,,,
,,,,,,,,,,,,,,,,,
,,,,,,,,,,,,,,,,,
,,,,,,,,,,,,,,,,,
,,,,,,,,,,,,,,,,,
,,,,,,,,,,,,,,,,,
,,,,,,,,,,,,,,,,,
,,,,,,,,,,,,,,,,,
,,,,,,,,,,,,,,,,,
,,,,,,,,,,,,,,,,,
,,,,,,,,,,,,,,,,,
,,,,,,,,,,,,,,,,,
,,,,,,,,,,,,,,,,,
,,,,,,,,,,,,,,,,,
,,,,,,,,,,,,,,,,,
,,,,,,,,,,,,,,,,,
,,,,,,,,,,,,,,,,,
,,,,,,,,,,,,,,,,,
,,,,,,,,,,,,,,,,,
,,,,,,,,,,,,,,,,,
,,,,,,,,,,,,,,,,,
,,,,,,,,,,,,,,,,,
,,,,,,,,,,,,,,,,,
,,,,,,,,,,,,,,,,,
,,,,,,,,,,,,,,,,,
,,,,,,,,,,,,,,,,,
,,,,,,,,,,,,,,,,,
,,,,,,,,,,,,,,,,,
,,,,,,,,,,,,,,,,,
,,,,,,,,,,,,,,,,,
,,,,,,,,,,,,,,,,,
,,,,,,,,,,,,,,,,,
,,,,,,,,,,,,,,,,,
,,,,,,,,,,,,,,,,,
,,,,,,,,,,,,,,,,,
,,,,,,,,,,,,,,,,,
,,,,,,,,,,,,,,,,,
,,,,,,,,,,,,,,,,,
,,,,,,,,,,,,,,,,,
,,,,,,,,,,,,,,,,,
,,,,,,,,,,,,,,,,,
,,,,,,,,,,,,,,,,,
,,,,,,,,,,,,,,,,,
,,,,,,,,,,,,,,,,,
,,,,,,,,,,,,,,,,,
,,,,,,,,,,,,,,,,,
,,,,,,,,,,,,,,,,,
,,,,,,,,,,,,,,,,,
,,,,,,,,,,,,,,,,,
,,,,,,,,,,,,,,,,,
,,,,,,,,,,,,,,,,,
,,,,,,,,,,,,,,,,,
,,,,,,,,,,,,,,,,,
,,,,,,,,,,,,,,,,,
,,,,,,,,,,,,,,,,,
,,,,,,,,,,,,,,,,,
,,,,,,,,,,,,,,,,,
,,,,,,,,,,,,,,,,,
,,,,,,,,,,,,,,,,,
,,,,,,,,,,,,,,,,,
,,,,,,,,,,,,,,,,,
,,,,,,,,,,,,,,,,,
,,,,,,,,,,,,,,,,,
,,,,,,,,,,,,,,,,,
,,,,,,,,,,,,,,,,,
,,,,,,,,,,,,,,,,,
,,,,,,,,,,,,,,,,,
,,,,,,,,,,,,,,,,,
,,,,,,,,,,,,,,,,,
,,,,,,,,,,,,,,,,,
,,,,,,,,,,,,,,,,,
,,,,,,,,,,,,,,,,,
,,,,,,,,,,,,,,,,,
,,,,,,,,,,,,,,,,,
,,,,,,,,,,,,,,,,,
,,,,,,,,,,,,,,,,,
,,,,,,,,,,,,,,,,,
,,,,,,,,,,,,,,,,,
,,,,,,,,,,,,,,,,,
,,,,,,,,,,,,,,,,,
,,,,,,,,,,,,,,,,,
,,,,,,,,,,,,,,,,,
,,,,,,,,,,,,,,,,,
,,,,,,,,,,,,,,,,,
,,,,,,,,,,,,,,,,,
,,,,,,,,,,,,,,,,,
,,,,,,,,,,,,,,,,,
,,,,,,,,,,,,,,,,,
,,,,,,,,,,,,,,,,,
,,,,,,,,,,,,,,,,,
,,,,,,,,,,,,,,,,,
,,,,,,,,,,,,,,,,,
,,,,,,,,,,,,,,,,,
,,,,,,,,,,,,,,,,,
,,,,,,,,,,,,,,,,,
,,,,,,,,,,,,,,,,,
,,,,,,,,,,,,,,,,,
,,,,,,,,,,,,,,,,,
,,,,,,,,,,,,,,,,,
,,,,,,,,,,,,,,,,,
,,,,,,,,,,,,,,,,,
,,,,,,,,,,,,,,,,,
,,,,,,,,,,,,,,,,,
,,,,,,,,,,,,,,,,,
,,,,,,,,,,,,,,,,,
,,,,,,,,,,,,,,,,,
,,,,,,,,,,,,,,,,,
,,,,,,,,,,,,,,,,,
,,,,,,,,,,,,,,,,,
,,,,,,,,,,,,,,,,,
,,,,,,,,,,,,,,,,,
,,,,,,,,,,,,,,,,,
,,,,,,,,,,,,,,,,,
,,,,,,,,,,,,,,,,,
,,,,,,,,,,,,,,,,,
,,,,,,,,,,,,,,,,,
,,,,,,,,,,,,,,,,,
,,,,,,,,,,,,,,,,,
,,,,,,,,,,,,,,,,,
,,,,,,,,,,,,,,,,,
,,,,,,,,,,,,,,,,,
,,,,,,,,,,,,,,,,,
,,,,,,,,,,,,,,,,,
,,,,,,,,,,,,,,,,,
,,,,,,,,,,,,,,,,,
,,,,,,,,,,,,,,,,,
,,,,,,,,,,,,,,,,,
,,,,,,,,,,,,,,,,,
,,,,,,,,,,,,,,,,,
,,,,,,,,,,,,,,,,,
,,,,,,,,,,,,,,,,,
,,,,,,,,,,,,,,,,,
,,,,,,,,,,,,,,,,,
,,,,,,,,,,,,,,,,,
,,,,,,,,,,,,,,,,,
,,,,,,,,,,,,,,,,,
,,,,,,,,,,,,,,,,,
,,,,,,,,,,,,,,,,,
,,,,,,,,,,,,,,,,,
,,,,,,,,,,,,,,,,,
,,,,,,,,,,,,,,,,,
,,,,,,,,,,,,,,,,,
,,,,,,,,,,,,,,,,,
,,,,,,,,,,,,,,,,,
,,,,,,,,,,,,,,,,,
,,,,,,,,,,,,,,,,,
,,,,,,,,,,,,,,,,,
,,,,,,,,,,,,,,,,,
,,,,,,,,,,,,,,,,,
,,,,,,,,,,,,,,,,,
,,,,,,,,,,,,,,,,,
,,,,,,,,,,,,,,,,,
,,,,,,,,,,,,,,,,,
,,,,,,,,,,,,,,,,,
,,,,,,,,,,,,,,,,,
,,,,,,,,,,,,,,,,,
,,,,,,,,,,,,,,,,,
,,,,,,,,,,,,,,,,,
,,,,,,,,,,,,,,,,,
,,,,,,,,,,,,,,,,,
,,,,,,,,,,,,,,,,,
,,,,,,,,,,,,,,,,,
,,,,,,,,,,,,,,,,,
,,,,,,,,,,,,,,,,,
,,,,,,,,,,,,,,,,,
,,,,,,,,,,,,,,,,,
,,,,,,,,,,,,,,,,,
,,,,,,,,,,,,,,,,,
,,,,,,,,,,,,,,,,,
,,,,,,,,,,,,,,,,,
,,,,,,,,,,,,,,,,,
,,,,,,,,,,,,,,,,,
,,,,,,,,,,,,,,,,,
,,,,,,,,,,,,,,,,,
,,,,,,,,,,,,,,,,,
,,,,,,,,,,,,,,,,,
,,,,,,,,,,,,,,,,,
,,,,,,,,,,,,,,,,,
,,,,,,,,,,,,,,,,,
,,,,,,,,,,,,,,,,,
,,,,,,,,,,,,,,,,,
,,,,,,,,,,,,,,,,,
,,,,,,,,,,,,,,,,,
,,,,,,,,,,,,,,,,,
,,,,,,,,,,,,,,,,,
,,,,,,,,,,,,,,,,,
,,,,,,,,,,,,,,,,,
,,,,,,,,,,,,,,,,,
,,,,,,,,,,,,,,,,,
,,,,,,,,,,,,,,,,,
,,,,,,,,,,,,,,,,,
,,,,,,,,,,,,,,,,,
,,,,,,,,,,,,,,,,,
,,,,,,,,,,,,,,,,,
,,,,,,,,,,,,,,,,,
,,,,,,,,,,,,,,,,,
,,,,,,,,,,,,,,,,,
,,,,,,,,,,,,,,,,,
,,,,,,,,,,,,,,,,,
,,,,,,,,,,,,,,,,,
,,,,,,,,,,,,,,,,,
,,,,,,,,,,,,,,,,,
,,,,,,,,,,,,,,,,,
,,,,,,,,,,,,,,,,,
,,,,,,,,,,,,,,,,,
,,,,,,,,,,,,,,,,,
,,,,,,,,,,,,,,,,,
,,,,,,,,,,,,,,,,,
,,,,,,,,,,,,,,,,,
,,,,,,,,,,,,,,,,,
,,,,,,,,,,,,,,,,,
,,,,,,,,,,,,,,,,,
,,,,,,,,,,,,,,,,,
,,,,,,,,,,,,,,,,,
,,,,,,,,,,,,,,,,,
,,,,,,,,,,,,,,,,,
,,,,,,,,,,,,,,,,,
,,,,,,,,,,,,,,,,,
,,,,,,,,,,,,,,,,,
,,,,,,,,,,,,,,,,,
,,,,,,,,,,,,,,,,,
,,,,,,,,,,,,,,,,,
,,,,,,,,,,,,,,,,,
,,,,,,,,,,,,,,,,,
,,,,,,,,,,,,,,,,,
,,,,,,,,,,,,,,,,,
,,,,,,,,,,,,,,,,,
,,,,,,,,,,,,,,,,,
,,,,,,,,,,,,,,,,,
,,,,,,,,,,,,,,,,,
,,,,,,,,,,,,,,,,,
,,,,,,,,,,,,,,,,,
,,,,,,,,,,,,,,,,,
,,,,,,,,,,,,,,,,,
,,,,,,,,,,,,,,,,,
,,,,,,,,,,,,,,,,,
,,,,,,,,,,,,,,,,,
,,,,,,,,,,,,,,,,,
,,,,,,,,,,,,,,,,,
,,,,,,,,,,,,,,,,,
,,,,,,,,,,,,,,,,,
,,,,,,,,,,,,,,,,,
,,,,,,,,,,,,,,,,,
,,,,,,,,,,,,,,,,,
,,,,,,,,,,,,,,,,,
,,,,,,,,,,,,,,,,,
,,,,,,,,,,,,,,,,,
,,,,,,,,,,,,,,,,,
,,,,,,,,,,,,,,,,,
,,,,,,,,,,,,,,,,,
,,,,,,,,,,,,,,,,,
,,,,,,,,,,,,,,,,,
,,,,,,,,,,,,,,,,,
,,,,,,,,,,,,,,,,,
,,,,,,,,,,,,,,,,,
,,,,,,,,,,,,,,,,,
,,,,,,,,,,,,,,,,,
,,,,,,,,,,,,,,,,,
,,,,,,,,,,,,,,,,,
,,,,,,,,,,,,,,,,,
,,,,,,,,,,,,,,,,,
,,,,,,,,,,,,,,,,,
,,,,,,,,,,,,,,,,,
,,,,,,,,,,,,,,,,,
,,,,,,,,,,,,,,,,,
,,,,,,,,,,,,,,,,,
,,,,,,,,,,,,,,,,,
,,,,,,,,,,,,,,,,,
,,,,,,,,,,,,,,,,,
,,,,,,,,,,,,,,,,,
,,,,,,,,,,,,,,,,,
,,,,,,,,,,,,,,,,,
,,,,,,,,,,,,,,,,,
,,,,,,,,,,,,,,,,,
,,,,,,,,,,,,,,,,,
,,,,,,,,,,,,,,,,,
,,,,,,,,,,,,,,,,,
,,,,,,,,,,,,,,,,,
,,,,,,,,,,,,,,,,,
,,,,,,,,,,,,,,,,,
,,,,,,,,,,,,,,,,,
,,,,,,,,,,,,,,,,,
,,,,,,,,,,,,,,,,,
,,,,,,,,,,,,,,,,,
,,,,,,,,,,,,,,,,,
,,,,,,,,,,,,,,,,,
,,,,,,,,,,,,,,,,,
,,,,,,,,,,,,,,,,,
,,,,,,,,,,,,,,,,,
,,,,,,,,,,,,,,,,,
,,,,,,,,,,,,,,,,,
,,,,,,,,,,,,,,,,,
,,,,,,,,,,,,,,,,,
,,,,,,,,,,,,,,,,,
,,,,,,,,,,,,,,,,,
,,,,,,,,,,,,,,,,,
,,,,,,,,,,,,,,,,,
,,,,,,,,,,,,,,,,,
,,,,,,,,,,,,,,,,,
,,,,,,,,,,,,,,,,,
,,,,,,,,,,,,,,,,,
,,,,,,,,,,,,,,,,,
,,,,,,,,,,,,,,,,,
,,,,,,,,,,,,,,,,,
,,,,,,,,,,,,,,,,,
,,,,,,,,,,,,,,,,,
,,,,,,,,,,,,,,,,,
,,,,,,,,,,,,,,,,,
,,,,,,,,,,,,,,,,,
,,,,,,,,,,,,,,,,,
,,,,,,,,,,,,,,,,,
,,,,,,,,,,,,,,,,,
,,,,,,,,,,,,,,,,,
,,,,,,,,,,,,,,,,,
,,,,,,,,,,,,,,,,,
,,,,,,,,,,,,,,,,,
,,,,,,,,,,,,,,,,,
,,,,,,,,,,,,,,,,,
,,,,,,,,,,,,,,,,,
,,,,,,,,,,,,,,,,,
,,,,,,,,,,,,,,,,,
,,,,,,,,,,,,,,,,,
,,,,,,,,,,,,,,,,,
,,,,,,,,,,,,,,,,,
,,,,,,,,,,,,,,,,,
,,,,,,,,,,,,,,,,,
,,,,,,,,,,,,,,,,,
,,,,,,,,,,,,,,,,,
,,,,,,,,,,,,,,,,,
,,,,,,,,,,,,,,,,,
,,,,,,,,,,,,,,,,,
,,,,,,,,,,,,,,,,,
,,,,,,,,,,,,,,,,,
,,,,,,,,,,,,,,,,,
,,,,,,,,,,,,,,,,,
,,,,,,,,,,,,,,,,,
,,,,,,,,,,,,,,,,,
,,,,,,,,,,,,,,,,,
,,,,,,,,,,,,,,,,,
,,,,,,,,,,,,,,,,,
,,,,,,,,,,,,,,,,,
,,,,,,,,,,,,,,,,,
,,,,,,,,,,,,,,,,,
,,,,,,,,,,,,,,,,,
,,,,,,,,,,,,,,,,,
,,,,,,,,,,,,,,,,,
,,,,,,,,,,,,,,,,,
,,,,,,,,,,,,,,,,,
,,,,,,,,,,,,,,,,,
,,,,,,,,,,,,,,,,,
,,,,,,,,,,,,,,,,,
,,,,,,,,,,,,,,,,,
,,,,,,,,,,,,,,,,,
,,,,,,,,,,,,,,,,,
,,,,,,,,,,,,,,,,,
,,,,,,,,,,,,,,,,,
,,,,,,,,,,,,,,,,,
,,,,,,,,,,,,,,,,,
,,,,,,,,,,,,,,,,,
,,,,,,,,,,,,,,,,,
,,,,,,,,,,,,,,,,,
,,,,,,,,,,,,,,,,,
,,,,,,,,,,,,,,,,,
,,,,,,,,,,,,,,,,,
,,,,,,,,,,,,,,,,,
,,,,,,,,,,,,,,,,,
,,,,,,,,,,,,,,,,,
,,,,,,,,,,,,,,,,,
,,,,,,,,,,,,,,,,,
,,,,,,,,,,,,,,,,,
,,,,,,,,,,,,,,,,,
,,,,,,,,,,,,,,,,,
,,,,,,,,,,,,,,,,,
,,,,,,,,,,,,,,,,,
,,,,,,,,,,,,,,,,,
,,,,,,,,,,,,,,,,,
,,,,,,,,,,,,,,,,,
,,,,,,,,,,,,,,,,,
,,,,,,,,,,,,,,,,,
,,,,,,,,,,,,,,,,,
,,,,,,,,,,,,,,,,,
,,,,,,,,,,,,,,,,,
,,,,,,,,,,,,,,,,,
,,,,,,,,,,,,,,,,,
,,,,,,,,,,,,,,,,,
,,,,,,,,,,,,,,,,,
,,,,,,,,,,,,,,,,,
,,,,,,,,,,,,,,,,,
,,,,,,,,,,,,,,,,,
,,,,,,,,,,,,,,,,,
,,,,,,,,,,,,,,,,,
,,,,,,,,,,,,,,,,,
,,,,,,,,,,,,,,,,,
,,,,,,,,,,,,,,,,,
,,,,,,,,,,,,,,,,,
,,,,,,,,,,,,,,,,,
,,,,,,,,,,,,,,,,,
,,,,,,,,,,,,,,,,,
,,,,,,,,,,,,,,,,,
,,,,,,,,,,,,,,,,,
,,,,,,,,,,,,,,,,,
,,,,,,,,,,,,,,,,,
,,,,,,,,,,,,,,,,,
,,,,,,,,,,,,,,,,,
,,,,,,,,,,,,,,,,,
,,,,,,,,,,,,,,,,,
,,,,,,,,,,,,,,,,,
,,,,,,,,,,,,,,,,,
,,,,,,,,,,,,,,,,,
,,,,,,,,,,,,,,,,,
,,,,,,,,,,,,,,,,,
,,,,,,,,,,,,,,,,,
,,,,,,,,,,,,,,,,,
,,,,,,,,,,,,,,,,,
,,,,,,,,,,,,,,,,,
,,,,,,,,,,,,,,,,,
,,,,,,,,,,,,,,,,,
,,,,,,,,,,,,,,,,,
,,,,,,,,,,,,,,,,,
,,,,,,,,,,,,,,,,,
,,,,,,,,,,,,,,,,,
,,,,,,,,,,,,,,,,,
,,,,,,,,,,,,,,,,,
,,,,,,,,,,,,,,,,,
,,,,,,,,,,,,,,,,,
,,,,,,,,,,,,,,,,,
,,,,,,,,,,,,,,,,,
,,,,,,,,,,,,,,,,,
,,,,,,,,,,,,,,,,,
,,,,,,,,,,,,,,,,,
,,,,,,,,,,,,,,,,,
,,,,,,,,,,,,,,,,,
,,,,,,,,,,,,,,,,,
,,,,,,,,,,,,,,,,,
,,,,,,,,,,,,,,,,,
,,,,,,,,,,,,,,,,,
,,,,,,,,,,,,,,,,,
,,,,,,,,,,,,,,,,,
,,,,,,,,,,,,,,,,,
,,,,,,,,,,,,,,,,,
,,,,,,,,,,,,,,,,,
,,,,,,,,,,,,,,,,,
,,,,,,,,,,,,,,,,,
,,,,,,,,,,,,,,,,,
,,,,,,,,,,,,,,,,,
,,,,,,,,,,,,,,,,,
#ERROR!,#ERROR!,#ERROR!,#ERROR!,#ERROR!,,#ERROR!,#ERROR!,#ERROR!,#ERROR!,#ERROR!,#ERROR!,#ERROR!,#ERROR!,#ERROR!,#ERROR!,#ERROR!,#ERROR!
,,,,,,,,,,,,,,,,,
#ERROR!,#ERROR!,#ERROR!,#ERROR!,#ERROR!,,#ERROR!,#ERROR!,#ERROR!,#ERROR!,#ERROR!,#ERROR!,#ERROR!,#ERROR!,#ERROR!,#ERROR!,#ERROR!,#ERROR!
,,,,,,,,,,,,,,,,,
,,,,,,,,,,,,,,,,,
,,,,,,,,,,,,,,,,,
,,,,,,,,,,,,,,,,,
,,,,,,,,,,,,,,,,,
,,,,,,,,,,,,,,,,,
,,,,,,,,,,,,,,,,,
,,,,,,,,,,,,,,,,,
,,,,,,,,,,,,,,,,,
,,,,,,,,,,,,,,,,,
,,,,,,,,,,,,,,,,,
,,,,,,,,,,,,,,,,,
,,,,,,,,,,,,,,,,,
,,,,,,,,,,,,,,,,,
,,,,,,,,,,,,,,,,,
,,,,,,,,,,,,,,,,,
,,,,,,,,,,,,,,,,,
,,,,,,,,,,,,,,,,,
,,,,,,,,,,,,,,,,,
,,,,,,,,,,,,,,,,,
,,,,,,,,,,,,,,,,,
,,,,,,,,,,,,,,,,,
,,,,,,,,,,,,,,,,,
,,,,,,,,,,,,,,,,,
,,,,,,,,,,,,,,,,,
,,,,,,,,,,,,,,,,,
,,,,,,,,,,,,,,,,,
,,,,,,,,,,,,,,,,,
,,,,,,,,,,,,,,,,,
,,,,,,,,,,,,,,,,,
,,,,,,,,,,,,,,,,,
,,,,,,,,,,,,,,,,,
,,,,,,,,,,,,,,,,,
,,,,,,,,,,,,,,,,,
,,,,,,,,,,,,,,,,,
,,,,,,,,,,,,,,,,,
,,,,,,,,,,,,,,,,,
,,,,,,,,,,,,,,,,,
,,,,,,,,,,,,,,,,,
,,,,,,,,,,,,,,,,,
,,,,,,,,,,,,,,,,,
,,,,,,,,,,,,,,,,,
,,,,,,,,,,,,,,,,,
,,,,,,,,,,,,,,,,,
,,,,,,,,,,,,,,,,,
,,,,,,,,,,,,,,,,,
,,,,,,,,,,,,,,,,,
,,,,,,,,,,,,,,,,,
,,,,,,,,,,,,,,,,,
,,,,,,,,,,,,,,,,,
,,,,,,,,,,,,,,,,,
,,,,,,,,,,,,,,,,,
,,,,,,,,,,,,,,,,,
,,,,,,,,,,,,,,,,,
,,,,,,,,,,,,,,,,,
,,,,,,,,,,,,,,,,,
,,,,,,,,,,,,,,,,,
,,,,,,,,,,,,,,,,,
,,,,,,,,,,,,,,,,,
,,,,,,,,,,,,,,,,,
,,,,,,,,,,,,,,,,,
,,,,,,,,,,,,,,,,,
,,,,,,,,,,,,,,,,,
,,,,,,,,,,,,,,,,,
,,,,,,,,,,,,,,,,,
,,,,,,,,,,,,,,,,,
,,,,,,,,,,,,,,,,,
,,,,,,,,,,,,,,,,,
,,,,,,,,,,,,,,,,,
,,,,,,,,,,,,,,,,,
,,,,,,,,,,,,,,,,,
,,,,,,,,,,,,,,,,,
,,,,,,,,,,,,,,,,,
,,,,,,,,,,,,,,,,,
,,,,,,,,,,,,,,,,,
,,,,,,,,,,,,,,,,,
,,,,,,,,,,,,,,,,,
,,,,,,,,,,,,,,,,,
,,,,,,,,,,,,,,,,,
,,,,,,,,,,,,,,,,,
,,,,,,,,,,,,,,,,,
,,,,,,,,,,,,,,,,,
,,,,,,,,,,,,,,,,,
,,,,,,,,,,,,,,,,,
,,,,,,,,,,,,,,,,,
,,,,,,,,,,,,,,,,,
,,,,,,,,,,,,,,,,,
,,,,,,,,,,,,,,,,,
,,,,,,,,,,,,,,,,,
,,,,,,,,,,,,,,,,,
,,,,,,,,,,,,,,,,,
,,,,,,,,,,,,,,,,,
,,,,,,,,,,,,,,,,,
,,,,,,,,,,,,,,,,,
,,,,,,,,,,,,,,,,,
,,,,,,,,,,,,,,,,,
,,,,,,,,,,,,,,,,,
,,,,,,,,,,,,,,,,,
,,,,,,,,,,,,,,,,,
,,,,,,,,,,,,,,,,,
,,,,,,,,,,,,,,,,,
,,,,,,,,,,,,,,,,,
,,,,,,,,,,,,,,,,,
,,,,,,,,,,,,,,,,,
,,,,,,,,,,,,,,,,,
,,,,,,,,,,,,,,,,,
,,,,,,,,,,,,,,,,,
,,,,,,,,,,,,,,,,,
,,,,,,,,,,,,,,,,,
,,,,,,,,,,,,,,,,,
,,,,,,,,,,,,,,,,,
,,,,,,,,,,,,,,,,,
,,,,,,,,,,,,,,,,,
,,,,,,,,,,,,,,,,,
,,,,,,,,,,,,,,,,,
,,,,,,,,,,,,,,,,,
,,,,,,,,,,,,,,,,,
,,,,,,,,,,,,,,,,,
,,,,,,,,,,,,,,,,,
,,,,,,,,,,,,,,,,,
,,,,,,,,,,,,,,,,,
,,,,,,,,,,,,,,,,,
,,,,,,,,,,,,,,,,,
,,,,,,,,,,,,,,,,,
,,,,,,,,,,,,,,,,,
,,,,,,,,,,,,,,,,,
,,,,,,,,,,,,,,,,,
,,,,,,,,,,,,,,,,,
,,,,,,,,,,,,,,,,,
,,,,,,,,,,,,,,,,,
,,,,,,,,,,,,,,,,,
,,,,,,,,,,,,,,,,,
,,,,,,,,,,,,,,,,,
,,,,,,,,,,,,,,,,,
,,,,,,,,,,,,,,,,,
,,,,,,,,,,,,,,,,,
,,,,,,,,,,,,,,,,,
,,,,,,,,,,,,,,,,,
,,,,,,,,,,,,,,,,,
,,,,,,,,,,,,,,,,,
,,,,,,,,,,,,,,,,,
,,,,,,,,,,,,,,,,,
,,,,,,,,,,,,,,,,,
,,,,,,,,,,,,,,,,,
,,,,,,,,,,,,,,,,,
,,,,,,,,,,,,,,,,,
,,,,,,,,,,,,,,,,,
,,,,,,,,,,,,,,,,,
,,,,,,,,,,,,,,,,,
,,,,,,,,,,,,,,,,,
,,,,,,,,,,,,,,,,,
,,,,,,,,,,,,,,,,,
,,,,,,,,,,,,,,,,,
,,,,,,,,,,,,,,,,,
,,,,,,,,,,,,,,,,,
,,,,,,,,,,,,,,,,,
,,,,,,,,,,,,,,,,,
,,,,,,,,,,,,,,,,,
,,,,,,,,,,,,,,,,,
,,,,,,,,,,,,,,,,,
,,,,,,,,,,,,,,,,,
,,,,,,,,,,,,,,,,,
,,,,,,,,,,,,,,,,,
,,,,,,,,,,,,,,,,,
,,,,,,,,,,,,,,,,,
,,,,,,,,,,,,,,,,,
,,,,,,,,,,,,,,,,,
,,,,,,,,,,,,,,,,,
,,,,,,,,,,,,,,,,,
,,,,,,,,,,,,,,,,,
,,,,,,,,,,,,,,,,,
,,,,,,,,,,,,,,,,,
,,,,,,,,,,,,,,,,,
,,,,,,,,,,,,,,,,,
,,,,,,,,,,,,,,,,,
,,,,,,,,,,,,,,,,,
,,,,,,,,,,,,,,,,,
,,,,,,,,,,,,,,,,,
,,,,,,,,,,,,,,,,,
,,,,,,,,,,,,,,,,,
,,,,,,,,,,,,,,,,,
,,,,,,,,,,,,,,,,,
,,,,,,,,,,,,,,,,,
,,,,,,,,,,,,,,,,,
,,,,,,,,,,,,,,,,,
,,,,,,,,,,,,,,,,,
,,,,,,,,,,,,,,,,,
,,,,,,,,,,,,,,,,,
,,,,,,,,,,,,,,,,,
,,,,,,,,,,,,,,,,,
,,,,,,,,,,,,,,,,,
,,,,,,,,,,,,,,,,,
,,,,,,,,,,,,,,,,,
,,,,,,,,,,,,,,,,,
,,,,,,,,,,,,,,,,,
,,,,,,,,,,,,,,,,,
,,,,,,,,,,,,,,,,,
,,,,,,,,,,,,,,,,,
,,,,,,,,,,,,,,,,,
,,,,,,,,,,,,,,,,,
,,,,,,,,,,,,,,,,,
,,,,,,,,,,,,,,,,,
,,,,,,,,,,,,,,,,,
,,,,,,,,,,,,,,,,,
,,,,,,,,,,,,,,,,,
,,,,,,,,,,,,,,,,,
,,,,,,,,,,,,,,,,,
,,,,,,,,,,,,,,,,,
,,,,,,,,,,,,,,,,,
,,,,,,,,,,,,,,,,,
,,,,,,,,,,,,,,,,,
,,,,,,,,,,,,,,,,,
,,,,,,,,,,,,,,,,,
,,,,,,,,,,,,,,,,,
,,,,,,,,,,,,,,,,,
,,,,,,,,,,,,,,,,,
,,,,,,,,,,,,,,,,,
,,,,,,,,,,,,,,,,,
,,,,,,,,,,,,,,,,,
#ERROR!,#ERROR!,#ERROR!,#ERROR!,#ERROR!,,#ERROR!,#ERROR!,#ERROR!,#ERROR!,#ERROR!,#ERROR!,#ERROR!,#ERROR!,#ERROR!,#ERROR!,#ERROR!,#ERROR!